<COLLADA xmlns="http://www.collada.org/2005/11/COLLADASchema" version="1.4.1">
  <asset>
    <created>2026-04-22T16:05:13.242312</created>
    <modified>2026-04-22T16:05:13.242315</modified>
    <up_axis>Y_UP</up_axis>
  </asset>
  <library_effects>
    <effect id="13fb61256b6e4618bade888d97b5f3d9" name="13fb61256b6e4618bade888d97b5f3d9">
      <profile_COMMON>
        <technique sid="common">
          <phong>
            <emission>
              <color>0.0 0.0 0.0 1.0</color>
            </emission>
            <ambient>
              <color>0.0 0.0 0.0 1.0</color>
            </ambient>
            <diffuse>
              <color>0.0 0.0 0.0 1.0</color>
            </diffuse>
            <specular>
              <color>0.0 0.0 0.0 1.0</color>
            </specular>
            <shininess>
              <float>0.0</float>
            </shininess>
            <reflective>
              <color>0.0 0.0 0.0 1.0</color>
            </reflective>
            <reflectivity>
              <float>0.0</float>
            </reflectivity>
            <transparent>
              <color>0.0 0.0 0.0 1.0</color>
            </transparent>
            <transparency>
              <float>1.0</float>
            </transparency>
          </phong>
        </technique>
        <extra>
          <technique profile="GOOGLEEARTH">
            <double_sided>0</double_sided>
          </technique>
        </extra>
      </profile_COMMON>
    </effect>
  </library_effects>
  <library_geometries>
    <geometry id="3ece3d21d11c4087b05d3bd5abf6e2fd" name="e0d8837322964a4e9d9f03051a419546">
      <mesh>
        <source id="verts-array">
          <float_array count="16524" id="verts-array-array">6.832828 -1.416381 0.3277882 7.358559 -1.416381 0.3277882 6.832828 -2.267032 0.3277882 7.358559 -2.267032 0.3277882 7.095693 -2.104572 0.7531136 7.095693 -1.578841 0.7531136 7.095693 -2.104572 -0.09753721 7.095693 -1.578841 -0.09753721 7.521019 -1.841706 0.06492264 7.521019 -1.841706 0.5906537 6.670368 -1.841706 0.06492264 6.670368 -1.841706 0.5906537 7.095693 -1.341706 0.3277882 7.095693 -2.341706 0.3277882 6.941185 -2.246215 0.5777882 7.250202 -2.246215 0.5777882 6.941185 -1.437198 0.5777882 7.250202 -1.437198 0.5777882 7.095693 -1.841706 0.8277882 6.941185 -2.246215 0.07778819 7.250202 -2.246215 0.07778819 6.941185 -1.437198 0.07778819 7.250202 -1.437198 0.07778819 7.095693 -1.841706 -0.1722118 7.500202 -1.591706 0.1732797 7.500202 -2.091706 0.1732797 7.345693 -1.996215 -0.07672031 7.345693 -1.687198 -0.07672031 7.500202 -1.591706 0.4822967 7.500202 -2.091706 0.4822967 7.345693 -1.996215 0.7322967 7.345693 -1.687198 0.7322967 7.595693 -1.841706 0.3277882 6.691185 -1.591706 0.1732797 6.691185 -2.091706 0.1732797 6.845693 -1.996215 -0.07672031 6.845693 -1.687198 -0.07672031 6.691185 -1.591706 0.4822967 6.691185 -2.091706 0.4822967 6.845693 -1.996215 0.7322967 6.845693 -1.687198 0.7322967 6.595693 -1.841706 0.3277882 6.95906 -1.360737 0.3277882 7.232327 -1.360737 0.3277882 6.95906 -2.322675 0.3277882 7.232327 -2.322675 0.3277882 6.878749 -2.273041 0.4577341 7.015382 -2.188597 0.6788114 7.014464 -2.317235 0.459221 7.312638 -2.273041 0.4577341 7.176005 -2.188597 0.6788114 7.176923 -2.317235 0.459221 7.095693 -2.267032 0.5906537 6.878749 -1.410372 0.4577341 7.015382 -1.494816 0.6788114 7.014464 -1.366178 0.459221 7.312638 -1.410372 0.4577341 7.176005 -1.494816 0.6788114 7.176923 -1.366178 0.459221 7.095693 -1.416381 0.5906537 7.095693 -1.97834 0.8087574 7.095693 -1.705073 0.8087574 6.878749 -2.273041 0.1978422 7.015382 -2.188597 -0.02323503 7.014464 -2.317235 0.1963554 7.312638 -2.273041 0.1978422 7.176005 -2.188597 -0.02323503 7.176923 -2.317235 0.1963554 7.095693 -2.267032 0.06492264 6.878749 -1.410372 0.1978422 7.015382 -1.494816 -0.02323503 7.014464 -1.366178 0.1963554 7.312638 -1.410372 0.1978422 7.176005 -1.494816 -0.02323503 7.176923 -1.366178 0.1963554 7.095693 -1.416381 0.06492264 7.095693 -1.97834 -0.153181 7.095693 -1.705073 -0.153181 7.442584 -1.490683 0.2474772 7.527028 -1.71176 0.1108439 7.389586 -1.497611 0.1151255 7.442584 -2.19273 0.2474772 7.527028 -1.971652 0.1108439 7.389586 -2.185802 0.1151255 7.225639 -2.058651 -0.103546 7.446717 -1.922017 -0.01910205 7.308356 -2.135599 -0.01630729 7.227126 -1.922936 -0.1477401 7.439789 -2.054369 0.03389557 7.225639 -1.624762 -0.103546 7.446717 -1.761395 -0.01910205 7.308356 -1.547814 -0.01630729 7.227126 -1.760476 -0.1477401 7.439789 -1.629044 0.03389557 7.358559 -1.841706 -0.09753721 7.442584 -1.490683 0.4080992 7.527028 -1.71176 0.5447325 7.389586 -1.497611 0.5404509 7.521019 -1.578841 0.3277882 7.442584 -2.19273 0.4080992 7.527028 -1.971652 0.5447325 7.389586 -2.185802 0.5404509 7.521019 -2.104572 0.3277882 7.225639 -2.058651 0.7591224 7.446717 -1.922017 0.6746784 7.308356 -2.135599 0.6718837 7.227126 -1.922936 0.8033164 7.439789 -2.054369 0.6216808 7.225639 -1.624762 0.7591224 7.446717 -1.761395 0.6746784 7.308356 -1.547814 0.6718837 7.227126 -1.760476 0.8033164 7.439789 -1.629044 0.6216808 7.358559 -1.841706 0.7531136 7.576663 -1.841706 0.1911549 7.576663 -1.841706 0.4644215 7.571222 -1.710274 0.2465583 7.571222 -1.973139 0.2465583 7.571222 -1.710274 0.4090181 7.571222 -1.973139 0.4090181 6.748803 -1.490683 0.2474772 6.664359 -1.71176 0.1108439 6.801801 -1.497611 0.1151255 6.748803 -2.19273 0.2474772 6.664359 -1.971652 0.1108439 6.801801 -2.185802 0.1151255 6.965748 -2.058651 -0.103546 6.74467 -1.922017 -0.01910205 6.883031 -2.135599 -0.01630729 6.964261 -1.922936 -0.1477401 6.751598 -2.054369 0.03389557 6.965748 -1.624762 -0.103546 6.74467 -1.761395 -0.01910205 6.883031 -1.547814 -0.01630729 6.964261 -1.760476 -0.1477401 6.751598 -1.629044 0.03389557 6.832828 -1.841706 -0.09753721 6.748803 -1.490683 0.4080992 6.664359 -1.71176 0.5447325 6.801801 -1.497611 0.5404509 6.670368 -1.578841 0.3277882 6.748803 -2.19273 0.4080992 6.664359 -1.971652 0.5447325 6.801801 -2.185802 0.5404509 6.670368 -2.104572 0.3277882 6.965748 -2.058651 0.7591224 6.74467 -1.922017 0.6746784 6.883031 -2.135599 0.6718837 6.964261 -1.922936 0.8033164 6.751598 -2.054369 0.6216808 6.965748 -1.624762 0.7591224 6.74467 -1.761395 0.6746784 6.883031 -1.547814 0.6718837 6.964261 -1.760476 0.8033164 6.751598 -1.629044 0.6216808 6.832828 -1.841706 0.7531136 6.614724 -1.841706 0.1911549 6.614724 -1.841706 0.4644215 6.620165 -1.710274 0.2465583 6.620165 -1.973139 0.2465583 6.620165 -1.710274 0.4090181 6.620165 -1.973139 0.4090181 2.572848 -3.531873 1.345474 3.098579 -3.531873 1.345474 2.572848 -4.382524 1.345474 3.098579 -4.382524 1.345474 2.835714 -4.220064 1.770799 2.835714 -3.694333 1.770799 2.835714 -4.220064 0.9201485 2.835714 -3.694333 0.9201485 3.261039 -3.957198 1.082608 3.261039 -3.957198 1.608339 2.410388 -3.957198 1.082608 2.410388 -3.957198 1.608339 2.835714 -3.457198 1.345474 2.835714 -4.457198 1.345474 2.681205 -4.361707 1.595474 2.990222 -4.361707 1.595474 2.681205 -3.55269 1.595474 2.990222 -3.55269 1.595474 2.835714 -3.957198 1.845474 2.681205 -4.361707 1.095474 2.990222 -4.361707 1.095474 2.681205 -3.55269 1.095474 2.990222 -3.55269 1.095474 2.835714 -3.957198 0.8454739 3.240222 -3.707198 1.190965 3.240222 -4.207198 1.190965 3.085714 -4.111707 0.9409654 3.085714 -3.80269 0.9409654 3.240222 -3.707198 1.499982 3.240222 -4.207198 1.499982 3.085714 -4.111707 1.749982 3.085714 -3.80269 1.749982 3.335714 -3.957198 1.345474 2.431205 -3.707198 1.190965 2.431205 -4.207198 1.190965 2.585714 -4.111707 0.9409654 2.585714 -3.80269 0.9409654 2.431205 -3.707198 1.499982 2.431205 -4.207198 1.499982 2.585714 -4.111707 1.749982 2.585714 -3.80269 1.749982 2.335714 -3.957198 1.345474 2.699081 -3.476229 1.345474 2.972347 -3.476229 1.345474 2.699081 -4.438168 1.345474 2.972347 -4.438168 1.345474 2.61877 -4.388533 1.47542 2.755403 -4.304089 1.696497 2.754484 -4.432727 1.476907 3.052658 -4.388533 1.47542 2.916025 -4.304089 1.696497 2.916944 -4.432727 1.476907 2.835714 -4.382524 1.608339 2.61877 -3.525864 1.47542 2.755403 -3.610308 1.696497 2.754484 -3.48167 1.476907 3.052658 -3.525864 1.47542 2.916025 -3.610308 1.696497 2.916944 -3.48167 1.476907 2.835714 -3.531873 1.608339 2.835714 -4.093832 1.826443 2.835714 -3.820565 1.826443 2.61877 -4.388533 1.215528 2.755403 -4.304089 0.9944507 2.754484 -4.432727 1.214041 3.052658 -4.388533 1.215528 2.916025 -4.304089 0.9944507 2.916944 -4.432727 1.214041 2.835714 -4.382524 1.082608 2.61877 -3.525864 1.215528 2.755403 -3.610308 0.9944507 2.754484 -3.48167 1.214041 3.052658 -3.525864 1.215528 2.916025 -3.610308 0.9944507 2.916944 -3.48167 1.214041 2.835714 -3.531873 1.082608 2.835714 -4.093832 0.8645047 2.835714 -3.820565 0.8645047 3.182604 -3.606175 1.265163 3.267048 -3.827252 1.12853 3.129606 -3.613103 1.132811 3.182604 -4.308222 1.265163 3.267048 -4.087144 1.12853 3.129606 -4.301294 1.132811 2.96566 -4.174143 0.9141397 3.186737 -4.037509 0.9985837 3.048377 -4.251091 1.001378 2.967147 -4.038428 0.8699456 3.179809 -4.169861 1.051581 2.96566 -3.740254 0.9141397 3.186737 -3.876887 0.9985837 3.048377 -3.663306 1.001378 2.967147 -3.875968 0.8699456 3.179809 -3.744536 1.051581 3.098579 -3.957198 0.9201485 3.182604 -3.606175 1.425785 3.267048 -3.827252 1.562418 3.129606 -3.613103 1.558137 3.261039 -3.694333 1.345474 3.182604 -4.308222 1.425785 3.267048 -4.087144 1.562418 3.129606 -4.301294 1.558137 3.261039 -4.220064 1.345474 2.96566 -4.174143 1.776808 3.186737 -4.037509 1.692364 3.048377 -4.251091 1.689569 2.967147 -4.038428 1.821002 3.179809 -4.169861 1.639367 2.96566 -3.740254 1.776808 3.186737 -3.876887 1.692364 3.048377 -3.663306 1.689569 2.967147 -3.875968 1.821002 3.179809 -3.744536 1.639367 3.098579 -3.957198 1.770799 3.316683 -3.957198 1.208841 3.316683 -3.957198 1.482107 3.311242 -3.825766 1.264244 3.311242 -4.088631 1.264244 3.311242 -3.825766 1.426704 3.311242 -4.088631 1.426704 2.488824 -3.606175 1.265163 2.40438 -3.827252 1.12853 2.541821 -3.613103 1.132811 2.488824 -4.308222 1.265163 2.40438 -4.087144 1.12853 2.541821 -4.301294 1.132811 2.705768 -4.174143 0.9141397 2.484691 -4.037509 0.9985837 2.623051 -4.251091 1.001378 2.704281 -4.038428 0.8699456 2.491618 -4.169861 1.051581 2.705768 -3.740254 0.9141397 2.484691 -3.876887 0.9985837 2.623051 -3.663306 1.001378 2.704281 -3.875968 0.8699456 2.491618 -3.744536 1.051581 2.572848 -3.957198 0.9201485 2.488824 -3.606175 1.425785 2.40438 -3.827252 1.562418 2.541821 -3.613103 1.558137 2.410388 -3.694333 1.345474 2.488824 -4.308222 1.425785 2.40438 -4.087144 1.562418 2.541821 -4.301294 1.558137 2.410388 -4.220064 1.345474 2.705768 -4.174143 1.776808 2.484691 -4.037509 1.692364 2.623051 -4.251091 1.689569 2.704281 -4.038428 1.821002 2.491618 -4.169861 1.639367 2.705768 -3.740254 1.776808 2.484691 -3.876887 1.692364 2.623051 -3.663306 1.689569 2.704281 -3.875968 1.821002 2.491618 -3.744536 1.639367 2.572848 -3.957198 1.770799 2.354745 -3.957198 1.208841 2.354745 -3.957198 1.482107 2.360186 -3.825766 1.264244 2.360186 -4.088631 1.264244 2.360186 -3.825766 1.426704 2.360186 -4.088631 1.426704 5.851494 3.141446 6.455629 6.377225 3.141446 6.455629 5.851494 2.290795 6.455629 6.377225 2.290795 6.455629 6.114359 2.453255 6.880954 6.114359 2.978986 6.880954 6.114359 2.453255 6.030303 6.114359 2.978986 6.030303 6.539684 2.716121 6.192763 6.539684 2.716121 6.718494 5.689034 2.716121 6.192763 5.689034 2.716121 6.718494 6.114359 3.216121 6.455629 6.114359 2.216121 6.455629 5.959851 2.311612 6.705629 6.268868 2.311612 6.705629 5.959851 3.120629 6.705629 6.268868 3.120629 6.705629 6.114359 2.716121 6.955629 5.959851 2.311612 6.205629 6.268868 2.311612 6.205629 5.959851 3.120629 6.205629 6.268868 3.120629 6.205629 6.114359 2.716121 5.955629 6.518868 2.966121 6.30112 6.518868 2.466121 6.30112 6.364359 2.561612 6.05112 6.364359 2.870629 6.05112 6.518868 2.966121 6.610137 6.518868 2.466121 6.610137 6.364359 2.561612 6.860137 6.364359 2.870629 6.860137 6.614359 2.716121 6.455629 5.709851 2.966121 6.30112 5.709851 2.466121 6.30112 5.864359 2.561612 6.05112 5.864359 2.870629 6.05112 5.709851 2.966121 6.610137 5.709851 2.466121 6.610137 5.864359 2.561612 6.860137 5.864359 2.870629 6.860137 5.614359 2.716121 6.455629 5.977726 3.19709 6.455629 6.250992 3.19709 6.455629 5.977726 2.235152 6.455629 6.250992 2.235152 6.455629 5.897415 2.284786 6.585575 6.034048 2.36923 6.806652 6.033129 2.240592 6.587062 6.331303 2.284786 6.585575 6.19467 2.36923 6.806652 6.195589 2.240592 6.587062 6.114359 2.290795 6.718494 5.897415 3.147455 6.585575 6.034048 3.063011 6.806652 6.033129 3.191649 6.587062 6.331303 3.147455 6.585575 6.19467 3.063011 6.806652 6.195589 3.191649 6.587062 6.114359 3.141446 6.718494 6.114359 2.579487 6.936598 6.114359 2.852754 6.936598 5.897415 2.284786 6.325683 6.034048 2.36923 6.104606 6.033129 2.240592 6.324196 6.331303 2.284786 6.325683 6.19467 2.36923 6.104606 6.195589 2.240592 6.324196 6.114359 2.290795 6.192763 5.897415 3.147455 6.325683 6.034048 3.063011 6.104606 6.033129 3.191649 6.324196 6.331303 3.147455 6.325683 6.19467 3.063011 6.104606 6.195589 3.191649 6.324196 6.114359 3.141446 6.192763 6.114359 2.579487 5.97466 6.114359 2.852754 5.97466 6.461249 3.067144 6.375318 6.545693 2.846067 6.238684 6.408252 3.060216 6.242966 6.461249 2.365097 6.375318 6.545693 2.586175 6.238684 6.408252 2.372025 6.242966 6.244305 2.499176 6.024295 6.465382 2.63581 6.108739 6.327022 2.422228 6.111533 6.245792 2.634891 5.980101 6.458455 2.503458 6.161736 6.244305 2.933065 6.024295 6.465382 2.796432 6.108739 6.327022 3.010013 6.111533 6.245792 2.797351 5.980101 6.458455 2.928783 6.161736 6.377225 2.716121 6.030303 6.461249 3.067144 6.53594 6.545693 2.846067 6.672573 6.408252 3.060216 6.668291 6.539684 2.978986 6.455629 6.461249 2.365097 6.53594 6.545693 2.586175 6.672573 6.408252 2.372025 6.668291 6.539684 2.453255 6.455629 6.244305 2.499176 6.886963 6.465382 2.63581 6.802519 6.327022 2.422228 6.799724 6.245792 2.634891 6.931157 6.458455 2.503458 6.749521 6.244305 2.933065 6.886963 6.465382 2.796432 6.802519 6.327022 3.010013 6.799724 6.245792 2.797351 6.931157 6.458455 2.928783 6.749521 6.377225 2.716121 6.880954 6.595328 2.716121 6.318995 6.595328 2.716121 6.592262 6.589887 2.847553 6.374399 6.589887 2.584688 6.374399 6.589887 2.847553 6.536859 6.589887 2.584688 6.536859 5.767469 3.067144 6.375318 5.683025 2.846067 6.238684 5.820466 3.060216 6.242966 5.767469 2.365097 6.375318 5.683025 2.586175 6.238684 5.820466 2.372025 6.242966 5.984413 2.499176 6.024295 5.763336 2.63581 6.108739 5.901696 2.422228 6.111533 5.982926 2.634891 5.980101 5.770264 2.503458 6.161736 5.984413 2.933065 6.024295 5.763336 2.796432 6.108739 5.901696 3.010013 6.111533 5.982926 2.797351 5.980101 5.770264 2.928783 6.161736 5.851494 2.716121 6.030303 5.767469 3.067144 6.53594 5.683025 2.846067 6.672573 5.820466 3.060216 6.668291 5.689034 2.978986 6.455629 5.767469 2.365097 6.53594 5.683025 2.586175 6.672573 5.820466 2.372025 6.668291 5.689034 2.453255 6.455629 5.984413 2.499176 6.886963 5.763336 2.63581 6.802519 5.901696 2.422228 6.799724 5.982926 2.634891 6.931157 5.770264 2.503458 6.749521 5.984413 2.933065 6.886963 5.763336 2.796432 6.802519 5.901696 3.010013 6.799724 5.982926 2.797351 6.931157 5.770264 2.928783 6.749521 5.851494 2.716121 6.880954 5.63339 2.716121 6.318995 5.63339 2.716121 6.592262 5.638831 2.847553 6.374399 5.638831 2.584688 6.374399 5.638831 2.847553 6.536859 5.638831 2.584688 6.536859 3.603966 -0.3197925 4.855994 4.129697 -0.3197925 4.855994 3.603966 -1.170443 4.855994 4.129697 -1.170443 4.855994 3.866832 -1.007983 5.281319 3.866832 -0.4822523 5.281319 3.866832 -1.007983 4.430668 3.866832 -0.4822523 4.430668 4.292157 -0.7451179 4.593128 4.292157 -0.7451179 5.118859 3.441506 -0.7451179 4.593128 3.441506 -0.7451179 5.118859 3.866832 -0.2451179 4.855994 3.866832 -1.245118 4.855994 3.712323 -1.149626 5.105994 4.02134 -1.149626 5.105994 3.712323 -0.3406094 5.105994 4.02134 -0.3406094 5.105994 3.866832 -0.7451179 5.355994 3.712323 -1.149626 4.605994 4.02134 -1.149626 4.605994 3.712323 -0.3406094 4.605994 4.02134 -0.3406094 4.605994 3.866832 -0.7451179 4.355994 4.27134 -0.4951179 4.701485 4.27134 -0.9951179 4.701485 4.116832 -0.8996264 4.451485 4.116832 -0.5906094 4.451485 4.27134 -0.4951179 5.010502 4.27134 -0.9951179 5.010502 4.116832 -0.8996264 5.260502 4.116832 -0.5906094 5.260502 4.366832 -0.7451179 4.855994 3.462323 -0.4951179 4.701485 3.462323 -0.9951179 4.701485 3.616832 -0.8996264 4.451485 3.616832 -0.5906094 4.451485 3.462323 -0.4951179 5.010502 3.462323 -0.9951179 5.010502 3.616832 -0.8996264 5.260502 3.616832 -0.5906094 5.260502 3.366832 -0.7451179 4.855994 3.730198 -0.2641487 4.855994 4.003465 -0.2641487 4.855994 3.730198 -1.226087 4.855994 4.003465 -1.226087 4.855994 3.649887 -1.176452 4.98594 3.786521 -1.092008 5.207017 3.785602 -1.220646 4.987427 4.083776 -1.176452 4.98594 3.947143 -1.092008 5.207017 3.948062 -1.220646 4.987427 3.866832 -1.170443 5.118859 3.649887 -0.3137836 4.98594 3.786521 -0.3982276 5.207017 3.785602 -0.2695896 4.987427 4.083776 -0.3137836 4.98594 3.947143 -0.3982276 5.207017 3.948062 -0.2695896 4.987427 3.866832 -0.3197925 5.118859 3.866832 -0.8817511 5.336963 3.866832 -0.6084846 5.336963 3.649887 -1.176452 4.726048 3.786521 -1.092008 4.504971 3.785602 -1.220646 4.724561 4.083776 -1.176452 4.726048 3.947143 -1.092008 4.504971 3.948062 -1.220646 4.724561 3.866832 -1.170443 4.593128 3.649887 -0.3137836 4.726048 3.786521 -0.3982276 4.504971 3.785602 -0.2695896 4.724561 4.083776 -0.3137836 4.726048 3.947143 -0.3982276 4.504971 3.948062 -0.2695896 4.724561 3.866832 -0.3197925 4.593128 3.866832 -0.8817511 4.375025 3.866832 -0.6084846 4.375025 4.213722 -0.3940946 4.775683 4.298166 -0.6151719 4.63905 4.160724 -0.4010224 4.643331 4.213722 -1.096141 4.775683 4.298166 -0.8750638 4.63905 4.160724 -1.089213 4.643331 3.996778 -0.9620621 4.42466 4.217855 -0.8254289 4.509104 4.079494 -1.03901 4.511898 3.998264 -0.8263478 4.380466 4.210927 -0.9577806 4.562101 3.996778 -0.5281736 4.42466 4.217855 -0.6648068 4.509104 4.079494 -0.4512252 4.511898 3.998264 -0.6638879 4.380466 4.210927 -0.5324552 4.562101 4.129697 -0.7451179 4.430668 4.213722 -0.3940946 4.936305 4.298166 -0.6151719 5.072938 4.160724 -0.4010224 5.068657 4.292157 -0.4822523 4.855994 4.213722 -1.096141 4.936305 4.298166 -0.8750638 5.072938 4.160724 -1.089213 5.068657 4.292157 -1.007983 4.855994 3.996778 -0.9620621 5.287328 4.217855 -0.8254289 5.202884 4.079494 -1.03901 5.200089 3.998264 -0.8263478 5.331522 4.210927 -0.9577806 5.149886 3.996778 -0.5281736 5.287328 4.217855 -0.6648068 5.202884 4.079494 -0.4512252 5.200089 3.998264 -0.6638879 5.331522 4.210927 -0.5324552 5.149886 4.129697 -0.7451179 5.281319 4.347801 -0.7451179 4.719361 4.347801 -0.7451179 4.992627 4.34236 -0.6136851 4.774764 4.34236 -0.8765506 4.774764 4.34236 -0.6136851 4.937224 4.34236 -0.8765506 4.937224 3.519941 -0.3940946 4.775683 3.435497 -0.6151719 4.63905 3.572939 -0.4010224 4.643331 3.519941 -1.096141 4.775683 3.435497 -0.8750638 4.63905 3.572939 -1.089213 4.643331 3.736886 -0.9620621 4.42466 3.515808 -0.8254289 4.509104 3.654169 -1.03901 4.511898 3.735399 -0.8263478 4.380466 3.522736 -0.9577806 4.562101 3.736886 -0.5281736 4.42466 3.515808 -0.6648068 4.509104 3.654169 -0.4512252 4.511898 3.735399 -0.6638879 4.380466 3.522736 -0.5324552 4.562101 3.603966 -0.7451179 4.430668 3.519941 -0.3940946 4.936305 3.435497 -0.6151719 5.072938 3.572939 -0.4010224 5.068657 3.441506 -0.4822523 4.855994 3.519941 -1.096141 4.936305 3.435497 -0.8750638 5.072938 3.572939 -1.089213 5.068657 3.441506 -1.007983 4.855994 3.736886 -0.9620621 5.287328 3.515808 -0.8254289 5.202884 3.654169 -1.03901 5.200089 3.735399 -0.8263478 5.331522 3.522736 -0.9577806 5.149886 3.736886 -0.5281736 5.287328 3.515808 -0.6648068 5.202884 3.654169 -0.4512252 5.200089 3.735399 -0.6638879 5.331522 3.522736 -0.5324552 5.149886 3.603966 -0.7451179 5.281319 3.385862 -0.7451179 4.719361 3.385862 -0.7451179 4.992627 3.391303 -0.6136851 4.774764 3.391303 -0.8765506 4.774764 3.391303 -0.6136851 4.937224 3.391303 -0.8765506 4.937224 8.378031 4.28093 0.2678421 8.903762 4.28093 0.2678421 8.378031 3.430279 0.2678421 8.903762 3.430279 0.2678421 8.640897 3.592739 0.6931675 8.640897 4.11847 0.6931675 8.640897 3.592739 -0.1574833 8.640897 4.11847 -0.1574833 9.066222 3.855605 0.004976516 9.066222 3.855605 0.5307076 8.215571 3.855605 0.004976516 8.215571 3.855605 0.5307076 8.640897 4.355605 0.2678421 8.640897 3.355605 0.2678421 8.486388 3.451096 0.5178421 8.795405 3.451096 0.5178421 8.486388 4.260113 0.5178421 8.795405 4.260113 0.5178421 8.640897 3.855605 0.7678421 8.486388 3.451096 0.01784207 8.795405 3.451096 0.01784207 8.486388 4.260113 0.01784207 8.795405 4.260113 0.01784207 8.640897 3.855605 -0.2321579 9.045405 4.105605 0.1133336 9.045405 3.605605 0.1133336 8.890897 3.701096 -0.1366664 8.890897 4.010113 -0.1366664 9.045405 4.105605 0.4223506 9.045405 3.605605 0.4223506 8.890897 3.701096 0.6723506 8.890897 4.010113 0.6723506 9.140897 3.855605 0.2678421 8.236388 4.105605 0.1133336 8.236388 3.605605 0.1133336 8.390897 3.701096 -0.1366664 8.390897 4.010113 -0.1366664 8.236388 4.105605 0.4223506 8.236388 3.605605 0.4223506 8.390897 3.701096 0.6723506 8.390897 4.010113 0.6723506 8.140897 3.855605 0.2678421 8.504264 4.336574 0.2678421 8.77753 4.336574 0.2678421 8.504264 3.374635 0.2678421 8.77753 3.374635 0.2678421 8.423953 3.42427 0.397788 8.560586 3.508714 0.6188653 8.559667 3.380076 0.3992749 8.857841 3.42427 0.397788 8.721208 3.508714 0.6188653 8.722127 3.380076 0.3992749 8.640897 3.430279 0.5307076 8.423953 4.286939 0.397788 8.560586 4.202495 0.6188653 8.559667 4.331133 0.3992749 8.857841 4.286939 0.397788 8.721208 4.202495 0.6188653 8.722127 4.331133 0.3992749 8.640897 4.28093 0.5307076 8.640897 3.718971 0.7488113 8.640897 3.992238 0.7488113 8.423953 3.42427 0.1378961 8.560586 3.508714 -0.08318115 8.559667 3.380076 0.1364093 8.857841 3.42427 0.1378961 8.721208 3.508714 -0.08318115 8.722127 3.380076 0.1364093 8.640897 3.430279 0.004976516 8.423953 4.286939 0.1378961 8.560586 4.202495 -0.08318115 8.559667 4.331133 0.1364093 8.857841 4.286939 0.1378961 8.721208 4.202495 -0.08318115 8.722127 4.331133 0.1364093 8.640897 4.28093 0.004976516 8.640897 3.718971 -0.2131271 8.640897 3.992238 -0.2131271 8.987787 4.206628 0.1875311 9.072231 3.985551 0.05089779 8.934789 4.1997 0.05517937 8.987787 3.504581 0.1875311 9.072231 3.725659 0.05089779 8.934789 3.511509 0.05517937 8.770843 3.63866 -0.1634922 8.99192 3.775294 -0.07904817 8.853559 3.561712 -0.07625341 8.77233 3.774375 -0.2076862 8.984992 3.642942 -0.02605055 8.770843 4.072549 -0.1634922 8.99192 3.935916 -0.07904817 8.853559 4.149497 -0.07625341 8.77233 3.936835 -0.2076862 8.984992 4.068267 -0.02605055 8.903762 3.855605 -0.1574833 8.987787 4.206628 0.3481531 9.072231 3.985551 0.4847864 8.934789 4.1997 0.4805048 9.066222 4.11847 0.2678421 8.987787 3.504581 0.3481531 9.072231 3.725659 0.4847864 8.934789 3.511509 0.4805048 9.066222 3.592739 0.2678421 8.770843 3.63866 0.6991763 8.99192 3.775294 0.6147323 8.853559 3.561712 0.6119376 8.77233 3.774375 0.7433703 8.984992 3.642942 0.5617347 8.770843 4.072549 0.6991763 8.99192 3.935916 0.6147323 8.853559 4.149497 0.6119376 8.77233 3.936835 0.7433703 8.984992 4.068267 0.5617347 8.903762 3.855605 0.6931675 9.121866 3.855605 0.1312088 9.121866 3.855605 0.4044753 9.116425 3.987037 0.1866121 9.116425 3.724172 0.1866121 9.116425 3.987037 0.349072 9.116425 3.724172 0.349072 8.294007 4.206628 0.1875311 8.209563 3.985551 0.05089779 8.347004 4.1997 0.05517937 8.294007 3.504581 0.1875311 8.209563 3.725659 0.05089779 8.347004 3.511509 0.05517937 8.510951 3.63866 -0.1634922 8.289874 3.775294 -0.07904817 8.428234 3.561712 -0.07625341 8.509464 3.774375 -0.2076862 8.296801 3.642942 -0.02605055 8.510951 4.072549 -0.1634922 8.289874 3.935916 -0.07904817 8.428234 4.149497 -0.07625341 8.509464 3.936835 -0.2076862 8.296801 4.068267 -0.02605055 8.378031 3.855605 -0.1574833 8.294007 4.206628 0.3481531 8.209563 3.985551 0.4847864 8.347004 4.1997 0.4805048 8.215571 4.11847 0.2678421 8.294007 3.504581 0.3481531 8.209563 3.725659 0.4847864 8.347004 3.511509 0.4805048 8.215571 3.592739 0.2678421 8.510951 3.63866 0.6991763 8.289874 3.775294 0.6147323 8.428234 3.561712 0.6119376 8.509464 3.774375 0.7433703 8.296801 3.642942 0.5617347 8.510951 4.072549 0.6991763 8.289874 3.935916 0.6147323 8.428234 4.149497 0.6119376 8.509464 3.936835 0.7433703 8.296801 4.068267 0.5617347 8.378031 3.855605 0.6931675 8.159928 3.855605 0.1312088 8.159928 3.855605 0.4044753 8.165369 3.987037 0.1866121 8.165369 3.724172 0.1866121 8.165369 3.987037 0.349072 8.165369 3.724172 0.349072 9.621653 -2.355974 3.047087 10.14738 -2.355974 3.047087 9.621653 -3.206625 3.047087 10.14738 -3.206625 3.047087 9.884518 -3.044165 3.472413 9.884518 -2.518434 3.472413 9.884518 -3.044165 2.621762 9.884518 -2.518434 2.621762 10.30984 -2.7813 2.784222 10.30984 -2.7813 3.309953 9.459193 -2.7813 2.784222 9.459193 -2.7813 3.309953 9.884518 -2.2813 3.047087 9.884518 -3.2813 3.047087 9.73001 -3.185808 3.297087 10.03903 -3.185808 3.297087 9.73001 -2.376791 3.297087 10.03903 -2.376791 3.297087 9.884518 -2.7813 3.547087 9.73001 -3.185808 2.797087 10.03903 -3.185808 2.797087 9.73001 -2.376791 2.797087 10.03903 -2.376791 2.797087 9.884518 -2.7813 2.547087 10.28903 -2.5313 2.892579 10.28903 -3.0313 2.892579 10.13452 -2.935808 2.642579 10.13452 -2.626791 2.642579 10.28903 -2.5313 3.201596 10.28903 -3.0313 3.201596 10.13452 -2.935808 3.451596 10.13452 -2.626791 3.451596 10.38452 -2.7813 3.047087 9.48001 -2.5313 2.892579 9.48001 -3.0313 2.892579 9.634518 -2.935808 2.642579 9.634518 -2.626791 2.642579 9.48001 -2.5313 3.201596 9.48001 -3.0313 3.201596 9.634518 -2.935808 3.451596 9.634518 -2.626791 3.451596 9.384518 -2.7813 3.047087 9.747885 -2.300331 3.047087 10.02115 -2.300331 3.047087 9.747885 -3.262269 3.047087 10.02115 -3.262269 3.047087 9.667574 -3.212634 3.177033 9.804207 -3.12819 3.39811 9.803288 -3.256828 3.17852 10.10146 -3.212634 3.177033 9.964829 -3.12819 3.39811 9.965748 -3.256828 3.17852 9.884518 -3.206625 3.309953 9.667574 -2.349966 3.177033 9.804207 -2.43441 3.39811 9.803288 -2.305772 3.17852 10.10146 -2.349966 3.177033 9.964829 -2.43441 3.39811 9.965748 -2.305772 3.17852 9.884518 -2.355974 3.309953 9.884518 -2.917933 3.528056 9.884518 -2.644667 3.528056 9.667574 -3.212634 2.917141 9.804207 -3.12819 2.696064 9.803288 -3.256828 2.915654 10.10146 -3.212634 2.917141 9.964829 -3.12819 2.696064 9.965748 -3.256828 2.915654 9.884518 -3.206625 2.784222 9.667574 -2.349966 2.917141 9.804207 -2.43441 2.696064 9.803288 -2.305772 2.915654 10.10146 -2.349966 2.917141 9.964829 -2.43441 2.696064 9.965748 -2.305772 2.915654 9.884518 -2.355974 2.784222 9.884518 -2.917933 2.566118 9.884518 -2.644667 2.566118 10.23141 -2.430277 2.966776 10.31585 -2.651354 2.830143 10.17841 -2.437204 2.834424 10.23141 -3.132323 2.966776 10.31585 -2.911246 2.830143 10.17841 -3.125395 2.834424 10.01446 -2.998244 2.615753 10.23554 -2.861611 2.700197 10.09718 -3.075192 2.702992 10.01595 -2.86253 2.571559 10.22861 -2.993963 2.753195 10.01446 -2.564356 2.615753 10.23554 -2.700989 2.700197 10.09718 -2.487407 2.702992 10.01595 -2.70007 2.571559 10.22861 -2.568637 2.753195 10.14738 -2.7813 2.621762 10.23141 -2.430277 3.127398 10.31585 -2.651354 3.264031 10.17841 -2.437204 3.25975 10.30984 -2.518434 3.047087 10.23141 -3.132323 3.127398 10.31585 -2.911246 3.264031 10.17841 -3.125395 3.25975 10.30984 -3.044165 3.047087 10.01446 -2.998244 3.478421 10.23554 -2.861611 3.393977 10.09718 -3.075192 3.391183 10.01595 -2.86253 3.522615 10.22861 -2.993963 3.34098 10.01446 -2.564356 3.478421 10.23554 -2.700989 3.393977 10.09718 -2.487407 3.391183 10.01595 -2.70007 3.522615 10.22861 -2.568637 3.34098 10.14738 -2.7813 3.472413 10.36549 -2.7813 2.910454 10.36549 -2.7813 3.18372 10.36005 -2.649867 2.965857 10.36005 -2.912733 2.965857 10.36005 -2.649867 3.128317 10.36005 -2.912733 3.128317 9.537628 -2.430277 2.966776 9.453184 -2.651354 2.830143 9.590626 -2.437204 2.834424 9.537628 -3.132323 2.966776 9.453184 -2.911246 2.830143 9.590626 -3.125395 2.834424 9.754572 -2.998244 2.615753 9.533495 -2.861611 2.700197 9.671856 -3.075192 2.702992 9.753085 -2.86253 2.571559 9.540423 -2.993963 2.753195 9.754572 -2.564356 2.615753 9.533495 -2.700989 2.700197 9.671856 -2.487407 2.702992 9.753085 -2.70007 2.571559 9.540423 -2.568637 2.753195 9.621653 -2.7813 2.621762 9.537628 -2.430277 3.127398 9.453184 -2.651354 3.264031 9.590626 -2.437204 3.25975 9.459193 -2.518434 3.047087 9.537628 -3.132323 3.127398 9.453184 -2.911246 3.264031 9.590626 -3.125395 3.25975 9.459193 -3.044165 3.047087 9.754572 -2.998244 3.478421 9.533495 -2.861611 3.393977 9.671856 -3.075192 3.391183 9.753085 -2.86253 3.522615 9.540423 -2.993963 3.34098 9.754572 -2.564356 3.478421 9.533495 -2.700989 3.393977 9.671856 -2.487407 3.391183 9.753085 -2.70007 3.522615 9.540423 -2.568637 3.34098 9.621653 -2.7813 3.472413 9.403549 -2.7813 2.910454 9.403549 -2.7813 3.18372 9.40899 -2.649867 2.965857 9.40899 -2.912733 2.965857 9.40899 -2.649867 3.128317 9.40899 -2.912733 3.128317 8.216938 -2.657516 7.126722 8.742669 -2.657516 7.126722 8.216938 -3.508167 7.126722 8.742669 -3.508167 7.126722 8.479804 -3.345707 7.552047 8.479804 -2.819976 7.552047 8.479804 -3.345707 6.701396 8.479804 -2.819976 6.701396 8.905129 -3.082842 6.863856 8.905129 -3.082842 7.389587 8.054478 -3.082842 6.863856 8.054478 -3.082842 7.389587 8.479804 -2.582842 7.126722 8.479804 -3.582842 7.126722 8.325295 -3.48735 7.376722 8.634312 -3.48735 7.376722 8.325295 -2.678333 7.376722 8.634312 -2.678333 7.376722 8.479804 -3.082842 7.626722 8.325295 -3.48735 6.876722 8.634312 -3.48735 6.876722 8.325295 -2.678333 6.876722 8.634312 -2.678333 6.876722 8.479804 -3.082842 6.626722 8.884312 -2.832842 6.972213 8.884312 -3.332842 6.972213 8.729804 -3.23735 6.722213 8.729804 -2.928333 6.722213 8.884312 -2.832842 7.28123 8.884312 -3.332842 7.28123 8.729804 -3.23735 7.53123 8.729804 -2.928333 7.53123 8.979804 -3.082842 7.126722 8.075295 -2.832842 6.972213 8.075295 -3.332842 6.972213 8.229804 -3.23735 6.722213 8.229804 -2.928333 6.722213 8.075295 -2.832842 7.28123 8.075295 -3.332842 7.28123 8.229804 -3.23735 7.53123 8.229804 -2.928333 7.53123 7.979804 -3.082842 7.126722 8.343171 -2.601872 7.126722 8.616437 -2.601872 7.126722 8.343171 -3.563811 7.126722 8.616437 -3.563811 7.126722 8.26286 -3.514176 7.256668 8.399493 -3.429732 7.477745 8.398574 -3.55837 7.258155 8.696748 -3.514176 7.256668 8.560115 -3.429732 7.477745 8.561034 -3.55837 7.258155 8.479804 -3.508167 7.389587 8.26286 -2.651507 7.256668 8.399493 -2.735951 7.477745 8.398574 -2.607313 7.258155 8.696748 -2.651507 7.256668 8.560115 -2.735951 7.477745 8.561034 -2.607313 7.258155 8.479804 -2.657516 7.389587 8.479804 -3.219475 7.607691 8.479804 -2.946208 7.607691 8.26286 -3.514176 6.996776 8.399493 -3.429732 6.775699 8.398574 -3.55837 6.995289 8.696748 -3.514176 6.996776 8.560115 -3.429732 6.775699 8.561034 -3.55837 6.995289 8.479804 -3.508167 6.863856 8.26286 -2.651507 6.996776 8.399493 -2.735951 6.775699 8.398574 -2.607313 6.995289 8.696748 -2.651507 6.996776 8.560115 -2.735951 6.775699 8.561034 -2.607313 6.995289 8.479804 -2.657516 6.863856 8.479804 -3.219475 6.645753 8.479804 -2.946208 6.645753 8.826694 -2.731818 7.046411 8.911138 -2.952896 6.909777 8.773696 -2.738746 6.914059 8.826694 -3.433865 7.046411 8.911138 -3.212787 6.909777 8.773696 -3.426937 6.914059 8.60975 -3.299786 6.695388 8.830827 -3.163153 6.779832 8.692467 -3.376734 6.782626 8.611237 -3.164071 6.651194 8.823899 -3.295504 6.832829 8.60975 -2.865897 6.695388 8.830827 -3.002531 6.779832 8.692467 -2.788949 6.782626 8.611237 -3.001612 6.651194 8.823899 -2.870179 6.832829 8.742669 -3.082842 6.701396 8.826694 -2.731818 7.207033 8.911138 -2.952896 7.343666 8.773696 -2.738746 7.339384 8.905129 -2.819976 7.126722 8.826694 -3.433865 7.207033 8.911138 -3.212787 7.343666 8.773696 -3.426937 7.339384 8.905129 -3.345707 7.126722 8.60975 -3.299786 7.558056 8.830827 -3.163153 7.473612 8.692467 -3.376734 7.470817 8.611237 -3.164071 7.60225 8.823899 -3.295504 7.420614 8.60975 -2.865897 7.558056 8.830827 -3.002531 7.473612 8.692467 -2.788949 7.470817 8.611237 -3.001612 7.60225 8.823899 -2.870179 7.420614 8.742669 -3.082842 7.552047 8.960773 -3.082842 6.990089 8.960773 -3.082842 7.263355 8.955332 -2.951409 7.045492 8.955332 -3.214274 7.045492 8.955332 -2.951409 7.207952 8.955332 -3.214274 7.207952 8.132914 -2.731818 7.046411 8.04847 -2.952896 6.909777 8.185911 -2.738746 6.914059 8.132914 -3.433865 7.046411 8.04847 -3.212787 6.909777 8.185911 -3.426937 6.914059 8.349858 -3.299786 6.695388 8.128781 -3.163153 6.779832 8.267141 -3.376734 6.782626 8.348371 -3.164071 6.651194 8.135708 -3.295504 6.832829 8.349858 -2.865897 6.695388 8.128781 -3.002531 6.779832 8.267141 -2.788949 6.782626 8.348371 -3.001612 6.651194 8.135708 -2.870179 6.832829 8.216938 -3.082842 6.701396 8.132914 -2.731818 7.207033 8.04847 -2.952896 7.343666 8.185911 -2.738746 7.339384 8.054478 -2.819976 7.126722 8.132914 -3.433865 7.207033 8.04847 -3.212787 7.343666 8.185911 -3.426937 7.339384 8.054478 -3.345707 7.126722 8.349858 -3.299786 7.558056 8.128781 -3.163153 7.473612 8.267141 -3.376734 7.470817 8.348371 -3.164071 7.60225 8.135708 -3.295504 7.420614 8.349858 -2.865897 7.558056 8.128781 -3.002531 7.473612 8.267141 -2.788949 7.470817 8.348371 -3.001612 7.60225 8.135708 -2.870179 7.420614 8.216938 -3.082842 7.552047 7.998835 -3.082842 6.990089 7.998835 -3.082842 7.263355 8.004276 -2.951409 7.045492 8.004276 -3.214274 7.045492 8.004276 -2.951409 7.207952 8.004276 -3.214274 7.207952 4.611936 4.172262 2.566286 5.137667 4.172262 2.566286 4.611936 3.321611 2.566286 5.137667 3.321611 2.566286 4.874801 3.484071 2.991611 4.874801 4.009802 2.991611 4.874801 3.484071 2.14096 4.874801 4.009802 2.14096 5.300127 3.746937 2.30342 5.300127 3.746937 2.829151 4.449476 3.746937 2.30342 4.449476 3.746937 2.829151 4.874801 4.246937 2.566286 4.874801 3.246937 2.566286 4.720293 3.342428 2.816286 5.02931 3.342428 2.816286 4.720293 4.151445 2.816286 5.02931 4.151445 2.816286 4.874801 3.746937 3.066286 4.720293 3.342428 2.316286 5.02931 3.342428 2.316286 4.720293 4.151445 2.316286 5.02931 4.151445 2.316286 4.874801 3.746937 2.066286 5.27931 3.996937 2.411777 5.27931 3.496937 2.411777 5.124801 3.592428 2.161777 5.124801 3.901445 2.161777 5.27931 3.996937 2.720794 5.27931 3.496937 2.720794 5.124801 3.592428 2.970794 5.124801 3.901445 2.970794 5.374801 3.746937 2.566286 4.470293 3.996937 2.411777 4.470293 3.496937 2.411777 4.624801 3.592428 2.161777 4.624801 3.901445 2.161777 4.470293 3.996937 2.720794 4.470293 3.496937 2.720794 4.624801 3.592428 2.970794 4.624801 3.901445 2.970794 4.374801 3.746937 2.566286 4.738168 4.227906 2.566286 5.011435 4.227906 2.566286 4.738168 3.265967 2.566286 5.011435 3.265967 2.566286 4.657857 3.315602 2.696232 4.79449 3.400046 2.917309 4.793571 3.271408 2.697719 5.091746 3.315602 2.696232 4.955112 3.400046 2.917309 4.956031 3.271408 2.697719 4.874801 3.321611 2.829151 4.657857 4.178271 2.696232 4.79449 4.093827 2.917309 4.793571 4.222465 2.697719 5.091746 4.178271 2.696232 4.955112 4.093827 2.917309 4.956031 4.222465 2.697719 4.874801 4.172262 2.829151 4.874801 3.610303 3.047255 4.874801 3.88357 3.047255 4.657857 3.315602 2.43634 4.79449 3.400046 2.215263 4.793571 3.271408 2.434853 5.091746 3.315602 2.43634 4.955112 3.400046 2.215263 4.956031 3.271408 2.434853 4.874801 3.321611 2.30342 4.657857 4.178271 2.43634 4.79449 4.093827 2.215263 4.793571 4.222465 2.434853 5.091746 4.178271 2.43634 4.955112 4.093827 2.215263 4.956031 4.222465 2.434853 4.874801 4.172262 2.30342 4.874801 3.610303 2.085317 4.874801 3.88357 2.085317 5.221692 4.09796 2.485975 5.306136 3.876883 2.349342 5.168694 4.091032 2.353623 5.221692 3.395913 2.485975 5.306136 3.616991 2.349342 5.168694 3.402841 2.353623 5.004747 3.529992 2.134952 5.225825 3.666626 2.219396 5.087464 3.453044 2.22219 5.006234 3.665707 2.090758 5.218897 3.534274 2.272393 5.004747 3.963881 2.134952 5.225825 3.827248 2.219396 5.087464 4.040829 2.22219 5.006234 3.828167 2.090758 5.218897 3.959599 2.272393 5.137667 3.746937 2.14096 5.221692 4.09796 2.646597 5.306136 3.876883 2.78323 5.168694 4.091032 2.778948 5.300127 4.009802 2.566286 5.221692 3.395913 2.646597 5.306136 3.616991 2.78323 5.168694 3.402841 2.778948 5.300127 3.484071 2.566286 5.004747 3.529992 2.99762 5.225825 3.666626 2.913176 5.087464 3.453044 2.910381 5.006234 3.665707 3.041814 5.218897 3.534274 2.860178 5.004747 3.963881 2.99762 5.225825 3.827248 2.913176 5.087464 4.040829 2.910381 5.006234 3.828167 3.041814 5.218897 3.959599 2.860178 5.137667 3.746937 2.991611 5.355771 3.746937 2.429653 5.355771 3.746937 2.702919 5.35033 3.878369 2.485056 5.35033 3.615504 2.485056 5.35033 3.878369 2.647516 5.35033 3.615504 2.647516 4.527911 4.09796 2.485975 4.443467 3.876883 2.349342 4.580909 4.091032 2.353623 4.527911 3.395913 2.485975 4.443467 3.616991 2.349342 4.580909 3.402841 2.353623 4.744855 3.529992 2.134952 4.523778 3.666626 2.219396 4.662139 3.453044 2.22219 4.743369 3.665707 2.090758 4.530706 3.534274 2.272393 4.744855 3.963881 2.134952 4.523778 3.827248 2.219396 4.662139 4.040829 2.22219 4.743369 3.828167 2.090758 4.530706 3.959599 2.272393 4.611936 3.746937 2.14096 4.527911 4.09796 2.646597 4.443467 3.876883 2.78323 4.580909 4.091032 2.778948 4.449476 4.009802 2.566286 4.527911 3.395913 2.646597 4.443467 3.616991 2.78323 4.580909 3.402841 2.778948 4.449476 3.484071 2.566286 4.744855 3.529992 2.99762 4.523778 3.666626 2.913176 4.662139 3.453044 2.910381 4.743369 3.665707 3.041814 4.530706 3.534274 2.860178 4.744855 3.963881 2.99762 4.523778 3.827248 2.913176 4.662139 4.040829 2.910381 4.743369 3.828167 3.041814 4.530706 3.959599 2.860178 4.611936 3.746937 2.991611 4.393832 3.746937 2.429653 4.393832 3.746937 2.702919 4.399273 3.878369 2.485056 4.399273 3.615504 2.485056 4.399273 3.878369 2.647516 4.399273 3.615504 2.647516 9.104255 2.121455 4.22133 9.629986 2.121455 4.22133 9.104255 1.270804 4.22133 9.629986 1.270804 4.22133 9.367121 1.433264 4.646655 9.367121 1.958995 4.646655 9.367121 1.433264 3.796005 9.367121 1.958995 3.796005 9.792446 1.69613 3.958464 9.792446 1.69613 4.484196 8.941795 1.69613 3.958464 8.941795 1.69613 4.484196 9.367121 2.19613 4.22133 9.367121 1.19613 4.22133 9.212612 1.291621 4.47133 9.521629 1.291621 4.47133 9.212612 2.100638 4.47133 9.521629 2.100638 4.47133 9.367121 1.69613 4.72133 9.212612 1.291621 3.97133 9.521629 1.291621 3.97133 9.212612 2.100638 3.97133 9.521629 2.100638 3.97133 9.367121 1.69613 3.72133 9.771629 1.94613 4.066822 9.771629 1.44613 4.066822 9.617121 1.541621 3.816822 9.617121 1.850638 3.816822 9.771629 1.94613 4.375838 9.771629 1.44613 4.375838 9.617121 1.541621 4.625838 9.617121 1.850638 4.625838 9.867121 1.69613 4.22133 8.962612 1.94613 4.066822 8.962612 1.44613 4.066822 9.117121 1.541621 3.816822 9.117121 1.850638 3.816822 8.962612 1.94613 4.375838 8.962612 1.44613 4.375838 9.117121 1.541621 4.625838 9.117121 1.850638 4.625838 8.867121 1.69613 4.22133 9.230487 2.177099 4.22133 9.503754 2.177099 4.22133 9.230487 1.21516 4.22133 9.503754 1.21516 4.22133 9.150176 1.264795 4.351276 9.28681 1.349239 4.572353 9.285891 1.220601 4.352763 9.584065 1.264795 4.351276 9.447432 1.349239 4.572353 9.448351 1.220601 4.352763 9.367121 1.270804 4.484196 9.150176 2.127464 4.351276 9.28681 2.04302 4.572353 9.285891 2.171658 4.352763 9.584065 2.127464 4.351276 9.447432 2.04302 4.572353 9.448351 2.171658 4.352763 9.367121 2.121455 4.484196 9.367121 1.559496 4.702299 9.367121 1.832763 4.702299 9.150176 1.264795 4.091384 9.28681 1.349239 3.870307 9.285891 1.220601 4.089897 9.584065 1.264795 4.091384 9.447432 1.349239 3.870307 9.448351 1.220601 4.089897 9.367121 1.270804 3.958464 9.150176 2.127464 4.091384 9.28681 2.04302 3.870307 9.285891 2.171658 4.089897 9.584065 2.127464 4.091384 9.447432 2.04302 3.870307 9.448351 2.171658 4.089897 9.367121 2.121455 3.958464 9.367121 1.559496 3.740361 9.367121 1.832763 3.740361 9.714011 2.047153 4.141019 9.798455 1.826076 4.004386 9.661013 2.040225 4.008667 9.714011 1.345106 4.141019 9.798455 1.566184 4.004386 9.661013 1.352034 4.008667 9.497067 1.479185 3.789996 9.718144 1.615819 3.87444 9.579783 1.402237 3.877235 9.498553 1.6149 3.745802 9.711216 1.483467 3.927437 9.497067 1.913074 3.789996 9.718144 1.776441 3.87444 9.579783 1.990022 3.877235 9.498553 1.77736 3.745802 9.711216 1.908792 3.927437 9.629986 1.69613 3.796005 9.714011 2.047153 4.301641 9.798455 1.826076 4.438274 9.661013 2.040225 4.433993 9.792446 1.958995 4.22133 9.714011 1.345106 4.301641 9.798455 1.566184 4.438274 9.661013 1.352034 4.433993 9.792446 1.433264 4.22133 9.497067 1.479185 4.652664 9.718144 1.615819 4.56822 9.579783 1.402237 4.565425 9.498553 1.6149 4.696858 9.711216 1.483467 4.515223 9.497067 1.913074 4.652664 9.718144 1.776441 4.56822 9.579783 1.990022 4.565425 9.498553 1.77736 4.696858 9.711216 1.908792 4.515223 9.629986 1.69613 4.646655 9.84809 1.69613 4.084697 9.84809 1.69613 4.357963 9.842649 1.827562 4.1401 9.842649 1.564697 4.1401 9.842649 1.827562 4.30256 9.842649 1.564697 4.30256 9.02023 2.047153 4.141019 8.935786 1.826076 4.004386 9.073228 2.040225 4.008667 9.02023 1.345106 4.141019 8.935786 1.566184 4.004386 9.073228 1.352034 4.008667 9.237175 1.479185 3.789996 9.016097 1.615819 3.87444 9.154458 1.402237 3.877235 9.235688 1.6149 3.745802 9.023025 1.483467 3.927437 9.237175 1.913074 3.789996 9.016097 1.776441 3.87444 9.154458 1.990022 3.877235 9.235688 1.77736 3.745802 9.023025 1.908792 3.927437 9.104255 1.69613 3.796005 9.02023 2.047153 4.301641 8.935786 1.826076 4.438274 9.073228 2.040225 4.433993 8.941795 1.958995 4.22133 9.02023 1.345106 4.301641 8.935786 1.566184 4.438274 9.073228 1.352034 4.433993 8.941795 1.433264 4.22133 9.237175 1.479185 4.652664 9.016097 1.615819 4.56822 9.154458 1.402237 4.565425 9.235688 1.6149 4.696858 9.023025 1.483467 4.515223 9.237175 1.913074 4.652664 9.016097 1.776441 4.56822 9.154458 1.990022 4.565425 9.235688 1.77736 4.696858 9.023025 1.908792 4.515223 9.104255 1.69613 4.646655 8.886151 1.69613 4.084697 8.886151 1.69613 4.357963 8.891592 1.827562 4.1401 8.891592 1.564697 4.1401 8.891592 1.827562 4.30256 8.891592 1.564697 4.30256 2.990341 0.5256673 0.5008522 3.516072 0.5256673 0.5008522 2.990341 -0.3249835 0.5008522 3.516072 -0.3249835 0.5008522 3.253206 -0.1625236 0.9261776 3.253206 0.3632075 0.9261776 3.253206 -0.1625236 0.07552678 3.253206 0.3632075 0.07552678 3.678532 0.1003419 0.2379866 3.678532 0.1003419 0.7637177 2.827881 0.1003419 0.2379866 2.827881 0.1003419 0.7637177 3.253206 0.6003419 0.5008522 3.253206 -0.3996581 0.5008522 3.098698 -0.3041666 0.7508522 3.407715 -0.3041666 0.7508522 3.098698 0.5048504 0.7508522 3.407715 0.5048504 0.7508522 3.253206 0.1003419 1.000852 3.098698 -0.3041666 0.2508522 3.407715 -0.3041666 0.2508522 3.098698 0.5048504 0.2508522 3.407715 0.5048504 0.2508522 3.253206 0.1003419 0.0008521848 3.657715 0.3503419 0.3463437 3.657715 -0.1496581 0.3463437 3.503206 -0.05416658 0.09634369 3.503206 0.2548504 0.09634369 3.657715 0.3503419 0.6553607 3.657715 -0.1496581 0.6553607 3.503206 -0.05416658 0.9053607 3.503206 0.2548504 0.9053607 3.753206 0.1003419 0.5008522 2.848698 0.3503419 0.3463437 2.848698 -0.1496581 0.3463437 3.003206 -0.05416658 0.09634369 3.003206 0.2548504 0.09634369 2.848698 0.3503419 0.6553607 2.848698 -0.1496581 0.6553607 3.003206 -0.05416658 0.9053607 3.003206 0.2548504 0.9053607 2.753206 0.1003419 0.5008522 3.116573 0.5813111 0.5008522 3.38984 0.5813111 0.5008522 3.116573 -0.3806273 0.5008522 3.38984 -0.3806273 0.5008522 3.036262 -0.3309923 0.6307981 3.172895 -0.2465483 0.8518754 3.171976 -0.3751863 0.632285 3.470151 -0.3309923 0.6307981 3.333517 -0.2465483 0.8518754 3.334436 -0.3751863 0.632285 3.253206 -0.3249835 0.7637177 3.036262 0.5316762 0.6307981 3.172895 0.4472322 0.8518754 3.171976 0.5758702 0.632285 3.470151 0.5316762 0.6307981 3.333517 0.4472322 0.8518754 3.334436 0.5758702 0.632285 3.253206 0.5256673 0.7637177 3.253206 -0.03629134 0.9818214 3.253206 0.2369752 0.9818214 3.036262 -0.3309923 0.3709062 3.172895 -0.2465483 0.149829 3.171976 -0.3751863 0.3694194 3.470151 -0.3309923 0.3709062 3.333517 -0.2465483 0.149829 3.334436 -0.3751863 0.3694194 3.253206 -0.3249835 0.2379866 3.036262 0.5316762 0.3709062 3.172895 0.4472322 0.149829 3.171976 0.5758702 0.3694194 3.470151 0.5316762 0.3709062 3.333517 0.4472322 0.149829 3.334436 0.5758702 0.3694194 3.253206 0.5256673 0.2379866 3.253206 -0.03629134 0.01988301 3.253206 0.2369752 0.01988301 3.600096 0.4513651 0.4205412 3.684541 0.2302879 0.2839079 3.547099 0.4444374 0.2881895 3.600096 -0.2506813 0.4205412 3.684541 -0.02960404 0.2839079 3.547099 -0.2437536 0.2881895 3.383152 -0.1166024 0.06951794 3.604229 0.0200309 0.1539619 3.465869 -0.1935507 0.1567567 3.384639 0.019112 0.02532393 3.597302 -0.1123208 0.2069596 3.383152 0.3172862 0.06951794 3.604229 0.1806529 0.1539619 3.465869 0.3942345 0.1567567 3.384639 0.1815718 0.02532393 3.597302 0.3130046 0.2069596 3.516072 0.1003419 0.07552678 3.600096 0.4513651 0.5811632 3.684541 0.2302879 0.7177965 3.547099 0.4444374 0.7135149 3.678532 0.3632075 0.5008522 3.600096 -0.2506813 0.5811632 3.684541 -0.02960404 0.7177965 3.547099 -0.2437536 0.7135149 3.678532 -0.1625236 0.5008522 3.383152 -0.1166024 0.9321864 3.604229 0.0200309 0.8477424 3.465869 -0.1935507 0.8449477 3.384639 0.019112 0.9763804 3.597302 -0.1123208 0.7947448 3.383152 0.3172862 0.9321864 3.604229 0.1806529 0.8477424 3.465869 0.3942345 0.8449477 3.384639 0.1815718 0.9763804 3.597302 0.3130046 0.7947448 3.516072 0.1003419 0.9261776 3.734175 0.1003419 0.3642189 3.734175 0.1003419 0.6374854 3.728735 0.2317747 0.4196223 3.728735 -0.03109086 0.4196223 3.728735 0.2317747 0.5820821 3.728735 -0.03109086 0.5820821 2.906316 0.4513651 0.4205412 2.821872 0.2302879 0.2839079 2.959314 0.4444374 0.2881895 2.906316 -0.2506813 0.4205412 2.821872 -0.02960404 0.2839079 2.959314 -0.2437536 0.2881895 3.12326 -0.1166024 0.06951794 2.902183 0.0200309 0.1539619 3.040544 -0.1935507 0.1567567 3.121773 0.019112 0.02532393 2.909111 -0.1123208 0.2069596 3.12326 0.3172862 0.06951794 2.902183 0.1806529 0.1539619 3.040544 0.3942345 0.1567567 3.121773 0.1815718 0.02532393 2.909111 0.3130046 0.2069596 2.990341 0.1003419 0.07552678 2.906316 0.4513651 0.5811632 2.821872 0.2302879 0.7177965 2.959314 0.4444374 0.7135149 2.827881 0.3632075 0.5008522 2.906316 -0.2506813 0.5811632 2.821872 -0.02960404 0.7177965 2.959314 -0.2437536 0.7135149 2.827881 -0.1625236 0.5008522 3.12326 -0.1166024 0.9321864 2.902183 0.0200309 0.8477424 3.040544 -0.1935507 0.8449477 3.121773 0.019112 0.9763804 2.909111 -0.1123208 0.7947448 3.12326 0.3172862 0.9321864 2.902183 0.1806529 0.8477424 3.040544 0.3942345 0.8449477 3.121773 0.1815718 0.9763804 2.909111 0.3130046 0.7947448 2.990341 0.1003419 0.9261776 2.772237 0.1003419 0.3642189 2.772237 0.1003419 0.6374854 2.777678 0.2317747 0.4196223 2.777678 -0.03109086 0.4196223 2.777678 0.2317747 0.5820821 2.777678 -0.03109086 0.5820821 1.792174 3.97017 6.630436 2.317906 3.97017 6.630436 1.792174 3.119519 6.630436 2.317906 3.119519 6.630436 2.05504 3.281979 7.055761 2.05504 3.80771 7.055761 2.05504 3.281979 6.205111 2.05504 3.80771 6.205111 2.480365 3.544844 6.36757 2.480365 3.544844 6.893301 1.629715 3.544844 6.36757 1.629715 3.544844 6.893301 2.05504 4.044844 6.630436 2.05504 3.044844 6.630436 1.900531 3.140336 6.880436 2.209548 3.140336 6.880436 1.900531 3.949353 6.880436 2.209548 3.949353 6.880436 2.05504 3.544844 7.130436 1.900531 3.140336 6.380436 2.209548 3.140336 6.380436 1.900531 3.949353 6.380436 2.209548 3.949353 6.380436 2.05504 3.544844 6.130436 2.459548 3.794844 6.475927 2.459548 3.294844 6.475927 2.30504 3.390336 6.225927 2.30504 3.699353 6.225927 2.459548 3.794844 6.784944 2.459548 3.294844 6.784944 2.30504 3.390336 7.034944 2.30504 3.699353 7.034944 2.55504 3.544844 6.630436 1.650531 3.794844 6.475927 1.650531 3.294844 6.475927 1.80504 3.390336 6.225927 1.80504 3.699353 6.225927 1.650531 3.794844 6.784944 1.650531 3.294844 6.784944 1.80504 3.390336 7.034944 1.80504 3.699353 7.034944 1.55504 3.544844 6.630436 1.918407 4.025814 6.630436 2.191673 4.025814 6.630436 1.918407 3.063875 6.630436 2.191673 3.063875 6.630436 1.838096 3.11351 6.760382 1.974729 3.197954 6.981459 1.97381 3.069316 6.761869 2.271984 3.11351 6.760382 2.135351 3.197954 6.981459 2.13627 3.069316 6.761869 2.05504 3.119519 6.893301 1.838096 3.976179 6.760382 1.974729 3.891735 6.981459 1.97381 4.020373 6.761869 2.271984 3.976179 6.760382 2.135351 3.891735 6.981459 2.13627 4.020373 6.761869 2.05504 3.97017 6.893301 2.05504 3.408211 7.111405 2.05504 3.681478 7.111405 1.838096 3.11351 6.50049 1.974729 3.197954 6.279413 1.97381 3.069316 6.499003 2.271984 3.11351 6.50049 2.135351 3.197954 6.279413 2.13627 3.069316 6.499003 2.05504 3.119519 6.36757 1.838096 3.976179 6.50049 1.974729 3.891735 6.279413 1.97381 4.020373 6.499003 2.271984 3.976179 6.50049 2.135351 3.891735 6.279413 2.13627 4.020373 6.499003 2.05504 3.97017 6.36757 2.05504 3.408211 6.149467 2.05504 3.681478 6.149467 2.40193 3.895868 6.550125 2.486374 3.67479 6.413492 2.348933 3.88894 6.417773 2.40193 3.193821 6.550125 2.486374 3.414898 6.413492 2.348933 3.200749 6.417773 2.184986 3.3279 6.199102 2.406063 3.464533 6.283546 2.267703 3.250952 6.28634 2.186473 3.463614 6.154908 2.399135 3.332182 6.336543 2.184986 3.761789 6.199102 2.406063 3.625155 6.283546 2.267703 3.838737 6.28634 2.186473 3.626074 6.154908 2.399135 3.757507 6.336543 2.317906 3.544844 6.205111 2.40193 3.895868 6.710747 2.486374 3.67479 6.84738 2.348933 3.88894 6.843099 2.480365 3.80771 6.630436 2.40193 3.193821 6.710747 2.486374 3.414898 6.84738 2.348933 3.200749 6.843099 2.480365 3.281979 6.630436 2.184986 3.3279 7.06177 2.406063 3.464533 6.977326 2.267703 3.250952 6.974531 2.186473 3.463614 7.105964 2.399135 3.332182 6.924329 2.184986 3.761789 7.06177 2.406063 3.625155 6.977326 2.267703 3.838737 6.974531 2.186473 3.626074 7.105964 2.399135 3.757507 6.924329 2.317906 3.544844 7.055761 2.536009 3.544844 6.493803 2.536009 3.544844 6.767069 2.530568 3.676277 6.549206 2.530568 3.413412 6.549206 2.530568 3.676277 6.711666 2.530568 3.413412 6.711666 1.70815 3.895868 6.550125 1.623706 3.67479 6.413492 1.761147 3.88894 6.417773 1.70815 3.193821 6.550125 1.623706 3.414898 6.413492 1.761147 3.200749 6.417773 1.925094 3.3279 6.199102 1.704017 3.464533 6.283546 1.842377 3.250952 6.28634 1.923607 3.463614 6.154908 1.710945 3.332182 6.336543 1.925094 3.761789 6.199102 1.704017 3.625155 6.283546 1.842377 3.838737 6.28634 1.923607 3.626074 6.154908 1.710945 3.757507 6.336543 1.792174 3.544844 6.205111 1.70815 3.895868 6.710747 1.623706 3.67479 6.84738 1.761147 3.88894 6.843099 1.629715 3.80771 6.630436 1.70815 3.193821 6.710747 1.623706 3.414898 6.84738 1.761147 3.200749 6.843099 1.629715 3.281979 6.630436 1.925094 3.3279 7.06177 1.704017 3.464533 6.977326 1.842377 3.250952 6.974531 1.923607 3.463614 7.105964 1.710945 3.332182 6.924329 1.925094 3.761789 7.06177 1.704017 3.625155 6.977326 1.842377 3.838737 6.974531 1.923607 3.626074 7.105964 1.710945 3.757507 6.924329 1.792174 3.544844 7.055761 1.574071 3.544844 6.493803 1.574071 3.544844 6.767069 1.579512 3.676277 6.549206 1.579512 3.413412 6.549206 1.579512 3.676277 6.711666 1.579512 3.413412 6.711666 2.472192 -3.513918 7.842877 2.997923 -3.513918 7.842877 2.472192 -4.364569 7.842877 2.997923 -4.364569 7.842877 2.735058 -4.202109 8.268202 2.735058 -3.676378 8.268202 2.735058 -4.202109 7.417551 2.735058 -3.676378 7.417551 3.160383 -3.939244 7.580011 3.160383 -3.939244 8.105742 2.309732 -3.939244 7.580011 2.309732 -3.939244 8.105742 2.735058 -3.439244 7.842877 2.735058 -4.439244 7.842877 2.580549 -4.343752 8.092877 2.889566 -4.343752 8.092877 2.580549 -3.534735 8.092877 2.889566 -3.534735 8.092877 2.735058 -3.939244 8.342877 2.580549 -4.343752 7.592877 2.889566 -4.343752 7.592877 2.580549 -3.534735 7.592877 2.889566 -3.534735 7.592877 2.735058 -3.939244 7.342877 3.139566 -3.689244 7.688368 3.139566 -4.189244 7.688368 2.985058 -4.093752 7.438368 2.985058 -3.784735 7.438368 3.139566 -3.689244 7.997385 3.139566 -4.189244 7.997385 2.985058 -4.093752 8.247385 2.985058 -3.784735 8.247385 3.235058 -3.939244 7.842877 2.330549 -3.689244 7.688368 2.330549 -4.189244 7.688368 2.485058 -4.093752 7.438368 2.485058 -3.784735 7.438368 2.330549 -3.689244 7.997385 2.330549 -4.189244 7.997385 2.485058 -4.093752 8.247385 2.485058 -3.784735 8.247385 2.235058 -3.939244 7.842877 2.598425 -3.458275 7.842877 2.871691 -3.458275 7.842877 2.598425 -4.420213 7.842877 2.871691 -4.420213 7.842877 2.518114 -4.370578 7.972823 2.654747 -4.286134 8.1939 2.653828 -4.414772 7.97431 2.952002 -4.370578 7.972823 2.815369 -4.286134 8.1939 2.816288 -4.414772 7.97431 2.735058 -4.364569 8.105742 2.518114 -3.50791 7.972823 2.654747 -3.592354 8.1939 2.653828 -3.463716 7.97431 2.952002 -3.50791 7.972823 2.815369 -3.592354 8.1939 2.816288 -3.463716 7.97431 2.735058 -3.513918 8.105742 2.735058 -4.075877 8.323846 2.735058 -3.802611 8.323846 2.518114 -4.370578 7.712931 2.654747 -4.286134 7.491854 2.653828 -4.414772 7.711444 2.952002 -4.370578 7.712931 2.815369 -4.286134 7.491854 2.816288 -4.414772 7.711444 2.735058 -4.364569 7.580011 2.518114 -3.50791 7.712931 2.654747 -3.592354 7.491854 2.653828 -3.463716 7.711444 2.952002 -3.50791 7.712931 2.815369 -3.592354 7.491854 2.816288 -3.463716 7.711444 2.735058 -3.513918 7.580011 2.735058 -4.075877 7.361908 2.735058 -3.802611 7.361908 3.081948 -3.588221 7.762566 3.166392 -3.809298 7.625932 3.02895 -3.595148 7.630214 3.081948 -4.290267 7.762566 3.166392 -4.06919 7.625932 3.02895 -4.283339 7.630214 2.865004 -4.156188 7.411543 3.086081 -4.019555 7.495987 2.947721 -4.233137 7.498781 2.866491 -4.020474 7.367349 3.079153 -4.151907 7.548984 2.865004 -3.7223 7.411543 3.086081 -3.858933 7.495987 2.947721 -3.645351 7.498781 2.866491 -3.858014 7.367349 3.079153 -3.726581 7.548984 2.997923 -3.939244 7.417551 3.081948 -3.588221 7.923188 3.166392 -3.809298 8.059821 3.02895 -3.595148 8.055539 3.160383 -3.676378 7.842877 3.081948 -4.290267 7.923188 3.166392 -4.06919 8.059821 3.02895 -4.283339 8.055539 3.160383 -4.202109 7.842877 2.865004 -4.156188 8.274211 3.086081 -4.019555 8.189767 2.947721 -4.233137 8.186972 2.866491 -4.020474 8.318405 3.079153 -4.151907 8.136769 2.865004 -3.7223 8.274211 3.086081 -3.858933 8.189767 2.947721 -3.645351 8.186972 2.866491 -3.858014 8.318405 3.079153 -3.726581 8.136769 2.997923 -3.939244 8.268202 3.216027 -3.939244 7.706244 3.216027 -3.939244 7.97951 3.210586 -3.807811 7.761647 3.210586 -4.070677 7.761647 3.210586 -3.807811 7.924107 3.210586 -4.070677 7.924107 2.388168 -3.588221 7.762566 2.303724 -3.809298 7.625932 2.441165 -3.595148 7.630214 2.388168 -4.290267 7.762566 2.303724 -4.06919 7.625932 2.441165 -4.283339 7.630214 2.605112 -4.156188 7.411543 2.384035 -4.019555 7.495987 2.522395 -4.233137 7.498781 2.603625 -4.020474 7.367349 2.390962 -4.151907 7.548984 2.605112 -3.7223 7.411543 2.384035 -3.858933 7.495987 2.522395 -3.645351 7.498781 2.603625 -3.858014 7.367349 2.390962 -3.726581 7.548984 2.472192 -3.939244 7.417551 2.388168 -3.588221 7.923188 2.303724 -3.809298 8.059821 2.441165 -3.595148 8.055539 2.309732 -3.676378 7.842877 2.388168 -4.290267 7.923188 2.303724 -4.06919 8.059821 2.441165 -4.283339 8.055539 2.309732 -4.202109 7.842877 2.605112 -4.156188 8.274211 2.384035 -4.019555 8.189767 2.522395 -4.233137 8.186972 2.603625 -4.020474 8.318405 2.390962 -4.151907 8.136769 2.605112 -3.7223 8.274211 2.384035 -3.858933 8.189767 2.522395 -3.645351 8.186972 2.603625 -3.858014 8.318405 2.390962 -3.726581 8.136769 2.472192 -3.939244 8.268202 2.254089 -3.939244 7.706244 2.254089 -3.939244 7.97951 2.25953 -3.807811 7.761647 2.25953 -4.070677 7.761647 2.25953 -3.807811 7.924107 2.25953 -4.070677 7.924107 14.83171 4.029035 1.153277 15.35744 4.029035 1.153277 14.83171 3.178384 1.153277 15.35744 3.178384 1.153277 15.09457 3.340844 1.578602 15.09457 3.866575 1.578602 15.09457 3.340844 0.7279515 15.09457 3.866575 0.7279515 15.5199 3.60371 0.8904113 15.5199 3.60371 1.416142 14.66925 3.60371 0.8904113 14.66925 3.60371 1.416142 15.09457 4.10371 1.153277 15.09457 3.10371 1.153277 14.94006 3.199201 1.403277 15.24908 3.199201 1.403277 14.94006 4.008218 1.403277 15.24908 4.008218 1.403277 15.09457 3.60371 1.653277 14.94006 3.199201 0.9032769 15.24908 3.199201 0.9032769 14.94006 4.008218 0.9032769 15.24908 4.008218 0.9032769 15.09457 3.60371 0.6532769 15.49908 3.85371 0.9987684 15.49908 3.35371 0.9987684 15.34457 3.449201 0.7487684 15.34457 3.758218 0.7487684 15.49908 3.85371 1.307785 15.49908 3.35371 1.307785 15.34457 3.449201 1.557785 15.34457 3.758218 1.557785 15.59457 3.60371 1.153277 14.69006 3.85371 0.9987684 14.69006 3.35371 0.9987684 14.84457 3.449201 0.7487684 14.84457 3.758218 0.7487684 14.69006 3.85371 1.307785 14.69006 3.35371 1.307785 14.84457 3.449201 1.557785 14.84457 3.758218 1.557785 14.59457 3.60371 1.153277 14.95794 4.084679 1.153277 15.23121 4.084679 1.153277 14.95794 3.12274 1.153277 15.23121 3.12274 1.153277 14.87763 3.172375 1.283223 15.01426 3.256819 1.5043 15.01334 3.128181 1.28471 15.31152 3.172375 1.283223 15.17488 3.256819 1.5043 15.1758 3.128181 1.28471 15.09457 3.178384 1.416142 14.87763 4.035044 1.283223 15.01426 3.9506 1.5043 15.01334 4.079238 1.28471 15.31152 4.035044 1.283223 15.17488 3.9506 1.5043 15.1758 4.079238 1.28471 15.09457 4.029035 1.416142 15.09457 3.467076 1.634246 15.09457 3.740343 1.634246 14.87763 3.172375 1.023331 15.01426 3.256819 0.8022537 15.01334 3.128181 1.021844 15.31152 3.172375 1.023331 15.17488 3.256819 0.8022537 15.1758 3.128181 1.021844 15.09457 3.178384 0.8904113 14.87763 4.035044 1.023331 15.01426 3.9506 0.8022537 15.01334 4.079238 1.021844 15.31152 4.035044 1.023331 15.17488 3.9506 0.8022537 15.1758 4.079238 1.021844 15.09457 4.029035 0.8904113 15.09457 3.467076 0.6723077 15.09457 3.740343 0.6723077 15.44146 3.954733 1.072966 15.52591 3.733656 0.9363326 15.38847 3.947805 0.9406142 15.44146 3.252686 1.072966 15.52591 3.473764 0.9363326 15.38847 3.259614 0.9406142 15.22452 3.386765 0.7219427 15.4456 3.523399 0.8063867 15.30724 3.309817 0.8091814 15.22601 3.52248 0.6777486 15.43867 3.391047 0.8593843 15.22452 3.820654 0.7219427 15.4456 3.684021 0.8063867 15.30724 3.897602 0.8091814 15.22601 3.684939 0.6777486 15.43867 3.816372 0.8593843 15.35744 3.60371 0.7279515 15.44146 3.954733 1.233588 15.52591 3.733656 1.370221 15.38847 3.947805 1.36594 15.5199 3.866575 1.153277 15.44146 3.252686 1.233588 15.52591 3.473764 1.370221 15.38847 3.259614 1.36594 15.5199 3.340844 1.153277 15.22452 3.386765 1.584611 15.4456 3.523399 1.500167 15.30724 3.309817 1.497372 15.22601 3.52248 1.628805 15.43867 3.391047 1.44717 15.22452 3.820654 1.584611 15.4456 3.684021 1.500167 15.30724 3.897602 1.497372 15.22601 3.684939 1.628805 15.43867 3.816372 1.44717 15.35744 3.60371 1.578602 15.57554 3.60371 1.016644 15.57554 3.60371 1.28991 15.5701 3.735142 1.072047 15.5701 3.472277 1.072047 15.5701 3.735142 1.234507 15.5701 3.472277 1.234507 14.74768 3.954733 1.072966 14.66324 3.733656 0.9363326 14.80068 3.947805 0.9406142 14.74768 3.252686 1.072966 14.66324 3.473764 0.9363326 14.80068 3.259614 0.9406142 14.96463 3.386765 0.7219427 14.74355 3.523399 0.8063867 14.88191 3.309817 0.8091814 14.96314 3.52248 0.6777486 14.75048 3.391047 0.8593843 14.96463 3.820654 0.7219427 14.74355 3.684021 0.8063867 14.88191 3.897602 0.8091814 14.96314 3.684939 0.6777486 14.75048 3.816372 0.8593843 14.83171 3.60371 0.7279515 14.74768 3.954733 1.233588 14.66324 3.733656 1.370221 14.80068 3.947805 1.36594 14.66925 3.866575 1.153277 14.74768 3.252686 1.233588 14.66324 3.473764 1.370221 14.80068 3.259614 1.36594 14.66925 3.340844 1.153277 14.96463 3.386765 1.584611 14.74355 3.523399 1.500167 14.88191 3.309817 1.497372 14.96314 3.52248 1.628805 14.75048 3.391047 1.44717 14.96463 3.820654 1.584611 14.74355 3.684021 1.500167 14.88191 3.897602 1.497372 14.96314 3.684939 1.628805 14.75048 3.816372 1.44717 14.83171 3.60371 1.578602 14.6136 3.60371 1.016644 14.6136 3.60371 1.28991 14.61904 3.735142 1.072047 14.61904 3.472277 1.072047 14.61904 3.735142 1.234507 14.61904 3.472277 1.234507 12.82143 -2.416571 1.80823 13.34716 -2.416571 1.80823 12.82143 -3.267222 1.80823 13.34716 -3.267222 1.80823 13.0843 -3.104762 2.233555 13.0843 -2.579031 2.233555 13.0843 -3.104762 1.382904 13.0843 -2.579031 1.382904 13.50962 -2.841896 1.545364 13.50962 -2.841896 2.071095 12.65897 -2.841896 1.545364 12.65897 -2.841896 2.071095 13.0843 -2.341896 1.80823 13.0843 -3.341896 1.80823 12.92979 -3.246405 2.05823 13.23881 -3.246405 2.05823 12.92979 -2.437388 2.05823 13.23881 -2.437388 2.05823 13.0843 -2.841896 2.30823 12.92979 -3.246405 1.55823 13.23881 -3.246405 1.55823 12.92979 -2.437388 1.55823 13.23881 -2.437388 1.55823 13.0843 -2.841896 1.30823 13.48881 -2.591896 1.653721 13.48881 -3.091896 1.653721 13.3343 -2.996405 1.403721 13.3343 -2.687388 1.403721 13.48881 -2.591896 1.962738 13.48881 -3.091896 1.962738 13.3343 -2.996405 2.212738 13.3343 -2.687388 2.212738 13.5843 -2.841896 1.80823 12.67979 -2.591896 1.653721 12.67979 -3.091896 1.653721 12.8343 -2.996405 1.403721 12.8343 -2.687388 1.403721 12.67979 -2.591896 1.962738 12.67979 -3.091896 1.962738 12.8343 -2.996405 2.212738 12.8343 -2.687388 2.212738 12.5843 -2.841896 1.80823 12.94767 -2.360927 1.80823 13.22093 -2.360927 1.80823 12.94767 -3.322866 1.80823 13.22093 -3.322866 1.80823 12.86735 -3.273231 1.938176 13.00399 -3.188787 2.159253 13.00307 -3.317425 1.939663 13.30124 -3.273231 1.938176 13.16461 -3.188787 2.159253 13.16553 -3.317425 1.939663 13.0843 -3.267222 2.071095 12.86735 -2.410562 1.938176 13.00399 -2.495006 2.159253 13.00307 -2.366368 1.939663 13.30124 -2.410562 1.938176 13.16461 -2.495006 2.159253 13.16553 -2.366368 1.939663 13.0843 -2.416571 2.071095 13.0843 -2.97853 2.289199 13.0843 -2.705263 2.289199 12.86735 -3.273231 1.678284 13.00399 -3.188787 1.457207 13.00307 -3.317425 1.676797 13.30124 -3.273231 1.678284 13.16461 -3.188787 1.457207 13.16553 -3.317425 1.676797 13.0843 -3.267222 1.545364 12.86735 -2.410562 1.678284 13.00399 -2.495006 1.457207 13.00307 -2.366368 1.676797 13.30124 -2.410562 1.678284 13.16461 -2.495006 1.457207 13.16553 -2.366368 1.676797 13.0843 -2.416571 1.545364 13.0843 -2.97853 1.327261 13.0843 -2.705263 1.327261 13.43119 -2.490873 1.727919 13.51563 -2.71195 1.591286 13.37819 -2.497801 1.595567 13.43119 -3.19292 1.727919 13.51563 -2.971842 1.591286 13.37819 -3.185992 1.595567 13.21425 -3.058841 1.376896 13.43532 -2.922207 1.46134 13.29696 -3.135789 1.464134 13.21573 -2.923126 1.332702 13.42839 -3.054559 1.514337 13.21425 -2.624952 1.376896 13.43532 -2.761585 1.46134 13.29696 -2.548004 1.464134 13.21573 -2.760667 1.332702 13.42839 -2.629234 1.514337 13.34716 -2.841896 1.382904 13.43119 -2.490873 1.888541 13.51563 -2.71195 2.025174 13.37819 -2.497801 2.020893 13.50962 -2.579031 1.80823 13.43119 -3.19292 1.888541 13.51563 -2.971842 2.025174 13.37819 -3.185992 2.020893 13.50962 -3.104762 1.80823 13.21425 -3.058841 2.239564 13.43532 -2.922207 2.15512 13.29696 -3.135789 2.152325 13.21573 -2.923126 2.283758 13.42839 -3.054559 2.102123 13.21425 -2.624952 2.239564 13.43532 -2.761585 2.15512 13.29696 -2.548004 2.152325 13.21573 -2.760667 2.283758 13.42839 -2.629234 2.102123 13.34716 -2.841896 2.233555 13.56527 -2.841896 1.671597 13.56527 -2.841896 1.944863 13.55983 -2.710464 1.727 13.55983 -2.973329 1.727 13.55983 -2.710464 1.88946 13.55983 -2.973329 1.88946 12.73741 -2.490873 1.727919 12.65296 -2.71195 1.591286 12.79041 -2.497801 1.595567 12.73741 -3.19292 1.727919 12.65296 -2.971842 1.591286 12.79041 -3.185992 1.595567 12.95435 -3.058841 1.376896 12.73328 -2.922207 1.46134 12.87164 -3.135789 1.464134 12.95287 -2.923126 1.332702 12.7402 -3.054559 1.514337 12.95435 -2.624952 1.376896 12.73328 -2.761585 1.46134 12.87164 -2.548004 1.464134 12.95287 -2.760667 1.332702 12.7402 -2.629234 1.514337 12.82143 -2.841896 1.382904 12.73741 -2.490873 1.888541 12.65296 -2.71195 2.025174 12.79041 -2.497801 2.020893 12.65897 -2.579031 1.80823 12.73741 -3.19292 1.888541 12.65296 -2.971842 2.025174 12.79041 -3.185992 2.020893 12.65897 -3.104762 1.80823 12.95435 -3.058841 2.239564 12.73328 -2.922207 2.15512 12.87164 -3.135789 2.152325 12.95287 -2.923126 2.283758 12.7402 -3.054559 2.102123 12.95435 -2.624952 2.239564 12.73328 -2.761585 2.15512 12.87164 -2.548004 2.152325 12.95287 -2.760667 2.283758 12.7402 -2.629234 2.102123 12.82143 -2.841896 2.233555 12.60333 -2.841896 1.671597 12.60333 -2.841896 1.944863 12.60877 -2.710464 1.727 12.60877 -2.973329 1.727 12.60877 -2.710464 1.88946 12.60877 -2.973329 1.88946 18.34224 -0.2506617 4.804787 18.86797 -0.2506617 4.804787 18.34224 -1.101313 4.804787 18.86797 -1.101313 4.804787 18.6051 -0.9388527 5.230112 18.6051 -0.4131216 5.230112 18.6051 -0.9388527 4.379461 18.6051 -0.4131216 4.379461 19.03043 -0.6759871 4.541921 19.03043 -0.6759871 5.067652 18.17978 -0.6759871 4.541921 18.17978 -0.6759871 5.067652 18.6051 -0.1759871 4.804787 18.6051 -1.175987 4.804787 18.45059 -1.080496 5.054787 18.75961 -1.080496 5.054787 18.45059 -0.2714787 5.054787 18.75961 -0.2714787 5.054787 18.6051 -0.6759871 5.304787 18.45059 -1.080496 4.554787 18.75961 -1.080496 4.554787 18.45059 -0.2714787 4.554787 18.75961 -0.2714787 4.554787 18.6051 -0.6759871 4.304787 19.00961 -0.4259871 4.650278 19.00961 -0.9259871 4.650278 18.8551 -0.8304956 4.400278 18.8551 -0.5214787 4.400278 19.00961 -0.4259871 4.959295 19.00961 -0.9259871 4.959295 18.8551 -0.8304956 5.209295 18.8551 -0.5214787 5.209295 19.1051 -0.6759871 4.804787 18.20059 -0.4259871 4.650278 18.20059 -0.9259871 4.650278 18.3551 -0.8304956 4.400278 18.3551 -0.5214787 4.400278 18.20059 -0.4259871 4.959295 18.20059 -0.9259871 4.959295 18.3551 -0.8304956 5.209295 18.3551 -0.5214787 5.209295 18.1051 -0.6759871 4.804787 18.46847 -0.195018 4.804787 18.74174 -0.195018 4.804787 18.46847 -1.156956 4.804787 18.74174 -1.156956 4.804787 18.38816 -1.107321 4.934733 18.52479 -1.022877 5.15581 18.52387 -1.151515 4.93622 18.82205 -1.107321 4.934733 18.68541 -1.022877 5.15581 18.68633 -1.151515 4.93622 18.6051 -1.101313 5.067652 18.38816 -0.2446529 4.934733 18.52479 -0.3290969 5.15581 18.52387 -0.2004589 4.93622 18.82205 -0.2446529 4.934733 18.68541 -0.3290969 5.15581 18.68633 -0.2004589 4.93622 18.6051 -0.2506617 5.067652 18.6051 -0.8126204 5.285756 18.6051 -0.5393539 5.285756 18.38816 -1.107321 4.674841 18.52479 -1.022877 4.453764 18.52387 -1.151515 4.673354 18.82205 -1.107321 4.674841 18.68541 -1.022877 4.453764 18.68633 -1.151515 4.673354 18.6051 -1.101313 4.541921 18.38816 -0.2446529 4.674841 18.52479 -0.3290969 4.453764 18.52387 -0.2004589 4.673354 18.82205 -0.2446529 4.674841 18.68541 -0.3290969 4.453764 18.68633 -0.2004589 4.673354 18.6051 -0.2506617 4.541921 18.6051 -0.8126204 4.323818 18.6051 -0.5393539 4.323818 18.95199 -0.3249639 4.724476 19.03644 -0.5460412 4.587842 18.89899 -0.3318917 4.592124 18.95199 -1.02701 4.724476 19.03644 -0.8059331 4.587842 18.89899 -1.020083 4.592124 18.73505 -0.8929314 4.373452 18.95613 -0.7562982 4.457896 18.81776 -0.9698798 4.460691 18.73653 -0.7572171 4.329258 18.9492 -0.8886499 4.510894 18.73505 -0.4590429 4.373452 18.95613 -0.5956761 4.457896 18.81776 -0.3820945 4.460691 18.73653 -0.5947572 4.329258 18.9492 -0.4633244 4.510894 18.86797 -0.6759871 4.379461 18.95199 -0.3249639 4.885098 19.03644 -0.5460412 5.021731 18.89899 -0.3318917 5.017449 19.03043 -0.4131216 4.804787 18.95199 -1.02701 4.885098 19.03644 -0.8059331 5.021731 18.89899 -1.020083 5.017449 19.03043 -0.9388527 4.804787 18.73505 -0.8929314 5.236121 18.95613 -0.7562982 5.151677 18.81776 -0.9698798 5.148882 18.73653 -0.7572171 5.280315 18.9492 -0.8886499 5.098679 18.73505 -0.4590429 5.236121 18.95613 -0.5956761 5.151677 18.81776 -0.3820945 5.148882 18.73653 -0.5947572 5.280315 18.9492 -0.4633244 5.098679 18.86797 -0.6759871 5.230112 19.08607 -0.6759871 4.668153 19.08607 -0.6759871 4.94142 19.08063 -0.5445544 4.723557 19.08063 -0.8074199 4.723557 19.08063 -0.5445544 4.886017 19.08063 -0.8074199 4.886017 18.25821 -0.3249639 4.724476 18.17377 -0.5460412 4.587842 18.31121 -0.3318917 4.592124 18.25821 -1.02701 4.724476 18.17377 -0.8059331 4.587842 18.31121 -1.020083 4.592124 18.47516 -0.8929314 4.373452 18.25408 -0.7562982 4.457896 18.39244 -0.9698798 4.460691 18.47367 -0.7572171 4.329258 18.26101 -0.8886499 4.510894 18.47516 -0.4590429 4.373452 18.25408 -0.5956761 4.457896 18.39244 -0.3820945 4.460691 18.47367 -0.5947572 4.329258 18.26101 -0.4633244 4.510894 18.34224 -0.6759871 4.379461 18.25821 -0.3249639 4.885098 18.17377 -0.5460412 5.021731 18.31121 -0.3318917 5.017449 18.17978 -0.4131216 4.804787 18.25821 -1.02701 4.885098 18.17377 -0.8059331 5.021731 18.31121 -1.020083 5.017449 18.17978 -0.9388527 4.804787 18.47516 -0.8929314 5.236121 18.25408 -0.7562982 5.151677 18.39244 -0.9698798 5.148882 18.47367 -0.7572171 5.280315 18.26101 -0.8886499 5.098679 18.47516 -0.4590429 5.236121 18.25408 -0.5956761 5.151677 18.39244 -0.3820945 5.148882 18.47367 -0.5947572 5.280315 18.26101 -0.4633244 5.098679 18.34224 -0.6759871 5.230112 18.12413 -0.6759871 4.668153 18.12413 -0.6759871 4.94142 18.12957 -0.5445544 4.723557 18.12957 -0.8074199 4.723557 18.12957 -0.5445544 4.886017 18.12957 -0.8074199 4.886017 14.30888 1.910219 4.838034 14.83461 1.910219 4.838034 14.30888 1.059568 4.838034 14.83461 1.059568 4.838034 14.57174 1.222028 5.26336 14.57174 1.747759 5.26336 14.57174 1.222028 4.412709 14.57174 1.747759 4.412709 14.99707 1.484894 4.575169 14.99707 1.484894 5.1009 14.14642 1.484894 4.575169 14.14642 1.484894 5.1009 14.57174 1.984894 4.838034 14.57174 0.9848935 4.838034 14.41723 1.080385 5.088034 14.72625 1.080385 5.088034 14.41723 1.889402 5.088034 14.72625 1.889402 5.088034 14.57174 1.484894 5.338034 14.41723 1.080385 4.588034 14.72625 1.080385 4.588034 14.41723 1.889402 4.588034 14.72625 1.889402 4.588034 14.57174 1.484894 4.338034 14.97625 1.734894 4.683526 14.97625 1.234894 4.683526 14.82174 1.330385 4.433526 14.82174 1.639402 4.433526 14.97625 1.734894 4.992543 14.97625 1.234894 4.992543 14.82174 1.330385 5.242543 14.82174 1.639402 5.242543 15.07174 1.484894 4.838034 14.16723 1.734894 4.683526 14.16723 1.234894 4.683526 14.32174 1.330385 4.433526 14.32174 1.639402 4.433526 14.16723 1.734894 4.992543 14.16723 1.234894 4.992543 14.32174 1.330385 5.242543 14.32174 1.639402 5.242543 14.07174 1.484894 4.838034 14.43511 1.965863 4.838034 14.70838 1.965863 4.838034 14.43511 1.003924 4.838034 14.70838 1.003924 4.838034 14.3548 1.053559 4.96798 14.49143 1.138003 5.189057 14.49051 1.009365 4.969467 14.78869 1.053559 4.96798 14.65205 1.138003 5.189057 14.65297 1.009365 4.969467 14.57174 1.059568 5.1009 14.3548 1.916228 4.96798 14.49143 1.831784 5.189057 14.49051 1.960422 4.969467 14.78869 1.916228 4.96798 14.65205 1.831784 5.189057 14.65297 1.960422 4.969467 14.57174 1.910219 5.1009 14.57174 1.34826 5.319003 14.57174 1.621527 5.319003 14.3548 1.053559 4.708088 14.49143 1.138003 4.487011 14.49051 1.009365 4.706601 14.78869 1.053559 4.708088 14.65205 1.138003 4.487011 14.65297 1.009365 4.706601 14.57174 1.059568 4.575169 14.3548 1.916228 4.708088 14.49143 1.831784 4.487011 14.49051 1.960422 4.706601 14.78869 1.916228 4.708088 14.65205 1.831784 4.487011 14.65297 1.960422 4.706601 14.57174 1.910219 4.575169 14.57174 1.34826 4.357065 14.57174 1.621527 4.357065 14.91863 1.835917 4.757723 15.00308 1.614839 4.62109 14.86564 1.828989 4.625372 14.91863 1.13387 4.757723 15.00308 1.354948 4.62109 14.86564 1.140798 4.625372 14.70169 1.267949 4.4067 14.92277 1.404583 4.491144 14.78441 1.191001 4.493939 14.70318 1.403664 4.362506 14.91584 1.272231 4.544142 14.70169 1.701838 4.4067 14.92277 1.565205 4.491144 14.78441 1.778786 4.493939 14.70318 1.566123 4.362506 14.91584 1.697556 4.544142 14.83461 1.484894 4.412709 14.91863 1.835917 4.918345 15.00308 1.614839 5.054978 14.86564 1.828989 5.050697 14.99707 1.747759 4.838034 14.91863 1.13387 4.918345 15.00308 1.354948 5.054978 14.86564 1.140798 5.050697 14.99707 1.222028 4.838034 14.70169 1.267949 5.269368 14.92277 1.404583 5.184924 14.78441 1.191001 5.18213 14.70318 1.403664 5.313562 14.91584 1.272231 5.131927 14.70169 1.701838 5.269368 14.92277 1.565205 5.184924 14.78441 1.778786 5.18213 14.70318 1.566123 5.313562 14.91584 1.697556 5.131927 14.83461 1.484894 5.26336 15.05271 1.484894 4.701401 15.05271 1.484894 4.974667 15.04727 1.616326 4.756804 15.04727 1.353461 4.756804 15.04727 1.616326 4.919264 15.04727 1.353461 4.919264 14.22485 1.835917 4.757723 14.14041 1.614839 4.62109 14.27785 1.828989 4.625372 14.22485 1.13387 4.757723 14.14041 1.354948 4.62109 14.27785 1.140798 4.625372 14.4418 1.267949 4.4067 14.22072 1.404583 4.491144 14.35908 1.191001 4.493939 14.44031 1.403664 4.362506 14.22765 1.272231 4.544142 14.4418 1.701838 4.4067 14.22072 1.565205 4.491144 14.35908 1.778786 4.493939 14.44031 1.566123 4.362506 14.22765 1.697556 4.544142 14.30888 1.484894 4.412709 14.22485 1.835917 4.918345 14.14041 1.614839 5.054978 14.27785 1.828989 5.050697 14.14642 1.747759 4.838034 14.22485 1.13387 4.918345 14.14041 1.354948 5.054978 14.27785 1.140798 5.050697 14.14642 1.222028 4.838034 14.4418 1.267949 5.269368 14.22072 1.404583 5.184924 14.35908 1.191001 5.18213 14.44031 1.403664 5.313562 14.22765 1.272231 5.131927 14.4418 1.701838 5.269368 14.22072 1.565205 5.184924 14.35908 1.778786 5.18213 14.44031 1.566123 5.313562 14.22765 1.697556 5.131927 14.30888 1.484894 5.26336 14.09077 1.484894 4.701401 14.09077 1.484894 4.974667 14.09621 1.616326 4.756804 14.09621 1.353461 4.756804 14.09621 1.616326 4.919264 14.09621 1.353461 4.919264 17.47022 -3.406105 1.267638 17.99595 -3.406105 1.267638 17.47022 -4.256756 1.267638 17.99595 -4.256756 1.267638 17.73308 -4.094296 1.692963 17.73308 -3.568565 1.692963 17.73308 -4.094296 0.8423122 17.73308 -3.568565 0.8423122 18.15841 -3.831431 1.004772 18.15841 -3.831431 1.530503 17.30776 -3.831431 1.004772 17.30776 -3.831431 1.530503 17.73308 -3.331431 1.267638 17.73308 -4.331431 1.267638 17.57857 -4.235939 1.517638 17.88759 -4.235939 1.517638 17.57857 -3.426922 1.517638 17.88759 -3.426922 1.517638 17.73308 -3.831431 1.767638 17.57857 -4.235939 1.017638 17.88759 -4.235939 1.017638 17.57857 -3.426922 1.017638 17.88759 -3.426922 1.017638 17.73308 -3.831431 0.7676376 18.13759 -3.581431 1.113129 18.13759 -4.081431 1.113129 17.98308 -3.985939 0.8631291 17.98308 -3.676922 0.8631291 18.13759 -3.581431 1.422146 18.13759 -4.081431 1.422146 17.98308 -3.985939 1.672146 17.98308 -3.676922 1.672146 18.23308 -3.831431 1.267638 17.32857 -3.581431 1.113129 17.32857 -4.081431 1.113129 17.48308 -3.985939 0.8631291 17.48308 -3.676922 0.8631291 17.32857 -3.581431 1.422146 17.32857 -4.081431 1.422146 17.48308 -3.985939 1.672146 17.48308 -3.676922 1.672146 17.23308 -3.831431 1.267638 17.59645 -3.350461 1.267638 17.86972 -3.350461 1.267638 17.59645 -4.3124 1.267638 17.86972 -4.3124 1.267638 17.51614 -4.262765 1.397584 17.65277 -4.178321 1.618661 17.65185 -4.306959 1.39907 17.95003 -4.262765 1.397584 17.81339 -4.178321 1.618661 17.81431 -4.306959 1.39907 17.73308 -4.256756 1.530503 17.51614 -3.400096 1.397584 17.65277 -3.48454 1.618661 17.65185 -3.355902 1.39907 17.95003 -3.400096 1.397584 17.81339 -3.48454 1.618661 17.81431 -3.355902 1.39907 17.73308 -3.406105 1.530503 17.73308 -3.968064 1.748607 17.73308 -3.694797 1.748607 17.51614 -4.262765 1.137692 17.65277 -4.178321 0.9166144 17.65185 -4.306959 1.136205 17.95003 -4.262765 1.137692 17.81339 -4.178321 0.9166144 17.81431 -4.306959 1.136205 17.73308 -4.256756 1.004772 17.51614 -3.400096 1.137692 17.65277 -3.48454 0.9166144 17.65185 -3.355902 1.136205 17.95003 -3.400096 1.137692 17.81339 -3.48454 0.9166144 17.81431 -3.355902 1.136205 17.73308 -3.406105 1.004772 17.73308 -3.968064 0.7866684 17.73308 -3.694797 0.7866684 18.07997 -3.480407 1.187327 18.16442 -3.701485 1.050693 18.02698 -3.487335 1.054975 18.07997 -4.182454 1.187327 18.16442 -3.961376 1.050693 18.02698 -4.175526 1.054975 17.86303 -4.048375 0.8363034 18.08411 -3.911742 0.9207474 17.94575 -4.125323 0.9235421 17.86452 -3.91266 0.7921094 18.07718 -4.044093 0.973745 17.86303 -3.614486 0.8363034 18.08411 -3.75112 0.9207474 17.94575 -3.537538 0.9235421 17.86452 -3.750201 0.7921094 18.07718 -3.618768 0.973745 17.99595 -3.831431 0.8423122 18.07997 -3.480407 1.347949 18.16442 -3.701485 1.484582 18.02698 -3.487335 1.4803 18.15841 -3.568565 1.267638 18.07997 -4.182454 1.347949 18.16442 -3.961376 1.484582 18.02698 -4.175526 1.4803 18.15841 -4.094296 1.267638 17.86303 -4.048375 1.698972 18.08411 -3.911742 1.614528 17.94575 -4.125323 1.611733 17.86452 -3.91266 1.743166 18.07718 -4.044093 1.56153 17.86303 -3.614486 1.698972 18.08411 -3.75112 1.614528 17.94575 -3.537538 1.611733 17.86452 -3.750201 1.743166 18.07718 -3.618768 1.56153 17.99595 -3.831431 1.692963 18.21405 -3.831431 1.131004 18.21405 -3.831431 1.404271 18.20861 -3.699998 1.186408 18.20861 -3.962863 1.186408 18.20861 -3.699998 1.348868 18.20861 -3.962863 1.348868 17.38619 -3.480407 1.187327 17.30175 -3.701485 1.050693 17.43919 -3.487335 1.054975 17.38619 -4.182454 1.187327 17.30175 -3.961376 1.050693 17.43919 -4.175526 1.054975 17.60314 -4.048375 0.8363034 17.38206 -3.911742 0.9207474 17.52042 -4.125323 0.9235421 17.60165 -3.91266 0.7921094 17.38899 -4.044093 0.973745 17.60314 -3.614486 0.8363034 17.38206 -3.75112 0.9207474 17.52042 -3.537538 0.9235421 17.60165 -3.750201 0.7921094 17.38899 -3.618768 0.973745 17.47022 -3.831431 0.8423122 17.38619 -3.480407 1.347949 17.30175 -3.701485 1.484582 17.43919 -3.487335 1.4803 17.30776 -3.568565 1.267638 17.38619 -4.182454 1.347949 17.30175 -3.961376 1.484582 17.43919 -4.175526 1.4803 17.30776 -4.094296 1.267638 17.60314 -4.048375 1.698972 17.38206 -3.911742 1.614528 17.52042 -4.125323 1.611733 17.60165 -3.91266 1.743166 17.38899 -4.044093 1.56153 17.60314 -3.614486 1.698972 17.38206 -3.75112 1.614528 17.52042 -3.537538 1.611733 17.60165 -3.750201 1.743166 17.38899 -3.618768 1.56153 17.47022 -3.831431 1.692963 17.25211 -3.831431 1.131004 17.25211 -3.831431 1.404271 17.25756 -3.699998 1.186408 17.25756 -3.962863 1.186408 17.25756 -3.699998 1.348868 17.25756 -3.962863 1.348868 17.2342 0.9267105 0.00678231 17.75994 0.9267105 0.00678231 17.2342 0.07605966 0.00678231 17.75994 0.07605966 0.00678231 17.49707 0.2385195 0.4321077 17.49707 0.7642506 0.4321077 17.49707 0.2385195 -0.4185431 17.49707 0.7642506 -0.4185431 17.9224 0.5013851 -0.2560832 17.9224 0.5013851 0.2696479 17.07174 0.5013851 -0.2560832 17.07174 0.5013851 0.2696479 17.49707 1.001385 0.00678231 17.49707 0.001385063 0.00678231 17.34256 0.09687657 0.2567823 17.65158 0.09687657 0.2567823 17.34256 0.9058936 0.2567823 17.65158 0.9058936 0.2567823 17.49707 0.5013851 0.5067823 17.34256 0.09687657 -0.2432177 17.65158 0.09687657 -0.2432177 17.34256 0.9058936 -0.2432177 17.65158 0.9058936 -0.2432177 17.49707 0.5013851 -0.4932177 17.90158 0.7513851 -0.1477262 17.90158 0.2513851 -0.1477262 17.74707 0.3468766 -0.3977262 17.74707 0.6558936 -0.3977262 17.90158 0.7513851 0.1612908 17.90158 0.2513851 0.1612908 17.74707 0.3468766 0.4112908 17.74707 0.6558936 0.4112908 17.99707 0.5013851 0.00678231 17.09256 0.7513851 -0.1477262 17.09256 0.2513851 -0.1477262 17.24707 0.3468766 -0.3977262 17.24707 0.6558936 -0.3977262 17.09256 0.7513851 0.1612908 17.09256 0.2513851 0.1612908 17.24707 0.3468766 0.4112908 17.24707 0.6558936 0.4112908 16.99707 0.5013851 0.00678231 17.36044 0.9823542 0.00678231 17.6337 0.9823542 0.00678231 17.36044 0.02041588 0.00678231 17.6337 0.02041588 0.00678231 17.28013 0.07005082 0.1367283 17.41676 0.1544948 0.3578055 17.41584 0.0258568 0.1382151 17.71401 0.07005082 0.1367283 17.57738 0.1544948 0.3578055 17.5783 0.0258568 0.1382151 17.49707 0.07605966 0.2696479 17.28013 0.9327193 0.1367283 17.41676 0.8482753 0.3578055 17.41584 0.9769133 0.1382151 17.71401 0.9327193 0.1367283 17.57738 0.8482753 0.3578055 17.5783 0.9769133 0.1382151 17.49707 0.9267105 0.2696479 17.49707 0.3647518 0.4877515 17.49707 0.6380183 0.4877515 17.28013 0.07005082 -0.1231636 17.41676 0.1544948 -0.3442409 17.41584 0.0258568 -0.1246505 17.71401 0.07005082 -0.1231636 17.57738 0.1544948 -0.3442409 17.5783 0.0258568 -0.1246505 17.49707 0.07605966 -0.2560832 17.28013 0.9327193 -0.1231636 17.41676 0.8482753 -0.3442409 17.41584 0.9769133 -0.1246505 17.71401 0.9327193 -0.1231636 17.57738 0.8482753 -0.3442409 17.5783 0.9769133 -0.1246505 17.49707 0.9267105 -0.2560832 17.49707 0.3647518 -0.4741869 17.49707 0.6380183 -0.4741869 17.84396 0.8524083 -0.07352871 17.9284 0.631331 -0.210162 17.79096 0.8454805 -0.2058804 17.84396 0.1503618 -0.07352871 17.9284 0.3714391 -0.210162 17.79096 0.1572896 -0.2058804 17.62702 0.2844408 -0.4245519 17.84809 0.421074 -0.3401079 17.70973 0.2074924 -0.3373132 17.6285 0.4201551 -0.4687459 17.84117 0.2887224 -0.2871103 17.62702 0.7183293 -0.4245519 17.84809 0.5816961 -0.3401079 17.70973 0.7952777 -0.3373132 17.6285 0.582615 -0.4687459 17.84117 0.7140478 -0.2871103 17.75994 0.5013851 -0.4185431 17.84396 0.8524083 0.08709333 17.9284 0.631331 0.2237266 17.79096 0.8454805 0.219445 17.9224 0.7642506 0.00678231 17.84396 0.1503618 0.08709333 17.9284 0.3714391 0.2237266 17.79096 0.1572896 0.219445 17.9224 0.2385195 0.00678231 17.62702 0.2844408 0.4381165 17.84809 0.421074 0.3536725 17.70973 0.2074924 0.3508778 17.6285 0.4201551 0.4823106 17.84117 0.2887224 0.3006749 17.62702 0.7183293 0.4381165 17.84809 0.5816961 0.3536725 17.70973 0.7952777 0.3508778 17.6285 0.582615 0.4823106 17.84117 0.7140478 0.3006749 17.75994 0.5013851 0.4321077 17.97804 0.5013851 -0.129851 17.97804 0.5013851 0.1434156 17.9726 0.6328178 -0.07444761 17.9726 0.3699523 -0.07444761 17.9726 0.6328178 0.08801223 17.9726 0.3699523 0.08801223 17.15018 0.8524083 -0.07352871 17.06574 0.631331 -0.210162 17.20318 0.8454805 -0.2058804 17.15018 0.1503618 -0.07352871 17.06574 0.3714391 -0.210162 17.20318 0.1572896 -0.2058804 17.36712 0.2844408 -0.4245519 17.14605 0.421074 -0.3401079 17.28441 0.2074924 -0.3373132 17.36564 0.4201551 -0.4687459 17.15297 0.2887224 -0.2871103 17.36712 0.7183293 -0.4245519 17.14605 0.5816961 -0.3401079 17.28441 0.7952777 -0.3373132 17.36564 0.582615 -0.4687459 17.15297 0.7140478 -0.2871103 17.2342 0.5013851 -0.4185431 17.15018 0.8524083 0.08709333 17.06574 0.631331 0.2237266 17.20318 0.8454805 0.219445 17.07174 0.7642506 0.00678231 17.15018 0.1503618 0.08709333 17.06574 0.3714391 0.2237266 17.20318 0.1572896 0.219445 17.07174 0.2385195 0.00678231 17.36712 0.2844408 0.4381165 17.14605 0.421074 0.3536725 17.28441 0.2074924 0.3508778 17.36564 0.4201551 0.4823106 17.15297 0.2887224 0.3006749 17.36712 0.7183293 0.4381165 17.14605 0.5816961 0.3536725 17.28441 0.7952777 0.3508778 17.36564 0.582615 0.4823106 17.15297 0.7140478 0.3006749 17.2342 0.5013851 0.4321077 17.0161 0.5013851 -0.129851 17.0161 0.5013851 0.1434156 17.02154 0.6328178 -0.07444761 17.02154 0.3699523 -0.07444761 17.02154 0.6328178 0.08801223 17.02154 0.3699523 0.08801223 11.7076 4.255252 6.833508 12.23333 4.255252 6.833508 11.7076 3.404601 6.833508 12.23333 3.404601 6.833508 11.97047 3.567061 7.258833 11.97047 4.092792 7.258833 11.97047 3.567061 6.408182 11.97047 4.092792 6.408182 12.39579 3.829927 6.570642 12.39579 3.829927 7.096373 11.54514 3.829927 6.570642 11.54514 3.829927 7.096373 11.97047 4.329927 6.833508 11.97047 3.329927 6.833508 11.81596 3.425418 7.083508 12.12498 3.425418 7.083508 11.81596 4.234435 7.083508 12.12498 4.234435 7.083508 11.97047 3.829927 7.333508 11.81596 3.425418 6.583508 12.12498 3.425418 6.583508 11.81596 4.234435 6.583508 12.12498 4.234435 6.583508 11.97047 3.829927 6.333508 12.37498 4.079927 6.678999 12.37498 3.579927 6.678999 12.22047 3.675418 6.428999 12.22047 3.984435 6.428999 12.37498 4.079927 6.988016 12.37498 3.579927 6.988016 12.22047 3.675418 7.238016 12.22047 3.984435 7.238016 12.47047 3.829927 6.833508 11.56596 4.079927 6.678999 11.56596 3.579927 6.678999 11.72047 3.675418 6.428999 11.72047 3.984435 6.428999 11.56596 4.079927 6.988016 11.56596 3.579927 6.988016 11.72047 3.675418 7.238016 11.72047 3.984435 7.238016 11.47047 3.829927 6.833508 11.83383 4.310896 6.833508 12.1071 4.310896 6.833508 11.83383 3.348957 6.833508 12.1071 3.348957 6.833508 11.75352 3.398592 6.963454 11.89016 3.483036 7.184531 11.88924 3.354398 6.964941 12.18741 3.398592 6.963454 12.05078 3.483036 7.184531 12.0517 3.354398 6.964941 11.97047 3.404601 7.096373 11.75352 4.261261 6.963454 11.89016 4.176817 7.184531 11.88924 4.305455 6.964941 12.18741 4.261261 6.963454 12.05078 4.176817 7.184531 12.0517 4.305455 6.964941 11.97047 4.255252 7.096373 11.97047 3.693293 7.314477 11.97047 3.96656 7.314477 11.75352 3.398592 6.703562 11.89016 3.483036 6.482485 11.88924 3.354398 6.702075 12.18741 3.398592 6.703562 12.05078 3.483036 6.482485 12.0517 3.354398 6.702075 11.97047 3.404601 6.570642 11.75352 4.261261 6.703562 11.89016 4.176817 6.482485 11.88924 4.305455 6.702075 12.18741 4.261261 6.703562 12.05078 4.176817 6.482485 12.0517 4.305455 6.702075 11.97047 4.255252 6.570642 11.97047 3.693293 6.352539 11.97047 3.96656 6.352539 12.31736 4.18095 6.753197 12.4018 3.959873 6.616564 12.26436 4.174022 6.620845 12.31736 3.478903 6.753197 12.4018 3.699981 6.616564 12.26436 3.485831 6.620845 12.10041 3.612982 6.402174 12.32149 3.749616 6.486618 12.18313 3.536034 6.489412 12.1019 3.748697 6.35798 12.31456 3.617264 6.539615 12.10041 4.046871 6.402174 12.32149 3.910238 6.486618 12.18313 4.123819 6.489412 12.1019 3.911157 6.35798 12.31456 4.042589 6.539615 12.23333 3.829927 6.408182 12.31736 4.18095 6.913819 12.4018 3.959873 7.050452 12.26436 4.174022 7.046171 12.39579 4.092792 6.833508 12.31736 3.478903 6.913819 12.4018 3.699981 7.050452 12.26436 3.485831 7.046171 12.39579 3.567061 6.833508 12.10041 3.612982 7.264842 12.32149 3.749616 7.180398 12.18313 3.536034 7.177603 12.1019 3.748697 7.309036 12.31456 3.617264 7.127401 12.10041 4.046871 7.264842 12.32149 3.910238 7.180398 12.18313 4.123819 7.177603 12.1019 3.911157 7.309036 12.31456 4.042589 7.127401 12.23333 3.829927 7.258833 12.45144 3.829927 6.696875 12.45144 3.829927 6.970141 12.44599 3.961359 6.752278 12.44599 3.698494 6.752278 12.44599 3.961359 6.914738 12.44599 3.698494 6.914738 11.62358 4.18095 6.753197 11.53913 3.959873 6.616564 11.67657 4.174022 6.620845 11.62358 3.478903 6.753197 11.53913 3.699981 6.616564 11.67657 3.485831 6.620845 11.84052 3.612982 6.402174 11.61944 3.749616 6.486618 11.7578 3.536034 6.489412 11.83903 3.748697 6.35798 11.62637 3.617264 6.539615 11.84052 4.046871 6.402174 11.61944 3.910238 6.486618 11.7578 4.123819 6.489412 11.83903 3.911157 6.35798 11.62637 4.042589 6.539615 11.7076 3.829927 6.408182 11.62358 4.18095 6.913819 11.53913 3.959873 7.050452 11.67657 4.174022 7.046171 11.54514 4.092792 6.833508 11.62358 3.478903 6.913819 11.53913 3.699981 7.050452 11.67657 3.485831 7.046171 11.54514 3.567061 6.833508 11.84052 3.612982 7.264842 11.61944 3.749616 7.180398 11.7578 3.536034 7.177603 11.83903 3.748697 7.309036 11.62637 3.617264 7.127401 11.84052 4.046871 7.264842 11.61944 3.910238 7.180398 11.7578 4.123819 7.177603 11.83903 3.911157 7.309036 11.62637 4.042589 7.127401 11.7076 3.829927 7.258833 11.4895 3.829927 6.696875 11.4895 3.829927 6.970141 11.49494 3.961359 6.752278 11.49494 3.698494 6.752278 11.49494 3.961359 6.914738 11.49494 3.698494 6.914738 18.075 3.652248 6.037148 18.60073 3.652248 6.037148 18.075 2.801598 6.037148 18.60073 2.801598 6.037148 18.33787 2.964057 6.462474 18.33787 3.489789 6.462474 18.33787 2.964057 5.611823 18.33787 3.489789 5.611823 18.76319 3.226923 5.774283 18.76319 3.226923 6.300014 17.91254 3.226923 5.774283 17.91254 3.226923 6.300014 18.33787 3.726923 6.037148 18.33787 2.726923 6.037148 18.18336 2.822415 6.287148 18.49237 2.822415 6.287148 18.18336 3.631432 6.287148 18.49237 3.631432 6.287148 18.33787 3.226923 6.537148 18.18336 2.822415 5.787148 18.49237 2.822415 5.787148 18.18336 3.631432 5.787148 18.49237 3.631432 5.787148 18.33787 3.226923 5.537148 18.74237 3.476923 5.88264 18.74237 2.976923 5.88264 18.58787 3.072415 5.63264 18.58787 3.381432 5.63264 18.74237 3.476923 6.191657 18.74237 2.976923 6.191657 18.58787 3.072415 6.441657 18.58787 3.381432 6.441657 18.83787 3.226923 6.037148 17.93336 3.476923 5.88264 17.93336 2.976923 5.88264 18.08787 3.072415 5.63264 18.08787 3.381432 5.63264 17.93336 3.476923 6.191657 17.93336 2.976923 6.191657 18.08787 3.072415 6.441657 18.08787 3.381432 6.441657 17.83787 3.226923 6.037148 18.20123 3.707892 6.037148 18.4745 3.707892 6.037148 18.20123 2.745954 6.037148 18.4745 2.745954 6.037148 18.12092 2.795589 6.167094 18.25756 2.880033 6.388171 18.25664 2.751395 6.168581 18.55481 2.795589 6.167094 18.41818 2.880033 6.388171 18.4191 2.751395 6.168581 18.33787 2.801598 6.300014 18.12092 3.658257 6.167094 18.25756 3.573813 6.388171 18.25664 3.702451 6.168581 18.55481 3.658257 6.167094 18.41818 3.573813 6.388171 18.4191 3.702451 6.168581 18.33787 3.652248 6.300014 18.33787 3.09029 6.518117 18.33787 3.363556 6.518117 18.12092 2.795589 5.907202 18.25756 2.880033 5.686125 18.25664 2.751395 5.905715 18.55481 2.795589 5.907202 18.41818 2.880033 5.686125 18.4191 2.751395 5.905715 18.33787 2.801598 5.774283 18.12092 3.658257 5.907202 18.25756 3.573813 5.686125 18.25664 3.702451 5.905715 18.55481 3.658257 5.907202 18.41818 3.573813 5.686125 18.4191 3.702451 5.905715 18.33787 3.652248 5.774283 18.33787 3.09029 5.556179 18.33787 3.363556 5.556179 18.68476 3.577946 5.956837 18.7692 3.356869 5.820204 18.63176 3.571019 5.824485 18.68476 2.8759 5.956837 18.7692 3.096977 5.820204 18.63176 2.882828 5.824485 18.46781 3.009979 5.605814 18.68889 3.146612 5.690258 18.55053 2.93303 5.693053 18.4693 3.145693 5.56162 18.68196 3.01426 5.743255 18.46781 3.443867 5.605814 18.68889 3.307234 5.690258 18.55053 3.520816 5.693053 18.4693 3.308153 5.56162 18.68196 3.439586 5.743255 18.60073 3.226923 5.611823 18.68476 3.577946 6.117459 18.7692 3.356869 6.254092 18.63176 3.571019 6.249811 18.76319 3.489789 6.037148 18.68476 2.8759 6.117459 18.7692 3.096977 6.254092 18.63176 2.882828 6.249811 18.76319 2.964057 6.037148 18.46781 3.009979 6.468482 18.68889 3.146612 6.384038 18.55053 2.93303 6.381244 18.4693 3.145693 6.512676 18.68196 3.01426 6.331041 18.46781 3.443867 6.468482 18.68889 3.307234 6.384038 18.55053 3.520816 6.381244 18.4693 3.308153 6.512676 18.68196 3.439586 6.331041 18.60073 3.226923 6.462474 18.81884 3.226923 5.900515 18.81884 3.226923 6.173781 18.81339 3.358356 5.955918 18.81339 3.09549 5.955918 18.81339 3.358356 6.118378 18.81339 3.09549 6.118378 17.99098 3.577946 5.956837 17.90653 3.356869 5.820204 18.04397 3.571019 5.824485 17.99098 2.8759 5.956837 17.90653 3.096977 5.820204 18.04397 2.882828 5.824485 18.20792 3.009979 5.605814 17.98684 3.146612 5.690258 18.1252 2.93303 5.693053 18.20643 3.145693 5.56162 17.99377 3.01426 5.743255 18.20792 3.443867 5.605814 17.98684 3.307234 5.690258 18.1252 3.520816 5.693053 18.20643 3.308153 5.56162 17.99377 3.439586 5.743255 18.075 3.226923 5.611823 17.99098 3.577946 6.117459 17.90653 3.356869 6.254092 18.04397 3.571019 6.249811 17.91254 3.489789 6.037148 17.99098 2.8759 6.117459 17.90653 3.096977 6.254092 18.04397 2.882828 6.249811 17.91254 2.964057 6.037148 18.20792 3.009979 6.468482 17.98684 3.146612 6.384038 18.1252 2.93303 6.381244 18.20643 3.145693 6.512676 17.99377 3.01426 6.331041 18.20792 3.443867 6.468482 17.98684 3.307234 6.384038 18.1252 3.520816 6.381244 18.20643 3.308153 6.512676 17.99377 3.439586 6.331041 18.075 3.226923 6.462474 17.8569 3.226923 5.900515 17.8569 3.226923 6.173781 17.86234 3.358356 5.955918 17.86234 3.09549 5.955918 17.86234 3.358356 6.118378 17.86234 3.09549 6.118378 10.7869 3.260143 2.869829 11.31264 3.260143 2.869829 10.7869 2.409492 2.869829 11.31264 2.409492 2.869829 11.04977 2.571952 3.295154 11.04977 3.097683 3.295154 11.04977 2.571952 2.444503 11.04977 3.097683 2.444503 11.47509 2.834818 2.606963 11.47509 2.834818 3.132694 10.62444 2.834818 2.606963 10.62444 2.834818 3.132694 11.04977 3.334818 2.869829 11.04977 2.334818 2.869829 10.89526 2.430309 3.119829 11.20428 2.430309 3.119829 10.89526 3.239326 3.119829 11.20428 3.239326 3.119829 11.04977 2.834818 3.369829 10.89526 2.430309 2.619829 11.20428 2.430309 2.619829 10.89526 3.239326 2.619829 11.20428 3.239326 2.619829 11.04977 2.834818 2.369829 11.45428 3.084818 2.71532 11.45428 2.584818 2.71532 11.29977 2.680309 2.46532 11.29977 2.989326 2.46532 11.45428 3.084818 3.024337 11.45428 2.584818 3.024337 11.29977 2.680309 3.274337 11.29977 2.989326 3.274337 11.54977 2.834818 2.869829 10.64526 3.084818 2.71532 10.64526 2.584818 2.71532 10.79977 2.680309 2.46532 10.79977 2.989326 2.46532 10.64526 3.084818 3.024337 10.64526 2.584818 3.024337 10.79977 2.680309 3.274337 10.79977 2.989326 3.274337 10.54977 2.834818 2.869829 10.91314 3.315787 2.869829 11.1864 3.315787 2.869829 10.91314 2.353849 2.869829 11.1864 2.353849 2.869829 10.83283 2.403484 2.999775 10.96946 2.487928 3.220852 10.96854 2.35929 3.001262 11.26671 2.403484 2.999775 11.13008 2.487928 3.220852 11.131 2.35929 3.001262 11.04977 2.409492 3.132694 10.83283 3.266152 2.999775 10.96946 3.181708 3.220852 10.96854 3.310346 3.001262 11.26671 3.266152 2.999775 11.13008 3.181708 3.220852 11.131 3.310346 3.001262 11.04977 3.260143 3.132694 11.04977 2.698185 3.350798 11.04977 2.971451 3.350798 10.83283 2.403484 2.739883 10.96946 2.487928 2.518806 10.96854 2.35929 2.738396 11.26671 2.403484 2.739883 11.13008 2.487928 2.518806 11.131 2.35929 2.738396 11.04977 2.409492 2.606963 10.83283 3.266152 2.739883 10.96946 3.181708 2.518806 10.96854 3.310346 2.738396 11.26671 3.266152 2.739883 11.13008 3.181708 2.518806 11.131 3.310346 2.738396 11.04977 3.260143 2.606963 11.04977 2.698185 2.38886 11.04977 2.971451 2.38886 11.39666 3.185841 2.789518 11.4811 2.964764 2.652885 11.34366 3.178913 2.657166 11.39666 2.483795 2.789518 11.4811 2.704872 2.652885 11.34366 2.490722 2.657166 11.17972 2.617874 2.438495 11.40079 2.754507 2.522939 11.26243 2.540925 2.525733 11.1812 2.753588 2.394301 11.39387 2.622155 2.575936 11.17972 3.051762 2.438495 11.40079 2.915129 2.522939 11.26243 3.128711 2.525733 11.1812 2.916048 2.394301 11.39387 3.047481 2.575936 11.31264 2.834818 2.444503 11.39666 3.185841 2.95014 11.4811 2.964764 3.086773 11.34366 3.178913 3.082492 11.47509 3.097683 2.869829 11.39666 2.483795 2.95014 11.4811 2.704872 3.086773 11.34366 2.490722 3.082492 11.47509 2.571952 2.869829 11.17972 2.617874 3.301163 11.40079 2.754507 3.216719 11.26243 2.540925 3.213924 11.1812 2.753588 3.345357 11.39387 2.622155 3.163721 11.17972 3.051762 3.301163 11.40079 2.915129 3.216719 11.26243 3.128711 3.213924 11.1812 2.916048 3.345357 11.39387 3.047481 3.163721 11.31264 2.834818 3.295154 11.53074 2.834818 2.733196 11.53074 2.834818 3.006462 11.5253 2.966251 2.788599 11.5253 2.703385 2.788599 11.5253 2.966251 2.951059 11.5253 2.703385 2.951059 10.70288 3.185841 2.789518 10.61844 2.964764 2.652885 10.75588 3.178913 2.657166 10.70288 2.483795 2.789518 10.61844 2.704872 2.652885 10.75588 2.490722 2.657166 10.91982 2.617874 2.438495 10.69875 2.754507 2.522939 10.83711 2.540925 2.525733 10.91834 2.753588 2.394301 10.70567 2.622155 2.575936 10.91982 3.051762 2.438495 10.69875 2.915129 2.522939 10.83711 3.128711 2.525733 10.91834 2.916048 2.394301 10.70567 3.047481 2.575936 10.7869 2.834818 2.444503 10.70288 3.185841 2.95014 10.61844 2.964764 3.086773 10.75588 3.178913 3.082492 10.62444 3.097683 2.869829 10.70288 2.483795 2.95014 10.61844 2.704872 3.086773 10.75588 2.490722 3.082492 10.62444 2.571952 2.869829 10.91982 2.617874 3.301163 10.69875 2.754507 3.216719 10.83711 2.540925 3.213924 10.91834 2.753588 3.345357 10.70567 2.622155 3.163721 10.91982 3.051762 3.301163 10.69875 2.915129 3.216719 10.83711 3.128711 3.213924 10.91834 2.916048 3.345357 10.70567 3.047481 3.163721 10.7869 2.834818 3.295154 10.5688 2.834818 2.733196 10.5688 2.834818 3.006462 10.57424 2.966251 2.788599 10.57424 2.703385 2.788599 10.57424 2.966251 2.951059 10.57424 2.703385 2.951059 11.53605 -0.6094929 6.512139 12.06178 -0.6094929 6.512139 11.53605 -1.460144 6.512139 12.06178 -1.460144 6.512139 11.79891 -1.297684 6.937464 11.79891 -0.7719528 6.937464 11.79891 -1.297684 6.086814 11.79891 -0.7719528 6.086814 12.22424 -1.034818 6.249273 12.22424 -1.034818 6.775005 11.37359 -1.034818 6.249273 11.37359 -1.034818 6.775005 11.79891 -0.5348183 6.512139 11.79891 -1.534818 6.512139 11.64441 -1.439327 6.762139 11.95342 -1.439327 6.762139 11.64441 -0.6303098 6.762139 11.95342 -0.6303098 6.762139 11.79891 -1.034818 7.012139 11.64441 -1.439327 6.262139 11.95342 -1.439327 6.262139 11.64441 -0.6303098 6.262139 11.95342 -0.6303098 6.262139 11.79891 -1.034818 6.012139 12.20342 -0.7848183 6.35763 12.20342 -1.284818 6.35763 12.04891 -1.189327 6.10763 12.04891 -0.8803098 6.10763 12.20342 -0.7848183 6.666647 12.20342 -1.284818 6.666647 12.04891 -1.189327 6.916647 12.04891 -0.8803098 6.916647 12.29891 -1.034818 6.512139 11.39441 -0.7848183 6.35763 11.39441 -1.284818 6.35763 11.54891 -1.189327 6.10763 11.54891 -0.8803098 6.10763 11.39441 -0.7848183 6.666647 11.39441 -1.284818 6.666647 11.54891 -1.189327 6.916647 11.54891 -0.8803098 6.916647 11.29891 -1.034818 6.512139 11.66228 -0.5538492 6.512139 11.93555 -0.5538492 6.512139 11.66228 -1.515788 6.512139 11.93555 -1.515788 6.512139 11.58197 -1.466153 6.642085 11.7186 -1.381709 6.863162 11.71768 -1.510347 6.643572 12.01586 -1.466153 6.642085 11.87922 -1.381709 6.863162 11.88014 -1.510347 6.643572 11.79891 -1.460144 6.775005 11.58197 -0.6034841 6.642085 11.7186 -0.6879281 6.863162 11.71768 -0.5592901 6.643572 12.01586 -0.6034841 6.642085 11.87922 -0.6879281 6.863162 11.88014 -0.5592901 6.643572 11.79891 -0.6094929 6.775005 11.79891 -1.171452 6.993108 11.79891 -0.8981851 6.993108 11.58197 -1.466153 6.382193 11.7186 -1.381709 6.161116 11.71768 -1.510347 6.380706 12.01586 -1.466153 6.382193 11.87922 -1.381709 6.161116 11.88014 -1.510347 6.380706 11.79891 -1.460144 6.249273 11.58197 -0.6034841 6.382193 11.7186 -0.6879281 6.161116 11.71768 -0.5592901 6.380706 12.01586 -0.6034841 6.382193 11.87922 -0.6879281 6.161116 11.88014 -0.5592901 6.380706 11.79891 -0.6094929 6.249273 11.79891 -1.171452 6.03117 11.79891 -0.8981851 6.03117 12.1458 -0.6837951 6.431828 12.23025 -0.9048724 6.295195 12.09281 -0.6907229 6.299476 12.1458 -1.385842 6.431828 12.23025 -1.164764 6.295195 12.09281 -1.378914 6.299476 11.92886 -1.251763 6.080805 12.14994 -1.115129 6.165249 12.01158 -1.328711 6.168044 11.93035 -1.116048 6.036611 12.14301 -1.247481 6.218246 11.92886 -0.8178741 6.080805 12.14994 -0.9545073 6.165249 12.01158 -0.7409257 6.168044 11.93035 -0.9535884 6.036611 12.14301 -0.8221556 6.218246 12.06178 -1.034818 6.086814 12.1458 -0.6837951 6.59245 12.23025 -0.9048724 6.729083 12.09281 -0.6907229 6.724802 12.22424 -0.7719528 6.512139 12.1458 -1.385842 6.59245 12.23025 -1.164764 6.729083 12.09281 -1.378914 6.724802 12.22424 -1.297684 6.512139 11.92886 -1.251763 6.943473 12.14994 -1.115129 6.859029 12.01158 -1.328711 6.856234 11.93035 -1.116048 6.987667 12.14301 -1.247481 6.806032 11.92886 -0.8178741 6.943473 12.14994 -0.9545073 6.859029 12.01158 -0.7409257 6.856234 11.93035 -0.9535884 6.987667 12.14301 -0.8221556 6.806032 12.06178 -1.034818 6.937464 12.27988 -1.034818 6.375506 12.27988 -1.034818 6.648772 12.27444 -0.9033856 6.430909 12.27444 -1.166251 6.430909 12.27444 -0.9033856 6.593369 12.27444 -1.166251 6.593369 11.45202 -0.6837951 6.431828 11.36758 -0.9048724 6.295195 11.50502 -0.6907229 6.299476 11.45202 -1.385842 6.431828 11.36758 -1.164764 6.295195 11.50502 -1.378914 6.299476 11.66897 -1.251763 6.080805 11.44789 -1.115129 6.165249 11.58625 -1.328711 6.168044 11.66748 -1.116048 6.036611 11.45482 -1.247481 6.218246 11.66897 -0.8178741 6.080805 11.44789 -0.9545073 6.165249 11.58625 -0.7409257 6.168044 11.66748 -0.9535884 6.036611 11.45482 -0.8221556 6.218246 11.53605 -1.034818 6.086814 11.45202 -0.6837951 6.59245 11.36758 -0.9048724 6.729083 11.50502 -0.6907229 6.724802 11.37359 -0.7719528 6.512139 11.45202 -1.385842 6.59245 11.36758 -1.164764 6.729083 11.50502 -1.378914 6.724802 11.37359 -1.297684 6.512139 11.66897 -1.251763 6.943473 11.44789 -1.115129 6.859029 11.58625 -1.328711 6.856234 11.66748 -1.116048 6.987667 11.45482 -1.247481 6.806032 11.66897 -0.8178741 6.943473 11.44789 -0.9545073 6.859029 11.58625 -0.7409257 6.856234 11.66748 -0.9535884 6.987667 11.45482 -0.8221556 6.806032 11.53605 -1.034818 6.937464 11.31794 -1.034818 6.375506 11.31794 -1.034818 6.648772 11.32339 -0.9033856 6.430909 11.32339 -1.166251 6.430909 11.32339 -0.9033856 6.593369 11.32339 -1.166251 6.593369 15.37888 -2.641641 6.120989 15.90462 -2.641641 6.120989 15.37888 -3.492292 6.120989 15.90462 -3.492292 6.120989 15.64175 -3.329832 6.546314 15.64175 -2.804101 6.546314 15.64175 -3.329832 5.695663 15.64175 -2.804101 5.695663 16.06708 -3.066967 5.858123 16.06708 -3.066967 6.383854 15.21642 -3.066967 5.858123 15.21642 -3.066967 6.383854 15.64175 -2.566967 6.120989 15.64175 -3.566967 6.120989 15.48724 -3.471475 6.370989 15.79626 -3.471475 6.370989 15.48724 -2.662458 6.370989 15.79626 -2.662458 6.370989 15.64175 -3.066967 6.620989 15.48724 -3.471475 5.870989 15.79626 -3.471475 5.870989 15.48724 -2.662458 5.870989 15.79626 -2.662458 5.870989 15.64175 -3.066967 5.620989 16.04626 -2.816967 5.96648 16.04626 -3.316967 5.96648 15.89175 -3.221475 5.71648 15.89175 -2.912458 5.71648 16.04626 -2.816967 6.275497 16.04626 -3.316967 6.275497 15.89175 -3.221475 6.525497 15.89175 -2.912458 6.525497 16.14175 -3.066967 6.120989 15.23724 -2.816967 5.96648 15.23724 -3.316967 5.96648 15.39175 -3.221475 5.71648 15.39175 -2.912458 5.71648 15.23724 -2.816967 6.275497 15.23724 -3.316967 6.275497 15.39175 -3.221475 6.525497 15.39175 -2.912458 6.525497 15.14175 -3.066967 6.120989 15.50512 -2.585998 6.120989 15.77838 -2.585998 6.120989 15.50512 -3.547936 6.120989 15.77838 -3.547936 6.120989 15.42481 -3.498301 6.250935 15.56144 -3.413857 6.472012 15.56052 -3.542495 6.252422 15.85869 -3.498301 6.250935 15.72206 -3.413857 6.472012 15.72298 -3.542495 6.252422 15.64175 -3.492292 6.383854 15.42481 -2.635633 6.250935 15.56144 -2.720077 6.472012 15.56052 -2.591438 6.252422 15.85869 -2.635633 6.250935 15.72206 -2.720077 6.472012 15.72298 -2.591438 6.252422 15.64175 -2.641641 6.383854 15.64175 -3.2036 6.601958 15.64175 -2.930333 6.601958 15.42481 -3.498301 5.991043 15.56144 -3.413857 5.769966 15.56052 -3.542495 5.989556 15.85869 -3.498301 5.991043 15.72206 -3.413857 5.769966 15.72298 -3.542495 5.989556 15.64175 -3.492292 5.858123 15.42481 -2.635633 5.991043 15.56144 -2.720077 5.769966 15.56052 -2.591438 5.989556 15.85869 -2.635633 5.991043 15.72206 -2.720077 5.769966 15.72298 -2.591438 5.989556 15.64175 -2.641641 5.858123 15.64175 -3.2036 5.64002 15.64175 -2.930333 5.64002 15.98864 -2.715944 6.040678 16.07308 -2.937021 5.904045 15.93564 -2.722871 5.908326 15.98864 -3.41799 6.040678 16.07308 -3.196913 5.904045 15.93564 -3.411062 5.908326 15.7717 -3.283911 5.689655 15.99277 -3.147278 5.774099 15.85441 -3.360859 5.776893 15.77318 -3.148197 5.645461 15.98585 -3.279629 5.827096 15.7717 -2.850022 5.689655 15.99277 -2.986656 5.774099 15.85441 -2.773074 5.776893 15.77318 -2.985737 5.645461 15.98585 -2.854304 5.827096 15.90462 -3.066967 5.695663 15.98864 -2.715944 6.2013 16.07308 -2.937021 6.337933 15.93564 -2.722871 6.333652 16.06708 -2.804101 6.120989 15.98864 -3.41799 6.2013 16.07308 -3.196913 6.337933 15.93564 -3.411062 6.333652 16.06708 -3.329832 6.120989 15.7717 -3.283911 6.552323 15.99277 -3.147278 6.467879 15.85441 -3.360859 6.465084 15.77318 -3.148197 6.596517 15.98585 -3.279629 6.414881 15.7717 -2.850022 6.552323 15.99277 -2.986656 6.467879 15.85441 -2.773074 6.465084 15.77318 -2.985737 6.596517 15.98585 -2.854304 6.414881 15.90462 -3.066967 6.546314 16.12272 -3.066967 5.984356 16.12272 -3.066967 6.257622 16.11728 -2.935534 6.039759 16.11728 -3.1984 6.039759 16.11728 -2.935534 6.202219 16.11728 -3.1984 6.202219 15.29486 -2.715944 6.040678 15.21042 -2.937021 5.904045 15.34786 -2.722871 5.908326 15.29486 -3.41799 6.040678 15.21042 -3.196913 5.904045 15.34786 -3.411062 5.908326 15.5118 -3.283911 5.689655 15.29073 -3.147278 5.774099 15.42909 -3.360859 5.776893 15.51032 -3.148197 5.645461 15.29765 -3.279629 5.827096 15.5118 -2.850022 5.689655 15.29073 -2.986656 5.774099 15.42909 -2.773074 5.776893 15.51032 -2.985737 5.645461 15.29765 -2.854304 5.827096 15.37888 -3.066967 5.695663 15.29486 -2.715944 6.2013 15.21042 -2.937021 6.337933 15.34786 -2.722871 6.333652 15.21642 -2.804101 6.120989 15.29486 -3.41799 6.2013 15.21042 -3.196913 6.337933 15.34786 -3.411062 6.333652 15.21642 -3.329832 6.120989 15.5118 -3.283911 6.552323 15.29073 -3.147278 6.467879 15.42909 -3.360859 6.465084 15.51032 -3.148197 6.596517 15.29765 -3.279629 6.414881 15.5118 -2.850022 6.552323 15.29073 -2.986656 6.467879 15.42909 -2.773074 6.465084 15.51032 -2.985737 6.596517 15.29765 -2.854304 6.414881 15.37888 -3.066967 6.546314 15.16078 -3.066967 5.984356 15.16078 -3.066967 6.257622 15.16622 -2.935534 6.039759 15.16622 -3.1984 6.039759 15.16622 -2.935534 6.202219 15.16622 -3.1984 6.202219 21.83003 -1.186745 6.513806 22.35576 -1.186745 6.513806 21.83003 -2.037396 6.513806 22.35576 -2.037396 6.513806 22.0929 -1.874936 6.939131 22.0929 -1.349205 6.939131 22.0929 -1.874936 6.088481 22.0929 -1.349205 6.088481 22.51822 -1.612071 6.25094 22.51822 -1.612071 6.776671 21.66757 -1.612071 6.25094 21.66757 -1.612071 6.776671 22.0929 -1.112071 6.513806 22.0929 -2.112071 6.513806 21.93839 -2.016579 6.763806 22.24741 -2.016579 6.763806 21.93839 -1.207562 6.763806 22.24741 -1.207562 6.763806 22.0929 -1.612071 7.013806 21.93839 -2.016579 6.263806 22.24741 -2.016579 6.263806 21.93839 -1.207562 6.263806 22.24741 -1.207562 6.263806 22.0929 -1.612071 6.013806 22.49741 -1.362071 6.359297 22.49741 -1.862071 6.359297 22.3429 -1.766579 6.109297 22.3429 -1.457562 6.109297 22.49741 -1.362071 6.668314 22.49741 -1.862071 6.668314 22.3429 -1.766579 6.918314 22.3429 -1.457562 6.918314 22.5929 -1.612071 6.513806 21.68839 -1.362071 6.359297 21.68839 -1.862071 6.359297 21.8429 -1.766579 6.109297 21.8429 -1.457562 6.109297 21.68839 -1.362071 6.668314 21.68839 -1.862071 6.668314 21.8429 -1.766579 6.918314 21.8429 -1.457562 6.918314 21.5929 -1.612071 6.513806 21.95626 -1.131102 6.513806 22.22953 -1.131102 6.513806 21.95626 -2.09304 6.513806 22.22953 -2.09304 6.513806 21.87595 -2.043405 6.643752 22.01259 -1.958961 6.864829 22.01167 -2.087599 6.645239 22.30984 -2.043405 6.643752 22.17321 -1.958961 6.864829 22.17413 -2.087599 6.645239 22.0929 -2.037396 6.776671 21.87595 -1.180737 6.643752 22.01259 -1.265181 6.864829 22.01167 -1.136543 6.645239 22.30984 -1.180737 6.643752 22.17321 -1.265181 6.864829 22.17413 -1.136543 6.645239 22.0929 -1.186745 6.776671 22.0929 -1.748704 6.994775 22.0929 -1.475438 6.994775 21.87595 -2.043405 6.38386 22.01259 -1.958961 6.162783 22.01167 -2.087599 6.382373 22.30984 -2.043405 6.38386 22.17321 -1.958961 6.162783 22.17413 -2.087599 6.382373 22.0929 -2.037396 6.25094 21.87595 -1.180737 6.38386 22.01259 -1.265181 6.162783 22.01167 -1.136543 6.382373 22.30984 -1.180737 6.38386 22.17321 -1.265181 6.162783 22.17413 -1.136543 6.382373 22.0929 -1.186745 6.25094 22.0929 -1.748704 6.032837 22.0929 -1.475438 6.032837 22.43979 -1.261048 6.433495 22.52423 -1.482125 6.296862 22.38679 -1.267975 6.301143 22.43979 -1.963094 6.433495 22.52423 -1.742017 6.296862 22.38679 -1.956166 6.301143 22.22284 -1.829015 6.082472 22.44392 -1.692382 6.166916 22.30556 -1.905963 6.16971 22.22433 -1.693301 6.038278 22.43699 -1.824734 6.219913 22.22284 -1.395127 6.082472 22.44392 -1.53176 6.166916 22.30556 -1.318178 6.16971 22.22433 -1.530841 6.038278 22.43699 -1.399408 6.219913 22.35576 -1.612071 6.088481 22.43979 -1.261048 6.594117 22.52423 -1.482125 6.73075 22.38679 -1.267975 6.726469 22.51822 -1.349205 6.513806 22.43979 -1.963094 6.594117 22.52423 -1.742017 6.73075 22.38679 -1.956166 6.726469 22.51822 -1.874936 6.513806 22.22284 -1.829015 6.94514 22.44392 -1.692382 6.860696 22.30556 -1.905963 6.857901 22.22433 -1.693301 6.989334 22.43699 -1.824734 6.807699 22.22284 -1.395127 6.94514 22.44392 -1.53176 6.860696 22.30556 -1.318178 6.857901 22.22433 -1.530841 6.989334 22.43699 -1.399408 6.807699 22.35576 -1.612071 6.939131 22.57387 -1.612071 6.377173 22.57387 -1.612071 6.650439 22.56843 -1.480638 6.432576 22.56843 -1.743504 6.432576 22.56843 -1.480638 6.595036 22.56843 -1.743504 6.595036 21.74601 -1.261048 6.433495 21.66156 -1.482125 6.296862 21.799 -1.267975 6.301143 21.74601 -1.963094 6.433495 21.66156 -1.742017 6.296862 21.799 -1.956166 6.301143 21.96295 -1.829015 6.082472 21.74187 -1.692382 6.166916 21.88023 -1.905963 6.16971 21.96146 -1.693301 6.038278 21.7488 -1.824734 6.219913 21.96295 -1.395127 6.082472 21.74187 -1.53176 6.166916 21.88023 -1.318178 6.16971 21.96146 -1.530841 6.038278 21.7488 -1.399408 6.219913 21.83003 -1.612071 6.088481 21.74601 -1.261048 6.594117 21.66156 -1.482125 6.73075 21.799 -1.267975 6.726469 21.66757 -1.349205 6.513806 21.74601 -1.963094 6.594117 21.66156 -1.742017 6.73075 21.799 -1.956166 6.726469 21.66757 -1.874936 6.513806 21.96295 -1.829015 6.94514 21.74187 -1.692382 6.860696 21.88023 -1.905963 6.857901 21.96146 -1.693301 6.989334 21.7488 -1.824734 6.807699 21.96295 -1.395127 6.94514 21.74187 -1.53176 6.860696 21.88023 -1.318178 6.857901 21.96146 -1.530841 6.989334 21.7488 -1.399408 6.807699 21.83003 -1.612071 6.939131 21.61193 -1.612071 6.377173 21.61193 -1.612071 6.650439 21.61737 -1.480638 6.432576 21.61737 -1.743504 6.432576 21.61737 -1.480638 6.595036 21.61737 -1.743504 6.595036 20.27928 2.500717 7.853875 20.80501 2.500717 7.853875 20.27928 1.650067 7.853875 20.80501 1.650067 7.853875 20.54214 1.812526 8.2792 20.54214 2.338258 8.2792 20.54214 1.812526 7.428549 20.54214 2.338258 7.428549 20.96747 2.075392 7.591009 20.96747 2.075392 8.11674 20.11682 2.075392 7.591009 20.11682 2.075392 8.11674 20.54214 2.575392 7.853875 20.54214 1.575392 7.853875 20.38763 1.670884 8.103875 20.69665 1.670884 8.103875 20.38763 2.479901 8.103875 20.69665 2.479901 8.103875 20.54214 2.075392 8.353875 20.38763 1.670884 7.603875 20.69665 1.670884 7.603875 20.38763 2.479901 7.603875 20.69665 2.479901 7.603875 20.54214 2.075392 7.353875 20.94665 2.325392 7.699366 20.94665 1.825392 7.699366 20.79214 1.920884 7.449366 20.79214 2.229901 7.449366 20.94665 2.325392 8.008383 20.94665 1.825392 8.008383 20.79214 1.920884 8.258383 20.79214 2.229901 8.258383 21.04214 2.075392 7.853875 20.13763 2.325392 7.699366 20.13763 1.825392 7.699366 20.29214 1.920884 7.449366 20.29214 2.229901 7.449366 20.13763 2.325392 8.008383 20.13763 1.825392 8.008383 20.29214 1.920884 8.258383 20.29214 2.229901 8.258383 20.04214 2.075392 7.853875 20.40551 2.556361 7.853875 20.67878 2.556361 7.853875 20.40551 1.594423 7.853875 20.67878 1.594423 7.853875 20.3252 1.644058 7.98382 20.46183 1.728502 8.204898 20.46091 1.599864 7.985307 20.75909 1.644058 7.98382 20.62245 1.728502 8.204898 20.62337 1.599864 7.985307 20.54214 1.650067 8.11674 20.3252 2.506726 7.98382 20.46183 2.422282 8.204898 20.46091 2.55092 7.985307 20.75909 2.506726 7.98382 20.62245 2.422282 8.204898 20.62337 2.55092 7.985307 20.54214 2.500717 8.11674 20.54214 1.938759 8.334844 20.54214 2.212025 8.334844 20.3252 1.644058 7.723929 20.46183 1.728502 7.502851 20.46091 1.599864 7.722442 20.75909 1.644058 7.723929 20.62245 1.728502 7.502851 20.62337 1.599864 7.722442 20.54214 1.650067 7.591009 20.3252 2.506726 7.723929 20.46183 2.422282 7.502851 20.46091 2.55092 7.722442 20.75909 2.506726 7.723929 20.62245 2.422282 7.502851 20.62337 2.55092 7.722442 20.54214 2.500717 7.591009 20.54214 1.938759 7.372905 20.54214 2.212025 7.372905 20.88903 2.426415 7.773564 20.97348 2.205338 7.63693 20.83603 2.419488 7.641212 20.88903 1.724369 7.773564 20.97348 1.945446 7.63693 20.83603 1.731297 7.641212 20.67209 1.858448 7.42254 20.89317 1.995081 7.506984 20.7548 1.781499 7.509779 20.67357 1.994162 7.378346 20.88624 1.862729 7.559982 20.67209 2.292336 7.42254 20.89317 2.155703 7.506984 20.7548 2.369285 7.509779 20.67357 2.156622 7.378346 20.88624 2.288055 7.559982 20.80501 2.075392 7.428549 20.88903 2.426415 7.934186 20.97348 2.205338 8.070819 20.83603 2.419488 8.066537 20.96747 2.338258 7.853875 20.88903 1.724369 7.934186 20.97348 1.945446 8.070819 20.83603 1.731297 8.066537 20.96747 1.812526 7.853875 20.67209 1.858448 8.285209 20.89317 1.995081 8.200765 20.7548 1.781499 8.19797 20.67357 1.994162 8.329403 20.88624 1.862729 8.147767 20.67209 2.292336 8.285209 20.89317 2.155703 8.200765 20.7548 2.369285 8.19797 20.67357 2.156622 8.329403 20.88624 2.288055 8.147767 20.80501 2.075392 8.2792 21.02311 2.075392 7.717241 21.02311 2.075392 7.990508 21.01767 2.206825 7.772645 21.01767 1.943959 7.772645 21.01767 2.206825 7.935104 21.01767 1.943959 7.935104 20.19525 2.426415 7.773564 20.11081 2.205338 7.63693 20.24825 2.419488 7.641212 20.19525 1.724369 7.773564 20.11081 1.945446 7.63693 20.24825 1.731297 7.641212 20.4122 1.858448 7.42254 20.19112 1.995081 7.506984 20.32948 1.781499 7.509779 20.41071 1.994162 7.378346 20.19805 1.862729 7.559982 20.4122 2.292336 7.42254 20.19112 2.155703 7.506984 20.32948 2.369285 7.509779 20.41071 2.156622 7.378346 20.19805 2.288055 7.559982 20.27928 2.075392 7.428549 20.19525 2.426415 7.934186 20.11081 2.205338 8.070819 20.24825 2.419488 8.066537 20.11682 2.338258 7.853875 20.19525 1.724369 7.934186 20.11081 1.945446 8.070819 20.24825 1.731297 8.066537 20.11682 1.812526 7.853875 20.4122 1.858448 8.285209 20.19112 1.995081 8.200765 20.32948 1.781499 8.19797 20.41071 1.994162 8.329403 20.19805 1.862729 8.147767 20.4122 2.292336 8.285209 20.19112 2.155703 8.200765 20.32948 2.369285 8.19797 20.41071 2.156622 8.329403 20.19805 2.288055 8.147767 20.27928 2.075392 8.2792 20.06117 2.075392 7.717241 20.06117 2.075392 7.990508 20.06661 2.206825 7.772645 20.06661 1.943959 7.772645 20.06661 2.206825 7.935104 20.06661 1.943959 7.935104 21.11033 2.495124 1.724334 21.63606 2.495124 1.724334 21.11033 1.644473 1.724334 21.63606 1.644473 1.724334 21.37319 1.806933 2.149659 21.37319 2.332664 2.149659 21.37319 1.806933 1.299008 21.37319 2.332664 1.299008 21.79852 2.069798 1.461468 21.79852 2.069798 1.987199 20.94787 2.069798 1.461468 20.94787 2.069798 1.987199 21.37319 2.569798 1.724334 21.37319 1.569798 1.724334 21.21868 1.66529 1.974334 21.5277 1.66529 1.974334 21.21868 2.474307 1.974334 21.5277 2.474307 1.974334 21.37319 2.069798 2.224334 21.21868 1.66529 1.474334 21.5277 1.66529 1.474334 21.21868 2.474307 1.474334 21.5277 2.474307 1.474334 21.37319 2.069798 1.224334 21.7777 2.319798 1.569825 21.7777 1.819798 1.569825 21.62319 1.91529 1.319825 21.62319 2.224307 1.319825 21.7777 2.319798 1.878842 21.7777 1.819798 1.878842 21.62319 1.91529 2.128842 21.62319 2.224307 2.128842 21.87319 2.069798 1.724334 20.96868 2.319798 1.569825 20.96868 1.819798 1.569825 21.12319 1.91529 1.319825 21.12319 2.224307 1.319825 20.96868 2.319798 1.878842 20.96868 1.819798 1.878842 21.12319 1.91529 2.128842 21.12319 2.224307 2.128842 20.87319 2.069798 1.724334 21.23656 2.550767 1.724334 21.50982 2.550767 1.724334 21.23656 1.588829 1.724334 21.50982 1.588829 1.724334 21.15625 1.638464 1.85428 21.29288 1.722908 2.075357 21.29196 1.59427 1.855766 21.59014 1.638464 1.85428 21.4535 1.722908 2.075357 21.45442 1.59427 1.855766 21.37319 1.644473 1.987199 21.15625 2.501132 1.85428 21.29288 2.416688 2.075357 21.29196 2.545326 1.855766 21.59014 2.501132 1.85428 21.4535 2.416688 2.075357 21.45442 2.545326 1.855766 21.37319 2.495124 1.987199 21.37319 1.933165 2.205303 21.37319 2.206431 2.205303 21.15625 1.638464 1.594388 21.29288 1.722908 1.37331 21.29196 1.59427 1.592901 21.59014 1.638464 1.594388 21.4535 1.722908 1.37331 21.45442 1.59427 1.592901 21.37319 1.644473 1.461468 21.15625 2.501132 1.594388 21.29288 2.416688 1.37331 21.29196 2.545326 1.592901 21.59014 2.501132 1.594388 21.4535 2.416688 1.37331 21.45442 2.545326 1.592901 21.37319 2.495124 1.461468 21.37319 1.933165 1.243364 21.37319 2.206431 1.243364 21.72008 2.420821 1.644023 21.80453 2.199744 1.507389 21.66708 2.413894 1.511671 21.72008 1.718775 1.644023 21.80453 1.939852 1.507389 21.66708 1.725703 1.511671 21.50314 1.852854 1.292999 21.72421 1.989487 1.377443 21.58585 1.775906 1.380238 21.50462 1.988568 1.248805 21.71729 1.857135 1.430441 21.50314 2.286742 1.292999 21.72421 2.150109 1.377443 21.58585 2.363691 1.380238 21.50462 2.151028 1.248805 21.71729 2.282461 1.430441 21.63606 2.069798 1.299008 21.72008 2.420821 1.804645 21.80453 2.199744 1.941278 21.66708 2.413894 1.936996 21.79852 2.332664 1.724334 21.72008 1.718775 1.804645 21.80453 1.939852 1.941278 21.66708 1.725703 1.936996 21.79852 1.806933 1.724334 21.50314 1.852854 2.155668 21.72421 1.989487 2.071224 21.58585 1.775906 2.068429 21.50462 1.988568 2.199862 21.71729 1.857135 2.018226 21.50314 2.286742 2.155668 21.72421 2.150109 2.071224 21.58585 2.363691 2.068429 21.50462 2.151028 2.199862 21.71729 2.282461 2.018226 21.63606 2.069798 2.149659 21.85416 2.069798 1.5877 21.85416 2.069798 1.860967 21.84872 2.201231 1.643104 21.84872 1.938365 1.643104 21.84872 2.201231 1.805563 21.84872 1.938365 1.805563 21.0263 2.420821 1.644023 20.94186 2.199744 1.507389 21.0793 2.413894 1.511671 21.0263 1.718775 1.644023 20.94186 1.939852 1.507389 21.0793 1.725703 1.511671 21.24325 1.852854 1.292999 21.02217 1.989487 1.377443 21.16053 1.775906 1.380238 21.24176 1.988568 1.248805 21.0291 1.857135 1.430441 21.24325 2.286742 1.292999 21.02217 2.150109 1.377443 21.16053 2.363691 1.380238 21.24176 2.151028 1.248805 21.0291 2.282461 1.430441 21.11033 2.069798 1.299008 21.0263 2.420821 1.804645 20.94186 2.199744 1.941278 21.0793 2.413894 1.936996 20.94787 2.332664 1.724334 21.0263 1.718775 1.804645 20.94186 1.939852 1.941278 21.0793 1.725703 1.936996 20.94787 1.806933 1.724334 21.24325 1.852854 2.155668 21.02217 1.989487 2.071224 21.16053 1.775906 2.068429 21.24176 1.988568 2.199862 21.0291 1.857135 2.018226 21.24325 2.286742 2.155668 21.02217 2.150109 2.071224 21.16053 2.363691 2.068429 21.24176 2.151028 2.199862 21.0291 2.282461 2.018226 21.11033 2.069798 2.149659 20.89222 2.069798 1.5877 20.89222 2.069798 1.860967 20.89766 2.201231 1.643104 20.89766 1.938365 1.643104 20.89766 2.201231 1.805563 20.89766 1.938365 1.805563 23.13986 -2.527417 2.826955 23.66559 -2.527417 2.826955 23.13986 -3.378068 2.826955 23.66559 -3.378068 2.826955 23.40273 -3.215608 3.25228 23.40273 -2.689877 3.25228 23.40273 -3.215608 2.401629 23.40273 -2.689877 2.401629 23.82805 -2.952743 2.564089 23.82805 -2.952743 3.08982 22.9774 -2.952743 2.564089 22.9774 -2.952743 3.08982 23.40273 -2.452743 2.826955 23.40273 -3.452743 2.826955 23.24822 -3.357251 3.076955 23.55724 -3.357251 3.076955 23.24822 -2.548234 3.076955 23.55724 -2.548234 3.076955 23.40273 -2.952743 3.326955 23.24822 -3.357251 2.576955 23.55724 -3.357251 2.576955 23.24822 -2.548234 2.576955 23.55724 -2.548234 2.576955 23.40273 -2.952743 2.326955 23.80724 -2.702743 2.672446 23.80724 -3.202743 2.672446 23.65273 -3.107251 2.422446 23.65273 -2.798234 2.422446 23.80724 -2.702743 2.981463 23.80724 -3.202743 2.981463 23.65273 -3.107251 3.231463 23.65273 -2.798234 3.231463 23.90273 -2.952743 2.826955 22.99822 -2.702743 2.672446 22.99822 -3.202743 2.672446 23.15273 -3.107251 2.422446 23.15273 -2.798234 2.422446 22.99822 -2.702743 2.981463 22.99822 -3.202743 2.981463 23.15273 -3.107251 3.231463 23.15273 -2.798234 3.231463 22.90273 -2.952743 2.826955 23.26609 -2.471773 2.826955 23.53936 -2.471773 2.826955 23.26609 -3.433712 2.826955 23.53936 -3.433712 2.826955 23.18578 -3.384077 2.956901 23.32242 -3.299633 3.177978 23.3215 -3.428271 2.958388 23.61967 -3.384077 2.956901 23.48304 -3.299633 3.177978 23.48396 -3.428271 2.958388 23.40273 -3.378068 3.08982 23.18578 -2.521408 2.956901 23.32242 -2.605852 3.177978 23.3215 -2.477214 2.958388 23.61967 -2.521408 2.956901 23.48304 -2.605852 3.177978 23.48396 -2.477214 2.958388 23.40273 -2.527417 3.08982 23.40273 -3.089376 3.307924 23.40273 -2.816109 3.307924 23.18578 -3.384077 2.697009 23.32242 -3.299633 2.475932 23.3215 -3.428271 2.695522 23.61967 -3.384077 2.697009 23.48304 -3.299633 2.475932 23.48396 -3.428271 2.695522 23.40273 -3.378068 2.564089 23.18578 -2.521408 2.697009 23.32242 -2.605852 2.475932 23.3215 -2.477214 2.695522 23.61967 -2.521408 2.697009 23.48304 -2.605852 2.475932 23.48396 -2.477214 2.695522 23.40273 -2.527417 2.564089 23.40273 -3.089376 2.345986 23.40273 -2.816109 2.345986 23.74962 -2.601719 2.746644 23.83406 -2.822797 2.61001 23.69662 -2.608647 2.614292 23.74962 -3.303766 2.746644 23.83406 -3.082689 2.61001 23.69662 -3.296838 2.614292 23.53267 -3.169687 2.395621 23.75375 -3.033054 2.480065 23.61539 -3.246635 2.482859 23.53416 -3.033973 2.351427 23.74682 -3.165405 2.533062 23.53267 -2.735798 2.395621 23.75375 -2.872432 2.480065 23.61539 -2.65885 2.482859 23.53416 -2.871513 2.351427 23.74682 -2.74008 2.533062 23.66559 -2.952743 2.401629 23.74962 -2.601719 2.907266 23.83406 -2.822797 3.043899 23.69662 -2.608647 3.039617 23.82805 -2.689877 2.826955 23.74962 -3.303766 2.907266 23.83406 -3.082689 3.043899 23.69662 -3.296838 3.039617 23.82805 -3.215608 2.826955 23.53267 -3.169687 3.258289 23.75375 -3.033054 3.173845 23.61539 -3.246635 3.17105 23.53416 -3.033973 3.302483 23.74682 -3.165405 3.120847 23.53267 -2.735798 3.258289 23.75375 -2.872432 3.173845 23.61539 -2.65885 3.17105 23.53416 -2.871513 3.302483 23.74682 -2.74008 3.120847 23.66559 -2.952743 3.25228 23.8837 -2.952743 2.690321 23.8837 -2.952743 2.963588 23.87826 -2.82131 2.745725 23.87826 -3.084175 2.745725 23.87826 -2.82131 2.908185 23.87826 -3.084175 2.908185 23.05584 -2.601719 2.746644 22.97139 -2.822797 2.61001 23.10883 -2.608647 2.614292 23.05584 -3.303766 2.746644 22.97139 -3.082689 2.61001 23.10883 -3.296838 2.614292 23.27278 -3.169687 2.395621 23.0517 -3.033054 2.480065 23.19006 -3.246635 2.482859 23.27129 -3.033973 2.351427 23.05863 -3.165405 2.533062 23.27278 -2.735798 2.395621 23.0517 -2.872432 2.480065 23.19006 -2.65885 2.482859 23.27129 -2.871513 2.351427 23.05863 -2.74008 2.533062 23.13986 -2.952743 2.401629 23.05584 -2.601719 2.907266 22.97139 -2.822797 3.043899 23.10883 -2.608647 3.039617 22.9774 -2.689877 2.826955 23.05584 -3.303766 2.907266 22.97139 -3.082689 3.043899 23.10883 -3.296838 3.039617 22.9774 -3.215608 2.826955 23.27278 -3.169687 3.258289 23.0517 -3.033054 3.173845 23.19006 -3.246635 3.17105 23.27129 -3.033973 3.302483 23.05863 -3.165405 3.120847 23.27278 -2.735798 3.258289 23.0517 -2.872432 3.173845 23.19006 -2.65885 3.17105 23.27129 -2.871513 3.302483 23.05863 -2.74008 3.120847 23.13986 -2.952743 3.25228 22.92176 -2.952743 2.690321 22.92176 -2.952743 2.963588 22.9272 -2.82131 2.745725 22.9272 -3.084175 2.745725 22.9272 -2.82131 2.908185 22.9272 -3.084175 2.908185 25.02893 2.335666 3.566574 25.55466 2.335666 3.566574 25.02893 1.485015 3.566574 25.55466 1.485015 3.566574 25.2918 1.647475 3.991899 25.2918 2.173206 3.991899 25.2918 1.647475 3.141248 25.2918 2.173206 3.141248 25.71712 1.910341 3.303708 25.71712 1.910341 3.829439 24.86647 1.910341 3.303708 24.86647 1.910341 3.829439 25.2918 2.410341 3.566574 25.2918 1.410341 3.566574 25.13729 1.505832 3.816574 25.4463 1.505832 3.816574 25.13729 2.314849 3.816574 25.4463 2.314849 3.816574 25.2918 1.910341 4.066574 25.13729 1.505832 3.316574 25.4463 1.505832 3.316574 25.13729 2.314849 3.316574 25.4463 2.314849 3.316574 25.2918 1.910341 3.066574 25.6963 2.160341 3.412065 25.6963 1.660341 3.412065 25.5418 1.755832 3.162065 25.5418 2.064849 3.162065 25.6963 2.160341 3.721082 25.6963 1.660341 3.721082 25.5418 1.755832 3.971082 25.5418 2.064849 3.971082 25.7918 1.910341 3.566574 24.88729 2.160341 3.412065 24.88729 1.660341 3.412065 25.0418 1.755832 3.162065 25.0418 2.064849 3.162065 24.88729 2.160341 3.721082 24.88729 1.660341 3.721082 25.0418 1.755832 3.971082 25.0418 2.064849 3.971082 24.7918 1.910341 3.566574 25.15516 2.39131 3.566574 25.42843 2.39131 3.566574 25.15516 1.429372 3.566574 25.42843 1.429372 3.566574 25.07485 1.479007 3.69652 25.21148 1.563451 3.917597 25.21057 1.434813 3.698006 25.50874 1.479007 3.69652 25.37211 1.563451 3.917597 25.37303 1.434813 3.698006 25.2918 1.485015 3.829439 25.07485 2.341675 3.69652 25.21148 2.257231 3.917597 25.21057 2.385869 3.698006 25.50874 2.341675 3.69652 25.37211 2.257231 3.917597 25.37303 2.385869 3.698006 25.2918 2.335666 3.829439 25.2918 1.773708 4.047543 25.2918 2.046974 4.047543 25.07485 1.479007 3.436628 25.21148 1.563451 3.21555 25.21057 1.434813 3.435141 25.50874 1.479007 3.436628 25.37211 1.563451 3.21555 25.37303 1.434813 3.435141 25.2918 1.485015 3.303708 25.07485 2.341675 3.436628 25.21148 2.257231 3.21555 25.21057 2.385869 3.435141 25.50874 2.341675 3.436628 25.37211 2.257231 3.21555 25.37303 2.385869 3.435141 25.2918 2.335666 3.303708 25.2918 1.773708 3.085604 25.2918 2.046974 3.085604 25.63869 2.261364 3.486263 25.72313 2.040287 3.349629 25.58569 2.254436 3.353911 25.63869 1.559318 3.486263 25.72313 1.780395 3.349629 25.58569 1.566245 3.353911 25.42174 1.693397 3.135239 25.64282 1.83003 3.219683 25.50446 1.616448 3.222478 25.42323 1.829111 3.091045 25.63589 1.697678 3.272681 25.42174 2.127285 3.135239 25.64282 1.990652 3.219683 25.50446 2.204234 3.222478 25.42323 1.991571 3.091045 25.63589 2.123004 3.272681 25.55466 1.910341 3.141248 25.63869 2.261364 3.646885 25.72313 2.040287 3.783518 25.58569 2.254436 3.779236 25.71712 2.173206 3.566574 25.63869 1.559318 3.646885 25.72313 1.780395 3.783518 25.58569 1.566245 3.779236 25.71712 1.647475 3.566574 25.42174 1.693397 3.997908 25.64282 1.83003 3.913464 25.50446 1.616448 3.910669 25.42323 1.829111 4.042102 25.63589 1.697678 3.860466 25.42174 2.127285 3.997908 25.64282 1.990652 3.913464 25.50446 2.204234 3.910669 25.42323 1.991571 4.042102 25.63589 2.123004 3.860466 25.55466 1.910341 3.991899 25.77276 1.910341 3.42994 25.77276 1.910341 3.703207 25.76732 2.041774 3.485344 25.76732 1.778908 3.485344 25.76732 2.041774 3.647804 25.76732 1.778908 3.647804 24.94491 2.261364 3.486263 24.86046 2.040287 3.349629 24.9979 2.254436 3.353911 24.94491 1.559318 3.486263 24.86046 1.780395 3.349629 24.9979 1.566245 3.353911 25.16185 1.693397 3.135239 24.94077 1.83003 3.219683 25.07913 1.616448 3.222478 25.16036 1.829111 3.091045 24.9477 1.697678 3.272681 25.16185 2.127285 3.135239 24.94077 1.990652 3.219683 25.07913 2.204234 3.222478 25.16036 1.991571 3.091045 24.9477 2.123004 3.272681 25.02893 1.910341 3.141248 24.94491 2.261364 3.646885 24.86046 2.040287 3.783518 24.9979 2.254436 3.779236 24.86647 2.173206 3.566574 24.94491 1.559318 3.646885 24.86046 1.780395 3.783518 24.9979 1.566245 3.779236 24.86647 1.647475 3.566574 25.16185 1.693397 3.997908 24.94077 1.83003 3.913464 25.07913 1.616448 3.910669 25.16036 1.829111 4.042102 24.9477 1.697678 3.860466 25.16185 2.127285 3.997908 24.94077 1.990652 3.913464 25.07913 2.204234 3.910669 25.16036 1.991571 4.042102 24.9477 2.123004 3.860466 25.02893 1.910341 3.991899 24.81083 1.910341 3.42994 24.81083 1.910341 3.703207 24.81627 2.041774 3.485344 24.81627 1.778908 3.485344 24.81627 2.041774 3.647804 24.81627 1.778908 3.647804 26.33365 -0.1652413 0.6392372 26.85938 -0.1652413 0.6392372 26.33365 -1.015892 0.6392372 26.85938 -1.015892 0.6392372 26.59652 -0.8534322 1.064563 26.59652 -0.3277011 1.064563 26.59652 -0.8534322 0.2139118 26.59652 -0.3277011 0.2139118 27.02184 -0.5905667 0.3763716 27.02184 -0.5905667 0.9021027 26.17119 -0.5905667 0.3763716 26.17119 -0.5905667 0.9021027 26.59652 -0.09056668 0.6392372 26.59652 -1.090567 0.6392372 26.44201 -0.9950752 0.8892372 26.75103 -0.9950752 0.8892372 26.44201 -0.1860582 0.8892372 26.75103 -0.1860582 0.8892372 26.59652 -0.5905667 1.139237 26.44201 -0.9950752 0.3892372 26.75103 -0.9950752 0.3892372 26.44201 -0.1860582 0.3892372 26.75103 -0.1860582 0.3892372 26.59652 -0.5905667 0.1392372 27.00103 -0.3405667 0.4847287 27.00103 -0.8405667 0.4847287 26.84652 -0.7450752 0.2347287 26.84652 -0.4360582 0.2347287 27.00103 -0.3405667 0.7937457 27.00103 -0.8405667 0.7937457 26.84652 -0.7450752 1.043746 26.84652 -0.4360582 1.043746 27.09652 -0.5905667 0.6392372 26.19201 -0.3405667 0.4847287 26.19201 -0.8405667 0.4847287 26.34652 -0.7450752 0.2347287 26.34652 -0.4360582 0.2347287 26.19201 -0.3405667 0.7937457 26.19201 -0.8405667 0.7937457 26.34652 -0.7450752 1.043746 26.34652 -0.4360582 1.043746 26.09652 -0.5905667 0.6392372 26.45988 -0.1095975 0.6392372 26.73315 -0.1095975 0.6392372 26.45988 -1.071536 0.6392372 26.73315 -1.071536 0.6392372 26.37957 -1.021901 0.7691831 26.51621 -0.9374569 0.9902604 26.51529 -1.066095 0.77067 26.81346 -1.021901 0.7691831 26.67683 -0.9374569 0.9902604 26.67775 -1.066095 0.77067 26.59652 -1.015892 0.9021027 26.37957 -0.1592324 0.7691831 26.51621 -0.2436764 0.9902604 26.51529 -0.1150384 0.77067 26.81346 -0.1592324 0.7691831 26.67683 -0.2436764 0.9902604 26.67775 -0.1150384 0.77067 26.59652 -0.1652413 0.9021027 26.59652 -0.7271999 1.120206 26.59652 -0.4539334 1.120206 26.37957 -1.021901 0.5092912 26.51621 -0.9374569 0.288214 26.51529 -1.066095 0.5078044 26.81346 -1.021901 0.5092912 26.67683 -0.9374569 0.288214 26.67775 -1.066095 0.5078044 26.59652 -1.015892 0.3763716 26.37957 -0.1592324 0.5092912 26.51621 -0.2436764 0.288214 26.51529 -0.1150384 0.5078044 26.81346 -0.1592324 0.5092912 26.67683 -0.2436764 0.288214 26.67775 -0.1150384 0.5078044 26.59652 -0.1652413 0.3763716 26.59652 -0.7271999 0.158268 26.59652 -0.4539334 0.158268 26.94341 -0.2395435 0.5589262 27.02785 -0.4606207 0.4222929 26.89041 -0.2464712 0.4265745 26.94341 -0.9415899 0.5589262 27.02785 -0.7205126 0.4222929 26.89041 -0.9346622 0.4265745 26.72646 -0.807511 0.2079029 26.94754 -0.6708777 0.2923469 26.80918 -0.8844593 0.2951417 26.72795 -0.6717966 0.1637089 26.94061 -0.8032294 0.3453446 26.72646 -0.3736224 0.2079029 26.94754 -0.5102557 0.2923469 26.80918 -0.2966741 0.2951417 26.72795 -0.5093368 0.1637089 26.94061 -0.377904 0.3453446 26.85938 -0.5905667 0.2139118 26.94341 -0.2395435 0.7195482 27.02785 -0.4606207 0.8561815 26.89041 -0.2464712 0.8518999 27.02184 -0.3277011 0.6392372 26.94341 -0.9415899 0.7195482 27.02785 -0.7205126 0.8561815 26.89041 -0.9346622 0.8518999 27.02184 -0.8534322 0.6392372 26.72646 -0.807511 1.070571 26.94754 -0.6708777 0.9861274 26.80918 -0.8844593 0.9833327 26.72795 -0.6717966 1.114765 26.94061 -0.8032294 0.9331298 26.72646 -0.3736224 1.070571 26.94754 -0.5102557 0.9861274 26.80918 -0.2966741 0.9833327 26.72795 -0.5093368 1.114765 26.94061 -0.377904 0.9331298 26.85938 -0.5905667 1.064563 27.07749 -0.5905667 0.5026039 27.07749 -0.5905667 0.7758704 27.07205 -0.4591339 0.5580073 27.07205 -0.7219995 0.5580073 27.07205 -0.4591339 0.7204671 27.07205 -0.7219995 0.7204671 26.24963 -0.2395435 0.5589262 26.16518 -0.4606207 0.4222929 26.30262 -0.2464712 0.4265745 26.24963 -0.9415899 0.5589262 26.16518 -0.7205126 0.4222929 26.30262 -0.9346622 0.4265745 26.46657 -0.807511 0.2079029 26.24549 -0.6708777 0.2923469 26.38385 -0.8844593 0.2951417 26.46508 -0.6717966 0.1637089 26.25242 -0.8032294 0.3453446 26.46657 -0.3736224 0.2079029 26.24549 -0.5102557 0.2923469 26.38385 -0.2966741 0.2951417 26.46508 -0.5093368 0.1637089 26.25242 -0.377904 0.3453446 26.33365 -0.5905667 0.2139118 26.24963 -0.2395435 0.7195482 26.16518 -0.4606207 0.8561815 26.30262 -0.2464712 0.8518999 26.17119 -0.3277011 0.6392372 26.24963 -0.9415899 0.7195482 26.16518 -0.7205126 0.8561815 26.30262 -0.9346622 0.8518999 26.17119 -0.8534322 0.6392372 26.46657 -0.807511 1.070571 26.24549 -0.6708777 0.9861274 26.38385 -0.8844593 0.9833327 26.46508 -0.6717966 1.114765 26.25242 -0.8032294 0.9331298 26.46657 -0.3736224 1.070571 26.24549 -0.5102557 0.9861274 26.38385 -0.2966741 0.9833327 26.46508 -0.5093368 1.114765 26.25242 -0.377904 0.9331298 26.33365 -0.5905667 1.064563 26.11555 -0.5905667 0.5026039 26.11555 -0.5905667 0.7758704 26.12099 -0.4591339 0.5580073 26.12099 -0.7219995 0.5580073 26.12099 -0.4591339 0.7204671 26.12099 -0.7219995 0.7204671 25.35254 0.6144942 7.852089 25.87827 0.6144942 7.852089 25.35254 -0.2361566 7.852089 25.87827 -0.2361566 7.852089 25.6154 -0.07369671 8.277415 25.6154 0.4520344 8.277415 25.6154 -0.07369671 7.426764 25.6154 0.4520344 7.426764 26.04073 0.1891688 7.589224 26.04073 0.1891688 8.114955 25.19008 0.1891688 7.589224 25.19008 0.1891688 8.114955 25.6154 0.6891688 7.852089 25.6154 -0.3108312 7.852089 25.46089 -0.2153397 8.102089 25.76991 -0.2153397 8.102089 25.46089 0.5936773 8.102089 25.76991 0.5936773 8.102089 25.6154 0.1891688 8.352089 25.46089 -0.2153397 7.602089 25.76991 -0.2153397 7.602089 25.46089 0.5936773 7.602089 25.76991 0.5936773 7.602089 25.6154 0.1891688 7.352089 26.01991 0.4391688 7.697581 26.01991 -0.06083116 7.697581 25.8654 0.03466035 7.447581 25.8654 0.3436773 7.447581 26.01991 0.4391688 8.006598 26.01991 -0.06083116 8.006598 25.8654 0.03466035 8.256598 25.8654 0.3436773 8.256598 26.1154 0.1891688 7.852089 25.21089 0.4391688 7.697581 25.21089 -0.06083116 7.697581 25.3654 0.03466035 7.447581 25.3654 0.3436773 7.447581 25.21089 0.4391688 8.006598 25.21089 -0.06083116 8.006598 25.3654 0.03466035 8.256598 25.3654 0.3436773 8.256598 25.1154 0.1891688 7.852089 25.47877 0.670138 7.852089 25.75203 0.670138 7.852089 25.47877 -0.2918003 7.852089 25.75203 -0.2918003 7.852089 25.39846 -0.2421654 7.982035 25.53509 -0.1577214 8.203112 25.53417 -0.2863594 7.983522 25.83235 -0.2421654 7.982035 25.69571 -0.1577214 8.203112 25.69663 -0.2863594 7.983522 25.6154 -0.2361566 8.114955 25.39846 0.6205031 7.982035 25.53509 0.5360591 8.203112 25.53417 0.6646971 7.983522 25.83235 0.6205031 7.982035 25.69571 0.5360591 8.203112 25.69663 0.6646971 7.983522 25.6154 0.6144942 8.114955 25.6154 0.05253558 8.333058 25.6154 0.3258021 8.333058 25.39846 -0.2421654 7.722143 25.53509 -0.1577214 7.501066 25.53417 -0.2863594 7.720656 25.83235 -0.2421654 7.722143 25.69571 -0.1577214 7.501066 25.69663 -0.2863594 7.720656 25.6154 -0.2361566 7.589224 25.39846 0.6205031 7.722143 25.53509 0.5360591 7.501066 25.53417 0.6646971 7.720656 25.83235 0.6205031 7.722143 25.69571 0.5360591 7.501066 25.69663 0.6646971 7.720656 25.6154 0.6144942 7.589224 25.6154 0.05253558 7.37112 25.6154 0.3258021 7.37112 25.96229 0.5401921 7.771778 26.04674 0.3191148 7.635145 25.90929 0.5332643 7.639426 25.96229 -0.1618544 7.771778 26.04674 0.05922289 7.635145 25.90929 -0.1549266 7.639426 25.74535 -0.02777544 7.420755 25.96642 0.1088578 7.505199 25.82806 -0.1047238 7.507994 25.74683 0.1079389 7.376561 25.9595 -0.02349386 7.558197 25.74535 0.4061131 7.420755 25.96642 0.2694799 7.505199 25.82806 0.4830615 7.507994 25.74683 0.2703988 7.376561 25.9595 0.4018315 7.558197 25.87827 0.1891688 7.426764 25.96229 0.5401921 7.9324 26.04674 0.3191148 8.069033 25.90929 0.5332643 8.064752 26.04073 0.4520344 7.852089 25.96229 -0.1618544 7.9324 26.04674 0.05922289 8.069033 25.90929 -0.1549266 8.064752 26.04073 -0.07369671 7.852089 25.74535 -0.02777544 8.283423 25.96642 0.1088578 8.198979 25.82806 -0.1047238 8.196185 25.74683 0.1079389 8.327617 25.9595 -0.02349386 8.145982 25.74535 0.4061131 8.283423 25.96642 0.2694799 8.198979 25.82806 0.4830615 8.196185 25.74683 0.2703988 8.327617 25.9595 0.4018315 8.145982 25.87827 0.1891688 8.277415 26.09637 0.1891688 7.715456 26.09637 0.1891688 7.988722 26.09093 0.3206016 7.770859 26.09093 0.05773607 7.770859 26.09093 0.3206016 7.933319 26.09093 0.05773607 7.933319 25.26851 0.5401921 7.771778 25.18407 0.3191148 7.635145 25.32151 0.5332643 7.639426 25.26851 -0.1618544 7.771778 25.18407 0.05922289 7.635145 25.32151 -0.1549266 7.639426 25.48545 -0.02777544 7.420755 25.26438 0.1088578 7.505199 25.40274 -0.1047238 7.507994 25.48397 0.1079389 7.376561 25.27131 -0.02349386 7.558197 25.48545 0.4061131 7.420755 25.26438 0.2694799 7.505199 25.40274 0.4830615 7.507994 25.48397 0.2703988 7.376561 25.27131 0.4018315 7.558197 25.35254 0.1891688 7.426764 25.26851 0.5401921 7.9324 25.18407 0.3191148 8.069033 25.32151 0.5332643 8.064752 25.19008 0.4520344 7.852089 25.26851 -0.1618544 7.9324 25.18407 0.05922289 8.069033 25.32151 -0.1549266 8.064752 25.19008 -0.07369671 7.852089 25.48545 -0.02777544 8.283423 25.26438 0.1088578 8.198979 25.40274 -0.1047238 8.196185 25.48397 0.1079389 8.327617 25.27131 -0.02349386 8.145982 25.48545 0.4061131 8.283423 25.26438 0.2694799 8.198979 25.40274 0.4830615 8.196185 25.48397 0.2703988 8.327617 25.27131 0.4018315 8.145982 25.35254 0.1891688 8.277415 25.13443 0.1891688 7.715456 25.13443 0.1891688 7.988722 25.13987 0.3206016 7.770859 25.13987 0.05773607 7.770859 25.13987 0.3206016 7.933319 25.13987 0.05773607 7.933319 26.60884 -3.410181 6.988167 27.13457 -3.410181 6.988167 26.60884 -4.260832 6.988167 27.13457 -4.260832 6.988167 26.8717 -4.098372 7.413493 26.8717 -3.572641 7.413493 26.8717 -4.098372 6.562842 26.8717 -3.572641 6.562842 27.29703 -3.835507 6.725302 27.29703 -3.835507 7.251033 26.44638 -3.835507 6.725302 26.44638 -3.835507 7.251033 26.8717 -3.335507 6.988167 26.8717 -4.335507 6.988167 26.71719 -4.240015 7.238167 27.02621 -4.240015 7.238167 26.71719 -3.430998 7.238167 27.02621 -3.430998 7.238167 26.8717 -3.835507 7.488167 26.71719 -4.240015 6.738167 27.02621 -4.240015 6.738167 26.71719 -3.430998 6.738167 27.02621 -3.430998 6.738167 26.8717 -3.835507 6.488167 27.27621 -3.585507 6.833659 27.27621 -4.085507 6.833659 27.1217 -3.990015 6.583659 27.1217 -3.680998 6.583659 27.27621 -3.585507 7.142676 27.27621 -4.085507 7.142676 27.1217 -3.990015 7.392676 27.1217 -3.680998 7.392676 27.3717 -3.835507 6.988167 26.46719 -3.585507 6.833659 26.46719 -4.085507 6.833659 26.6217 -3.990015 6.583659 26.6217 -3.680998 6.583659 26.46719 -3.585507 7.142676 26.46719 -4.085507 7.142676 26.6217 -3.990015 7.392676 26.6217 -3.680998 7.392676 26.3717 -3.835507 6.988167 26.73507 -3.354538 6.988167 27.00834 -3.354538 6.988167 26.73507 -4.316476 6.988167 27.00834 -4.316476 6.988167 26.65476 -4.266841 7.118113 26.79139 -4.182397 7.339191 26.79047 -4.311035 7.1196 27.08865 -4.266841 7.118113 26.95201 -4.182397 7.339191 26.95293 -4.311035 7.1196 26.8717 -4.260832 7.251033 26.65476 -3.404172 7.118113 26.79139 -3.488616 7.339191 26.79047 -3.359978 7.1196 27.08865 -3.404172 7.118113 26.95201 -3.488616 7.339191 26.95293 -3.359978 7.1196 26.8717 -3.410181 7.251033 26.8717 -3.97214 7.469136 26.8717 -3.698873 7.469136 26.65476 -4.266841 6.858221 26.79139 -4.182397 6.637144 26.79047 -4.311035 6.856735 27.08865 -4.266841 6.858221 26.95201 -4.182397 6.637144 26.95293 -4.311035 6.856735 26.8717 -4.260832 6.725302 26.65476 -3.404172 6.858221 26.79139 -3.488616 6.637144 26.79047 -3.359978 6.856735 27.08865 -3.404172 6.858221 26.95201 -3.488616 6.637144 26.95293 -3.359978 6.856735 26.8717 -3.410181 6.725302 26.8717 -3.97214 6.507198 26.8717 -3.698873 6.507198 27.21859 -3.484483 6.907856 27.30304 -3.705561 6.771223 27.1656 -3.491411 6.775505 27.21859 -4.18653 6.907856 27.30304 -3.965453 6.771223 27.1656 -4.179602 6.775505 27.00165 -4.052451 6.556833 27.22273 -3.915818 6.641277 27.08437 -4.129399 6.644072 27.00314 -3.916737 6.512639 27.2158 -4.048169 6.694275 27.00165 -3.618562 6.556833 27.22273 -3.755196 6.641277 27.08437 -3.541614 6.644072 27.00314 -3.754277 6.512639 27.2158 -3.622844 6.694275 27.13457 -3.835507 6.562842 27.21859 -3.484483 7.068478 27.30304 -3.705561 7.205112 27.1656 -3.491411 7.20083 27.29703 -3.572641 6.988167 27.21859 -4.18653 7.068478 27.30304 -3.965453 7.205112 27.1656 -4.179602 7.20083 27.29703 -4.098372 6.988167 27.00165 -4.052451 7.419502 27.22273 -3.915818 7.335058 27.08437 -4.129399 7.332263 27.00314 -3.916737 7.463696 27.2158 -4.048169 7.28206 27.00165 -3.618562 7.419502 27.22273 -3.755196 7.335058 27.08437 -3.541614 7.332263 27.00314 -3.754277 7.463696 27.2158 -3.622844 7.28206 27.13457 -3.835507 7.413493 27.35267 -3.835507 6.851534 27.35267 -3.835507 7.124801 27.34723 -3.704074 6.906937 27.34723 -3.966939 6.906937 27.34723 -3.704074 7.069397 27.34723 -3.966939 7.069397 26.52481 -3.484483 6.907856 26.44037 -3.705561 6.771223 26.57781 -3.491411 6.775505 26.52481 -4.18653 6.907856 26.44037 -3.965453 6.771223 26.57781 -4.179602 6.775505 26.74176 -4.052451 6.556833 26.52068 -3.915818 6.641277 26.65904 -4.129399 6.644072 26.74027 -3.916737 6.512639 26.52761 -4.048169 6.694275 26.74176 -3.618562 6.556833 26.52068 -3.755196 6.641277 26.65904 -3.541614 6.644072 26.74027 -3.754277 6.512639 26.52761 -3.622844 6.694275 26.60884 -3.835507 6.562842 26.52481 -3.484483 7.068478 26.44037 -3.705561 7.205112 26.57781 -3.491411 7.20083 26.44638 -3.572641 6.988167 26.52481 -4.18653 7.068478 26.44037 -3.965453 7.205112 26.57781 -4.179602 7.20083 26.44638 -4.098372 6.988167 26.74176 -4.052451 7.419502 26.52068 -3.915818 7.335058 26.65904 -4.129399 7.332263 26.74027 -3.916737 7.463696 26.52761 -4.048169 7.28206 26.74176 -3.618562 7.419502 26.52068 -3.755196 7.335058 26.65904 -3.541614 7.332263 26.74027 -3.754277 7.463696 26.52761 -3.622844 7.28206 26.60884 -3.835507 7.413493 26.39073 -3.835507 6.851534 26.39073 -3.835507 7.124801 26.39617 -3.704074 6.906937 26.39617 -3.966939 6.906937 26.39617 -3.704074 7.069397 26.39617 -3.966939 7.069397 27.32384 4.026984 7.06788 27.84957 4.026984 7.06788 27.32384 3.176333 7.06788 27.84957 3.176333 7.06788 27.58671 3.338793 7.493205 27.58671 3.864524 7.493205 27.58671 3.338793 6.642555 27.58671 3.864524 6.642555 28.01203 3.601659 6.805014 28.01203 3.601659 7.330746 27.16138 3.601659 6.805014 27.16138 3.601659 7.330746 27.58671 4.101659 7.06788 27.58671 3.101659 7.06788 27.4322 3.19715 7.31788 27.74121 3.19715 7.31788 27.4322 4.006167 7.31788 27.74121 4.006167 7.31788 27.58671 3.601659 7.56788 27.4322 3.19715 6.81788 27.74121 3.19715 6.81788 27.4322 4.006167 6.81788 27.74121 4.006167 6.81788 27.58671 3.601659 6.56788 27.99121 3.851659 6.913372 27.99121 3.351659 6.913372 27.83671 3.44715 6.663372 27.83671 3.756167 6.663372 27.99121 3.851659 7.222389 27.99121 3.351659 7.222389 27.83671 3.44715 7.472389 27.83671 3.756167 7.472389 28.08671 3.601659 7.06788 27.1822 3.851659 6.913372 27.1822 3.351659 6.913372 27.33671 3.44715 6.663372 27.33671 3.756167 6.663372 27.1822 3.851659 7.222389 27.1822 3.351659 7.222389 27.33671 3.44715 7.472389 27.33671 3.756167 7.472389 27.08671 3.601659 7.06788 27.45007 4.082628 7.06788 27.72334 4.082628 7.06788 27.45007 3.12069 7.06788 27.72334 3.12069 7.06788 27.36976 3.170325 7.197826 27.50639 3.254769 7.418903 27.50548 3.126131 7.199313 27.80365 3.170325 7.197826 27.66702 3.254769 7.418903 27.66793 3.126131 7.199313 27.58671 3.176333 7.330746 27.36976 4.032993 7.197826 27.50639 3.948549 7.418903 27.50548 4.077187 7.199313 27.80365 4.032993 7.197826 27.66702 3.948549 7.418903 27.66793 4.077187 7.199313 27.58671 4.026984 7.330746 27.58671 3.465026 7.548849 27.58671 3.738292 7.548849 27.36976 3.170325 6.937934 27.50639 3.254769 6.716857 27.50548 3.126131 6.936447 27.80365 3.170325 6.937934 27.66702 3.254769 6.716857 27.66793 3.126131 6.936447 27.58671 3.176333 6.805014 27.36976 4.032993 6.937934 27.50639 3.948549 6.716857 27.50548 4.077187 6.936447 27.80365 4.032993 6.937934 27.66702 3.948549 6.716857 27.66793 4.077187 6.936447 27.58671 4.026984 6.805014 27.58671 3.465026 6.586911 27.58671 3.738292 6.586911 27.9336 3.952682 6.987569 28.01804 3.731605 6.850936 27.8806 3.945754 6.855217 27.9336 3.250636 6.987569 28.01804 3.471713 6.850936 27.8806 3.257563 6.855217 27.71665 3.384715 6.636546 27.93773 3.521348 6.72099 27.79937 3.307766 6.723785 27.71814 3.520429 6.592352 27.9308 3.388996 6.773987 27.71665 3.818603 6.636546 27.93773 3.68197 6.72099 27.79937 3.895551 6.723785 27.71814 3.682889 6.592352 27.9308 3.814322 6.773987 27.84957 3.601659 6.642555 27.9336 3.952682 7.148191 28.01804 3.731605 7.284824 27.8806 3.945754 7.280543 28.01203 3.864524 7.06788 27.9336 3.250636 7.148191 28.01804 3.471713 7.284824 27.8806 3.257563 7.280543 28.01203 3.338793 7.06788 27.71665 3.384715 7.499214 27.93773 3.521348 7.41477 27.79937 3.307766 7.411976 27.71814 3.520429 7.543408 27.9308 3.388996 7.361773 27.71665 3.818603 7.499214 27.93773 3.68197 7.41477 27.79937 3.895551 7.411976 27.71814 3.682889 7.543408 27.9308 3.814322 7.361773 27.84957 3.601659 7.493205 28.06767 3.601659 6.931247 28.06767 3.601659 7.204513 28.06223 3.733092 6.98665 28.06223 3.470226 6.98665 28.06223 3.733092 7.14911 28.06223 3.470226 7.14911 27.23981 3.952682 6.987569 27.15537 3.731605 6.850936 27.29281 3.945754 6.855217 27.23981 3.250636 6.987569 27.15537 3.471713 6.850936 27.29281 3.257563 6.855217 27.45676 3.384715 6.636546 27.23568 3.521348 6.72099 27.37404 3.307766 6.723785 27.45527 3.520429 6.592352 27.24261 3.388996 6.773987 27.45676 3.818603 6.636546 27.23568 3.68197 6.72099 27.37404 3.895551 6.723785 27.45527 3.682889 6.592352 27.24261 3.814322 6.773987 27.32384 3.601659 6.642555 27.23981 3.952682 7.148191 27.15537 3.731605 7.284824 27.29281 3.945754 7.280543 27.16138 3.864524 7.06788 27.23981 3.250636 7.148191 27.15537 3.471713 7.284824 27.29281 3.257563 7.280543 27.16138 3.338793 7.06788 27.45676 3.384715 7.499214 27.23568 3.521348 7.41477 27.37404 3.307766 7.411976 27.45527 3.520429 7.543408 27.24261 3.388996 7.361773 27.45676 3.818603 7.499214 27.23568 3.68197 7.41477 27.37404 3.895551 7.411976 27.45527 3.682889 7.543408 27.24261 3.814322 7.361773 27.32384 3.601659 7.493205 27.10574 3.601659 6.931247 27.10574 3.601659 7.204513 27.11118 3.733092 6.98665 27.11118 3.470226 6.98665 27.11118 3.733092 7.14911 27.11118 3.470226 7.14911 19.85423 -2.170818 0.3818337 20.37996 -2.170818 0.3818337 19.85423 -3.021469 0.3818337 20.37996 -3.021469 0.3818337 20.11709 -2.859009 0.8071591 20.11709 -2.333278 0.8071591 20.11709 -2.859009 -0.04349171 20.11709 -2.333278 -0.04349171 20.54242 -2.596143 0.1189681 20.54242 -2.596143 0.6446993 19.69177 -2.596143 0.1189681 19.69177 -2.596143 0.6446993 20.11709 -2.096143 0.3818337 20.11709 -3.096143 0.3818337 19.96259 -3.000652 0.6318337 20.2716 -3.000652 0.6318337 19.96259 -2.191635 0.6318337 20.2716 -2.191635 0.6318337 20.11709 -2.596143 0.8818337 19.96259 -3.000652 0.1318337 20.2716 -3.000652 0.1318337 19.96259 -2.191635 0.1318337 20.2716 -2.191635 0.1318337 20.11709 -2.596143 -0.1181663 20.5216 -2.346143 0.2273252 20.5216 -2.846143 0.2273252 20.36709 -2.750652 -0.0226748 20.36709 -2.441635 -0.0226748 20.5216 -2.346143 0.5363422 20.5216 -2.846143 0.5363422 20.36709 -2.750652 0.7863422 20.36709 -2.441635 0.7863422 20.61709 -2.596143 0.3818337 19.71259 -2.346143 0.2273252 19.71259 -2.846143 0.2273252 19.86709 -2.750652 -0.0226748 19.86709 -2.441635 -0.0226748 19.71259 -2.346143 0.5363422 19.71259 -2.846143 0.5363422 19.86709 -2.750652 0.7863422 19.86709 -2.441635 0.7863422 19.61709 -2.596143 0.3818337 19.98046 -2.115174 0.3818337 20.25373 -2.115174 0.3818337 19.98046 -3.077113 0.3818337 20.25373 -3.077113 0.3818337 19.90015 -3.027478 0.5117797 20.03678 -2.943034 0.7328569 20.03586 -3.071672 0.5132665 20.33404 -3.027478 0.5117797 20.19741 -2.943034 0.7328569 20.19832 -3.071672 0.5132665 20.11709 -3.021469 0.6446993 19.90015 -2.164809 0.5117797 20.03678 -2.249253 0.7328569 20.03586 -2.120615 0.5132665 20.33404 -2.164809 0.5117797 20.19741 -2.249253 0.7328569 20.19832 -2.120615 0.5132665 20.11709 -2.170818 0.6446993 20.11709 -2.732777 0.8628029 20.11709 -2.45951 0.8628029 19.90015 -3.027478 0.2518877 20.03678 -2.943034 0.03081048 20.03586 -3.071672 0.2504009 20.33404 -3.027478 0.2518877 20.19741 -2.943034 0.03081048 20.19832 -3.071672 0.2504009 20.11709 -3.021469 0.1189681 19.90015 -2.164809 0.2518877 20.03678 -2.249253 0.03081048 20.03586 -2.120615 0.2504009 20.33404 -2.164809 0.2518877 20.19741 -2.249253 0.03081048 20.19832 -2.120615 0.2504009 20.11709 -2.170818 0.1189681 20.11709 -2.732777 -0.09913548 20.11709 -2.45951 -0.09913548 20.46398 -2.24512 0.3015227 20.54843 -2.466198 0.1648894 20.41099 -2.252048 0.169171 20.46398 -2.947167 0.3015227 20.54843 -2.726089 0.1648894 20.41099 -2.940239 0.169171 20.24704 -2.813088 -0.04950054 20.46812 -2.676455 0.03494346 20.32976 -2.890036 0.03773822 20.24853 -2.677373 -0.09369456 20.46119 -2.808806 0.08794107 20.24704 -2.379199 -0.04950054 20.46812 -2.515832 0.03494346 20.32976 -2.302251 0.03773822 20.24853 -2.514914 -0.09369456 20.46119 -2.383481 0.08794107 20.37996 -2.596143 -0.04349171 20.46398 -2.24512 0.4621447 20.54843 -2.466198 0.598778 20.41099 -2.252048 0.5944964 20.54242 -2.333278 0.3818337 20.46398 -2.947167 0.4621447 20.54843 -2.726089 0.598778 20.41099 -2.940239 0.5944964 20.54242 -2.859009 0.3818337 20.24704 -2.813088 0.8131679 20.46812 -2.676455 0.7287239 20.32976 -2.890036 0.7259292 20.24853 -2.677373 0.857362 20.46119 -2.808806 0.6757263 20.24704 -2.379199 0.8131679 20.46812 -2.515832 0.7287239 20.32976 -2.302251 0.7259292 20.24853 -2.514914 0.857362 20.46119 -2.383481 0.6757263 20.37996 -2.596143 0.8071591 20.59806 -2.596143 0.2452004 20.59806 -2.596143 0.518467 20.59262 -2.464711 0.3006038 20.59262 -2.727576 0.3006038 20.59262 -2.464711 0.4630636 20.59262 -2.727576 0.4630636 19.7702 -2.24512 0.3015227 19.68576 -2.466198 0.1648894 19.8232 -2.252048 0.169171 19.7702 -2.947167 0.3015227 19.68576 -2.726089 0.1648894 19.8232 -2.940239 0.169171 19.98715 -2.813088 -0.04950054 19.76607 -2.676455 0.03494346 19.90443 -2.890036 0.03773822 19.98566 -2.677373 -0.09369456 19.773 -2.808806 0.08794107 19.98715 -2.379199 -0.04950054 19.76607 -2.515832 0.03494346 19.90443 -2.302251 0.03773822 19.98566 -2.514914 -0.09369456 19.773 -2.383481 0.08794107 19.85423 -2.596143 -0.04349171 19.7702 -2.24512 0.4621447 19.68576 -2.466198 0.598778 19.8232 -2.252048 0.5944964 19.69177 -2.333278 0.3818337 19.7702 -2.947167 0.4621447 19.68576 -2.726089 0.598778 19.8232 -2.940239 0.5944964 19.69177 -2.859009 0.3818337 19.98715 -2.813088 0.8131679 19.76607 -2.676455 0.7287239 19.90443 -2.890036 0.7259292 19.98566 -2.677373 0.857362 19.773 -2.808806 0.6757263 19.98715 -2.379199 0.8131679 19.76607 -2.515832 0.7287239 19.90443 -2.302251 0.7259292 19.98566 -2.514914 0.857362 19.773 -2.383481 0.6757263 19.85423 -2.596143 0.8071591 19.63613 -2.596143 0.2452004 19.63613 -2.596143 0.518467 19.64157 -2.464711 0.3006038 19.64157 -2.727576 0.3006038 19.64157 -2.464711 0.4630636 19.64157 -2.727576 0.4630636 26.72201 4.149896 0.1539347 27.24774 4.149896 0.1539347 26.72201 3.299245 0.1539347 27.24774 3.299245 0.1539347 26.98487 3.461705 0.5792601 26.98487 3.987436 0.5792601 26.98487 3.461705 -0.2713907 26.98487 3.987436 -0.2713907 27.4102 3.72457 -0.1089308 27.4102 3.72457 0.4168003 26.55955 3.72457 -0.1089308 26.55955 3.72457 0.4168003 26.98487 4.22457 0.1539347 26.98487 3.22457 0.1539347 26.83037 3.320062 0.4039347 27.13938 3.320062 0.4039347 26.83037 4.129079 0.4039347 27.13938 4.129079 0.4039347 26.98487 3.72457 0.6539347 26.83037 3.320062 -0.09606526 27.13938 3.320062 -0.09606526 26.83037 4.129079 -0.09606526 27.13938 4.129079 -0.09606526 26.98487 3.72457 -0.3460653 27.38938 3.97457 -0.0005737591 27.38938 3.47457 -0.0005737591 27.23487 3.570062 -0.2505738 27.23487 3.879079 -0.2505738 27.38938 3.97457 0.3084432 27.38938 3.47457 0.3084432 27.23487 3.570062 0.5584432 27.23487 3.879079 0.5584432 27.48487 3.72457 0.1539347 26.58037 3.97457 -0.0005737591 26.58037 3.47457 -0.0005737591 26.73487 3.570062 -0.2505738 26.73487 3.879079 -0.2505738 26.58037 3.97457 0.3084432 26.58037 3.47457 0.3084432 26.73487 3.570062 0.5584432 26.73487 3.879079 0.5584432 26.48487 3.72457 0.1539347 26.84824 4.20554 0.1539347 27.12151 4.20554 0.1539347 26.84824 3.243601 0.1539347 27.12151 3.243601 0.1539347 26.76793 3.293236 0.2838807 26.90456 3.37768 0.504958 26.90364 3.249042 0.2853675 27.20182 3.293236 0.2838807 27.06519 3.37768 0.504958 27.0661 3.249042 0.2853675 26.98487 3.299245 0.4168003 26.76793 4.155905 0.2838807 26.90456 4.071461 0.504958 26.90364 4.200099 0.2853675 27.20182 4.155905 0.2838807 27.06519 4.071461 0.504958 27.0661 4.200099 0.2853675 26.98487 4.149896 0.4168003 26.98487 3.587937 0.6349039 26.98487 3.861204 0.6349039 26.76793 3.293236 0.02398878 26.90456 3.37768 -0.1970885 26.90364 3.249042 0.02250196 27.20182 3.293236 0.02398878 27.06519 3.37768 -0.1970885 27.0661 3.249042 0.02250196 26.98487 3.299245 -0.1089308 26.76793 4.155905 0.02398878 26.90456 4.071461 -0.1970885 26.90364 4.200099 0.02250196 27.20182 4.155905 0.02398878 27.06519 4.071461 -0.1970885 27.0661 4.200099 0.02250196 26.98487 4.149896 -0.1089308 26.98487 3.587937 -0.3270344 26.98487 3.861204 -0.3270344 27.33176 4.075594 0.07362372 27.41621 3.854516 -0.06300954 27.27877 4.068666 -0.05872796 27.33176 3.373547 0.07362372 27.41621 3.594624 -0.06300954 27.27877 3.380475 -0.05872796 27.11482 3.507626 -0.2773995 27.3359 3.644259 -0.1929555 27.19754 3.430678 -0.1901607 27.11631 3.64334 -0.3215935 27.32897 3.511908 -0.1399579 27.11482 3.941515 -0.2773995 27.3359 3.804881 -0.1929555 27.19754 4.018463 -0.1901607 27.11631 3.8058 -0.3215935 27.32897 3.937233 -0.1399579 27.24774 3.72457 -0.2713907 27.33176 4.075594 0.2342458 27.41621 3.854516 0.370879 27.27877 4.068666 0.3665974 27.4102 3.987436 0.1539347 27.33176 3.373547 0.2342458 27.41621 3.594624 0.370879 27.27877 3.380475 0.3665974 27.4102 3.461705 0.1539347 27.11482 3.507626 0.585269 27.3359 3.644259 0.500825 27.19754 3.430678 0.4980302 27.11631 3.64334 0.629463 27.32897 3.511908 0.4478274 27.11482 3.941515 0.585269 27.3359 3.804881 0.500825 27.19754 4.018463 0.4980302 27.11631 3.8058 0.629463 27.32897 3.937233 0.4478274 27.24774 3.72457 0.5792601 27.46584 3.72457 0.01730147 27.46584 3.72457 0.290568 27.4604 3.856003 0.07270481 27.4604 3.593138 0.07270481 27.4604 3.856003 0.2351647 27.4604 3.593138 0.2351647 26.63798 4.075594 0.07362372 26.55354 3.854516 -0.06300954 26.69098 4.068666 -0.05872796 26.63798 3.373547 0.07362372 26.55354 3.594624 -0.06300954 26.69098 3.380475 -0.05872796 26.85493 3.507626 -0.2773995 26.63385 3.644259 -0.1929555 26.77221 3.430678 -0.1901607 26.85344 3.64334 -0.3215935 26.64078 3.511908 -0.1399579 26.85493 3.941515 -0.2773995 26.63385 3.804881 -0.1929555 26.77221 4.018463 -0.1901607 26.85344 3.8058 -0.3215935 26.64078 3.937233 -0.1399579 26.72201 3.72457 -0.2713907 26.63798 4.075594 0.2342458 26.55354 3.854516 0.370879 26.69098 4.068666 0.3665974 26.55955 3.987436 0.1539347 26.63798 3.373547 0.2342458 26.55354 3.594624 0.370879 26.69098 3.380475 0.3665974 26.55955 3.461705 0.1539347 26.85493 3.507626 0.585269 26.63385 3.644259 0.500825 26.77221 3.430678 0.4980302 26.85344 3.64334 0.629463 26.64078 3.511908 0.4478274 26.85493 3.941515 0.585269 26.63385 3.804881 0.500825 26.77221 4.018463 0.4980302 26.85344 3.8058 0.629463 26.64078 3.937233 0.4478274 26.72201 3.72457 0.5792601 26.50391 3.72457 0.01730147 26.50391 3.72457 0.290568 26.50935 3.856003 0.07270481 26.50935 3.593138 0.07270481 26.50935 3.856003 0.2351647 26.50935 3.593138 0.2351647</float_array>
          <technique_common>
            <accessor count="5508" source="#verts-array-array" stride="3">
              <param type="float" name="X" />
              <param type="float" name="Y" />
              <param type="float" name="Z" />
            </accessor>
          </technique_common>
        </source>
        <source id="normals-array">
          <float_array count="16524" id="normals-array-array">-0.5257311 0.8506508 -9.064821e-18 0.5257311 0.8506508 -4.532411e-18 -0.5257311 -0.8506508 -4.532411e-18 0.5257311 -0.8506508 -2.266205e-17 0 -0.5257311 0.8506508 -2.266205e-18 0.5257311 0.8506508 -6.798616e-18 -0.5257311 -0.8506508 1.133103e-17 0.5257311 -0.8506508 0.8506508 0 -0.5257311 0.8506508 1.812964e-17 0.5257311 -0.8506508 -4.532411e-18 -0.5257311 -0.8506508 -1.812964e-17 0.5257311 -4.542523e-18 1 2.725514e-17 9.085045e-18 -1 1.817009e-17 -0.309017 -0.809017 0.5 0.309017 -0.809017 0.5 -0.309017 0.809017 0.5 0.309017 0.809017 0.5 0 0 1 -0.309017 -0.809017 -0.5 0.309017 -0.809017 -0.5 -0.309017 0.809017 -0.5 0.309017 0.809017 -0.5 4.542523e-18 0 -1 0.809017 0.5 -0.309017 0.809017 -0.5 -0.309017 0.5 -0.309017 -0.809017 0.5 0.309017 -0.809017 0.809017 0.5 0.309017 0.809017 -0.5 0.309017 0.5 -0.309017 0.809017 0.5 0.309017 0.809017 1 -4.542523e-18 0 -0.809017 0.5 -0.309017 -0.809017 -0.5 -0.309017 -0.5 -0.309017 -0.809017 -0.5 0.309017 -0.809017 -0.809017 0.5 0.309017 -0.809017 -0.5 0.309017 -0.5 -0.309017 0.809017 -0.5 0.309017 0.809017 -1 4.542523e-18 0 -0.2752294 0.9613786 1.814617e-17 0.2752294 0.9613786 1.814617e-17 -0.2752294 -0.9613786 1.360963e-17 0.2752294 -0.9613786 -1.360963e-17 -0.434697 -0.8628222 0.258024 -0.1594676 -0.692721 0.7033546 -0.1536088 -0.9510051 0.2683162 0.434697 -0.8628222 0.258024 0.1594676 -0.692721 0.7033546 0.1536088 -0.9510051 0.2683162 -9.096317e-18 -0.8560697 0.5168605 -0.434697 0.8628222 0.258024 -0.1594676 0.692721 0.7033546 -0.1536088 0.9510051 0.2683162 0.434697 0.8628222 0.258024 0.1594676 0.692721 0.7033546 0.1536088 0.9510051 0.2683162 0 0.8560697 0.5168605 4.536544e-18 -0.2752294 0.9613786 -4.536544e-18 0.2752294 0.9613786 -0.434697 -0.8628222 -0.258024 -0.1594676 -0.692721 -0.7033546 -0.1536088 -0.9510051 -0.2683162 0.434697 -0.8628222 -0.258024 0.1594676 -0.692721 -0.7033546 0.1536088 -0.9510051 -0.2683162 9.096317e-18 -0.8560697 -0.5168605 -0.434697 0.8628222 -0.258024 -0.1594676 0.692721 -0.7033546 -0.1536088 0.9510051 -0.2683162 0.434697 0.8628222 -0.258024 0.1594676 0.692721 -0.7033546 0.1536088 0.9510051 -0.2683162 -4.548159e-18 0.8560697 -0.5168605 4.536544e-18 -0.2752294 -0.9613786 -4.536544e-18 0.2752294 -0.9613786 0.692721 0.7033546 -0.1594676 0.8628222 0.258024 -0.434697 0.5877535 0.682689 -0.4341447 0.692721 -0.7033546 -0.1594676 0.8628222 -0.258024 -0.434697 0.5877535 -0.682689 -0.4341447 0.258024 -0.434697 -0.8628222 0.7033546 -0.1594676 -0.692721 0.4341447 -0.5877535 -0.682689 0.2683162 -0.1536088 -0.9510051 0.682689 -0.4341447 -0.5877535 0.258024 0.434697 -0.8628222 0.7033546 0.1594676 -0.692721 0.4341447 0.5877535 -0.682689 0.2683162 0.1536088 -0.9510051 0.682689 0.4341447 -0.5877535 0.5168605 2.274079e-17 -0.8560697 0.692721 0.7033546 0.1594676 0.8628222 0.258024 0.434697 0.5877535 0.682689 0.4341447 0.8560697 0.5168605 -9.096317e-18 0.692721 -0.7033546 0.1594676 0.8628222 -0.258024 0.434697 0.5877535 -0.682689 0.4341447 0.8560697 -0.5168605 1.819263e-17 0.258024 -0.434697 0.8628222 0.7033546 -0.1594676 0.692721 0.4341447 -0.5877535 0.682689 0.2683162 -0.1536088 0.9510051 0.682689 -0.4341447 0.5877535 0.258024 0.434697 0.8628222 0.7033546 0.1594676 0.692721 0.4341447 0.5877535 0.682689 0.2683162 0.1536088 0.9510051 0.682689 0.4341447 0.5877535 0.5168605 4.548159e-18 0.8560697 0.9613786 4.536544e-18 -0.2752294 0.9613786 -9.073087e-18 0.2752294 0.9510051 0.2683162 -0.1536088 0.9510051 -0.2683162 -0.1536088 0.9510051 0.2683162 0.1536088 0.9510051 -0.2683162 0.1536088 -0.692721 0.7033546 -0.1594676 -0.8628222 0.258024 -0.434697 -0.5877535 0.682689 -0.4341447 -0.692721 -0.7033546 -0.1594676 -0.8628222 -0.258024 -0.434697 -0.5877535 -0.682689 -0.4341447 -0.258024 -0.434697 -0.8628222 -0.7033546 -0.1594676 -0.692721 -0.4341447 -0.5877535 -0.682689 -0.2683162 -0.1536088 -0.9510051 -0.682689 -0.4341447 -0.5877535 -0.258024 0.434697 -0.8628222 -0.7033546 0.1594676 -0.692721 -0.4341447 0.5877535 -0.682689 -0.2683162 0.1536088 -0.9510051 -0.682689 0.4341447 -0.5877535 -0.5168605 -2.274079e-17 -0.8560697 -0.692721 0.7033546 0.1594676 -0.8628222 0.258024 0.434697 -0.5877535 0.682689 0.4341447 -0.8560697 0.5168605 -4.548159e-18 -0.692721 -0.7033546 0.1594676 -0.8628222 -0.258024 0.434697 -0.5877535 -0.682689 0.4341447 -0.8560697 -0.5168605 -4.548159e-18 -0.258024 -0.434697 0.8628222 -0.7033546 -0.1594676 0.692721 -0.4341447 -0.5877535 0.682689 -0.2683162 -0.1536088 0.9510051 -0.682689 -0.4341447 0.5877535 -0.258024 0.434697 0.8628222 -0.7033546 0.1594676 0.692721 -0.4341447 0.5877535 0.682689 -0.2683162 0.1536088 0.9510051 -0.682689 0.4341447 0.5877535 -0.5168605 -4.548159e-18 0.8560697 -0.9613786 -4.536544e-18 -0.2752294 -0.9613786 9.073087e-18 0.2752294 -0.9510051 0.2683162 -0.1536088 -0.9510051 -0.2683162 -0.1536088 -0.9510051 0.2683162 0.1536088 -0.9510051 -0.2683162 0.1536088 -0.5257311 0.8506508 -4.532411e-18 0.5257311 0.8506508 0 -0.5257311 -0.8506508 4.532411e-18 0.5257311 -0.8506508 9.064821e-18 0 -0.5257311 0.8506508 -4.532411e-18 0.5257311 0.8506508 1.359723e-17 -0.5257311 -0.8506508 -1.133103e-17 0.5257311 -0.8506508 0.8506508 -9.064821e-17 -0.5257311 0.8506508 -1.065117e-16 0.5257311 -0.8506508 -1.178427e-16 -0.5257311 -0.8506508 -9.971304e-17 0.5257311 -4.542523e-18 1 1.362757e-17 4.542523e-18 -1 1.362757e-17 -0.309017 -0.809017 0.5 0.309017 -0.809017 0.5 -0.309017 0.809017 0.5 0.309017 0.809017 0.5 4.542523e-18 0 1 -0.309017 -0.809017 -0.5 0.309017 -0.809017 -0.5 -0.309017 0.809017 -0.5 0.309017 0.809017 -0.5 4.542523e-18 0 -1 0.809017 0.5 -0.309017 0.809017 -0.5 -0.309017 0.5 -0.309017 -0.809017 0.5 0.309017 -0.809017 0.809017 0.5 0.309017 0.809017 -0.5 0.309017 0.5 -0.309017 0.809017 0.5 0.309017 0.809017 1 -2.589238e-16 9.085045e-18 -0.809017 0.5 -0.309017 -0.809017 -0.5 -0.309017 -0.5 -0.309017 -0.809017 -0.5 0.309017 -0.809017 -0.809017 0.5 0.309017 -0.809017 -0.5 0.309017 -0.5 -0.309017 0.809017 -0.5 0.309017 0.809017 -1 -2.725514e-16 0 -0.2752294 0.9613786 4.536544e-18 0.2752294 0.9613786 4.536544e-18 -0.2752294 -0.9613786 4.536544e-18 0.2752294 -0.9613786 4.536544e-18 -0.434697 -0.8628222 0.258024 -0.1594676 -0.692721 0.7033546 -0.1536088 -0.9510051 0.2683162 0.434697 -0.8628222 0.258024 0.1594676 -0.692721 0.7033546 0.1536088 -0.9510051 0.2683162 4.548159e-18 -0.8560697 0.5168605 -0.434697 0.8628222 0.258024 -0.1594676 0.692721 0.7033546 -0.1536088 0.9510051 0.2683162 0.434697 0.8628222 0.258024 0.1594676 0.692721 0.7033546 0.1536088 0.9510051 0.2683162 -4.548159e-18 0.8560697 0.5168605 9.073087e-18 -0.2752294 0.9613786 0 0.2752294 0.9613786 -0.434697 -0.8628222 -0.258024 -0.1594676 -0.692721 -0.7033546 -0.1536088 -0.9510051 -0.2683162 0.434697 -0.8628222 -0.258024 0.1594676 -0.692721 -0.7033546 0.1536088 -0.9510051 -0.2683162 9.096317e-18 -0.8560697 -0.5168605 -0.434697 0.8628222 -0.258024 -0.1594676 0.692721 -0.7033546 -0.1536088 0.9510051 -0.2683162 0.434697 0.8628222 -0.258024 0.1594676 0.692721 -0.7033546 0.1536088 0.9510051 -0.2683162 -4.548159e-18 0.8560697 -0.5168605 -4.536544e-18 -0.2752294 -0.9613786 0 0.2752294 -0.9613786 0.692721 0.7033546 -0.1594676 0.8628222 0.258024 -0.434697 0.5877535 0.682689 -0.4341447 0.692721 -0.7033546 -0.1594676 0.8628222 -0.258024 -0.434697 0.5877535 -0.682689 -0.4341447 0.258024 -0.434697 -0.8628222 0.7033546 -0.1594676 -0.692721 0.4341447 -0.5877535 -0.682689 0.2683162 -0.1536088 -0.9510051 0.682689 -0.4341447 -0.5877535 0.258024 0.434697 -0.8628222 0.7033546 0.1594676 -0.692721 0.4341447 0.5877535 -0.682689 0.2683162 0.1536088 -0.9510051 0.682689 0.4341447 -0.5877535 0.5168605 -1.955708e-16 -0.8560697 0.692721 0.7033546 0.1594676 0.8628222 0.258024 0.434697 0.5877535 0.682689 0.4341447 0.8560697 0.5168605 -4.548159e-18 0.692721 -0.7033546 0.1594676 0.8628222 -0.258024 0.434697 0.5877535 -0.682689 0.4341447 0.8560697 -0.5168605 9.096317e-18 0.258024 -0.434697 0.8628222 0.7033546 -0.1594676 0.692721 0.4341447 -0.5877535 0.682689 0.2683162 -0.1536088 0.9510051 0.682689 -0.4341447 0.5877535 0.258024 0.434697 0.8628222 0.7033546 0.1594676 0.692721 0.4341447 0.5877535 0.682689 0.2683162 0.1536088 0.9510051 0.682689 0.4341447 0.5877535 0.5168605 -1.955708e-16 0.8560697 0.9613786 -1.270232e-16 -0.2752294 0.9613786 -1.360963e-16 0.2752294 0.9510051 0.2683162 -0.1536088 0.9510051 -0.2683162 -0.1536088 0.9510051 0.2683162 0.1536088 0.9510051 -0.2683162 0.1536088 -0.692721 0.7033546 -0.1594676 -0.8628222 0.258024 -0.434697 -0.5877535 0.682689 -0.4341447 -0.692721 -0.7033546 -0.1594676 -0.8628222 -0.258024 -0.434697 -0.5877535 -0.682689 -0.4341447 -0.258024 -0.434697 -0.8628222 -0.7033546 -0.1594676 -0.692721 -0.4341447 -0.5877535 -0.682689 -0.2683162 -0.1536088 -0.9510051 -0.682689 -0.4341447 -0.5877535 -0.258024 0.434697 -0.8628222 -0.7033546 0.1594676 -0.692721 -0.4341447 0.5877535 -0.682689 -0.2683162 0.1536088 -0.9510051 -0.682689 0.4341447 -0.5877535 -0.5168605 -2.274079e-16 -0.8560697 -0.692721 0.7033546 0.1594676 -0.8628222 0.258024 0.434697 -0.5877535 0.682689 0.4341447 -0.8560697 0.5168605 -4.548159e-18 -0.692721 -0.7033546 0.1594676 -0.8628222 -0.258024 0.434697 -0.5877535 -0.682689 0.4341447 -0.8560697 -0.5168605 4.548159e-18 -0.258024 -0.434697 0.8628222 -0.7033546 -0.1594676 0.692721 -0.4341447 -0.5877535 0.682689 -0.2683162 -0.1536088 0.9510051 -0.682689 -0.4341447 0.5877535 -0.258024 0.434697 0.8628222 -0.7033546 0.1594676 0.692721 -0.4341447 0.5877535 0.682689 -0.2683162 0.1536088 0.9510051 -0.682689 0.4341447 0.5877535 -0.5168605 -2.228598e-16 0.8560697 -0.9613786 -1.360963e-16 -0.2752294 -0.9613786 -1.270232e-16 0.2752294 -0.9510051 0.2683162 -0.1536088 -0.9510051 -0.2683162 -0.1536088 -0.9510051 0.2683162 0.1536088 -0.9510051 -0.2683162 0.1536088 -0.5257311 0.8506508 -1.359723e-17 0.5257311 0.8506508 -1.359723e-17 -0.5257311 -0.8506508 -1.359723e-17 0.5257311 -0.8506508 -1.359723e-17 -1.359723e-17 -0.5257311 0.8506508 1.359723e-17 0.5257311 0.8506508 -1.133103e-17 -0.5257311 -0.8506508 1.359723e-17 0.5257311 -0.8506508 0.8506508 -4.532411e-18 -0.5257311 0.8506508 -9.064821e-18 0.5257311 -0.8506508 9.064821e-18 -0.5257311 -0.8506508 1.359723e-17 0.5257311 9.085045e-18 1 -1.362757e-17 -9.085045e-18 -1 -1.362757e-17 -0.309017 -0.809017 0.5 0.309017 -0.809017 0.5 -0.309017 0.809017 0.5 0.309017 0.809017 0.5 0 0 1 -0.309017 -0.809017 -0.5 0.309017 -0.809017 -0.5 -0.309017 0.809017 -0.5 0.309017 0.809017 -0.5 4.542523e-18 0 -1 0.809017 0.5 -0.309017 0.809017 -0.5 -0.309017 0.5 -0.309017 -0.809017 0.5 0.309017 -0.809017 0.809017 0.5 0.309017 0.809017 -0.5 0.309017 0.5 -0.309017 0.809017 0.5 0.309017 0.809017 1 -1.362757e-17 -4.542523e-18 -0.809017 0.5 -0.309017 -0.809017 -0.5 -0.309017 -0.5 -0.309017 -0.809017 -0.5 0.309017 -0.809017 -0.809017 0.5 0.309017 -0.809017 -0.5 0.309017 -0.5 -0.309017 0.809017 -0.5 0.309017 0.809017 -1 1.362757e-17 -4.542523e-18 -0.2752294 0.9613786 -9.073087e-18 0.2752294 0.9613786 -4.536544e-18 -0.2752294 -0.9613786 -4.536544e-18 0.2752294 -0.9613786 -9.073087e-18 -0.434697 -0.8628222 0.258024 -0.1594676 -0.692721 0.7033546 -0.1536088 -0.9510051 0.2683162 0.434697 -0.8628222 0.258024 0.1594676 -0.692721 0.7033546 0.1536088 -0.9510051 0.2683162 0 -0.8560697 0.5168605 -0.434697 0.8628222 0.258024 -0.1594676 0.692721 0.7033546 -0.1536088 0.9510051 0.2683162 0.434697 0.8628222 0.258024 0.1594676 0.692721 0.7033546 0.1536088 0.9510051 0.2683162 0 0.8560697 0.5168605 -4.536544e-18 -0.2752294 0.9613786 0 0.2752294 0.9613786 -0.434697 -0.8628222 -0.258024 -0.1594676 -0.692721 -0.7033546 -0.1536088 -0.9510051 -0.2683162 0.434697 -0.8628222 -0.258024 0.1594676 -0.692721 -0.7033546 0.1536088 -0.9510051 -0.2683162 4.548159e-18 -0.8560697 -0.5168605 -0.434697 0.8628222 -0.258024 -0.1594676 0.692721 -0.7033546 -0.1536088 0.9510051 -0.2683162 0.434697 0.8628222 -0.258024 0.1594676 0.692721 -0.7033546 0.1536088 0.9510051 -0.2683162 -4.548159e-18 0.8560697 -0.5168605 -4.536544e-18 -0.2752294 -0.9613786 9.073087e-18 0.2752294 -0.9613786 0.692721 0.7033546 -0.1594676 0.8628222 0.258024 -0.434697 0.5877535 0.682689 -0.4341447 0.692721 -0.7033546 -0.1594676 0.8628222 -0.258024 -0.434697 0.5877535 -0.682689 -0.4341447 0.258024 -0.434697 -0.8628222 0.7033546 -0.1594676 -0.692721 0.4341447 -0.5877535 -0.682689 0.2683162 -0.1536088 -0.9510051 0.682689 -0.4341447 -0.5877535 0.258024 0.434697 -0.8628222 0.7033546 0.1594676 -0.692721 0.4341447 0.5877535 -0.682689 0.2683162 0.1536088 -0.9510051 0.682689 0.4341447 -0.5877535 0.5168605 2.728895e-17 -0.8560697 0.692721 0.7033546 0.1594676 0.8628222 0.258024 0.434697 0.5877535 0.682689 0.4341447 0.8560697 0.5168605 2.274079e-17 0.692721 -0.7033546 0.1594676 0.8628222 -0.258024 0.434697 0.5877535 -0.682689 0.4341447 0.8560697 -0.5168605 1.819263e-17 0.258024 -0.434697 0.8628222 0.7033546 -0.1594676 0.692721 0.4341447 -0.5877535 0.682689 0.2683162 -0.1536088 0.9510051 0.682689 -0.4341447 0.5877535 0.258024 0.434697 0.8628222 0.7033546 0.1594676 0.692721 0.4341447 0.5877535 0.682689 0.2683162 0.1536088 0.9510051 0.682689 0.4341447 0.5877535 0.5168605 4.548159e-18 0.8560697 0.9613786 1.360963e-17 -0.2752294 0.9613786 0 0.2752294 0.9510051 0.2683162 -0.1536088 0.9510051 -0.2683162 -0.1536088 0.9510051 0.2683162 0.1536088 0.9510051 -0.2683162 0.1536088 -0.692721 0.7033546 -0.1594676 -0.8628222 0.258024 -0.434697 -0.5877535 0.682689 -0.4341447 -0.692721 -0.7033546 -0.1594676 -0.8628222 -0.258024 -0.434697 -0.5877535 -0.682689 -0.4341447 -0.258024 -0.434697 -0.8628222 -0.7033546 -0.1594676 -0.692721 -0.4341447 -0.5877535 -0.682689 -0.2683162 -0.1536088 -0.9510051 -0.682689 -0.4341447 -0.5877535 -0.258024 0.434697 -0.8628222 -0.7033546 0.1594676 -0.692721 -0.4341447 0.5877535 -0.682689 -0.2683162 0.1536088 -0.9510051 -0.682689 0.4341447 -0.5877535 -0.5168605 -2.728895e-17 -0.8560697 -0.692721 0.7033546 0.1594676 -0.8628222 0.258024 0.434697 -0.5877535 0.682689 0.4341447 -0.8560697 0.5168605 1.819263e-17 -0.692721 -0.7033546 0.1594676 -0.8628222 -0.258024 0.434697 -0.5877535 -0.682689 0.4341447 -0.8560697 -0.5168605 2.274079e-17 -0.258024 -0.434697 0.8628222 -0.7033546 -0.1594676 0.692721 -0.4341447 -0.5877535 0.682689 -0.2683162 -0.1536088 0.9510051 -0.682689 -0.4341447 0.5877535 -0.258024 0.434697 0.8628222 -0.7033546 0.1594676 0.692721 -0.4341447 0.5877535 0.682689 -0.2683162 0.1536088 0.9510051 -0.682689 0.4341447 0.5877535 -0.5168605 -4.548159e-18 0.8560697 -0.9613786 -1.360963e-17 -0.2752294 -0.9613786 0 0.2752294 -0.9510051 0.2683162 -0.1536088 -0.9510051 -0.2683162 -0.1536088 -0.9510051 0.2683162 0.1536088 -0.9510051 -0.2683162 0.1536088 -0.5257311 0.8506508 1.812964e-17 0.5257311 0.8506508 0 -0.5257311 -0.8506508 0 0.5257311 -0.8506508 -1.812964e-17 -4.532411e-18 -0.5257311 0.8506508 -4.532411e-18 0.5257311 0.8506508 2.266205e-18 -0.5257311 -0.8506508 4.532411e-18 0.5257311 -0.8506508 0.8506508 1.359723e-17 -0.5257311 0.8506508 -1.359723e-17 0.5257311 -0.8506508 -4.532411e-18 -0.5257311 -0.8506508 2.266205e-17 0.5257311 -1.408182e-16 1 9.085045e-18 -1.362757e-16 -1 -4.542523e-18 -0.309017 -0.809017 0.5 0.309017 -0.809017 0.5 -0.309017 0.809017 0.5 0.309017 0.809017 0.5 9.085045e-18 0 1 -0.309017 -0.809017 -0.5 0.309017 -0.809017 -0.5 -0.309017 0.809017 -0.5 0.309017 0.809017 -0.5 -4.542523e-18 0 -1 0.809017 0.5 -0.309017 0.809017 -0.5 -0.309017 0.5 -0.309017 -0.809017 0.5 0.309017 -0.809017 0.809017 0.5 0.309017 0.809017 -0.5 0.309017 0.5 -0.309017 0.809017 0.5 0.309017 0.809017 1 0 4.542523e-18 -0.809017 0.5 -0.309017 -0.809017 -0.5 -0.309017 -0.5 -0.309017 -0.809017 -0.5 0.309017 -0.809017 -0.809017 0.5 0.309017 -0.809017 -0.5 0.309017 -0.5 -0.309017 0.809017 -0.5 0.309017 0.809017 -1 -4.542523e-18 9.085045e-18 -0.2752294 0.9613786 -9.073087e-18 0.2752294 0.9613786 -4.536544e-18 -0.2752294 -0.9613786 -1.360963e-17 0.2752294 -0.9613786 -1.814617e-17 -0.434697 -0.8628222 0.258024 -0.1594676 -0.692721 0.7033546 -0.1536088 -0.9510051 0.2683162 0.434697 -0.8628222 0.258024 0.1594676 -0.692721 0.7033546 0.1536088 -0.9510051 0.2683162 -1.364448e-17 -0.8560697 0.5168605 -0.434697 0.8628222 0.258024 -0.1594676 0.692721 0.7033546 -0.1536088 0.9510051 0.2683162 0.434697 0.8628222 0.258024 0.1594676 0.692721 0.7033546 0.1536088 0.9510051 0.2683162 1.364448e-17 0.8560697 0.5168605 1.360963e-17 -0.2752294 0.9613786 -1.814617e-17 0.2752294 0.9613786 -0.434697 -0.8628222 -0.258024 -0.1594676 -0.692721 -0.7033546 -0.1536088 -0.9510051 -0.2683162 0.434697 -0.8628222 -0.258024 0.1594676 -0.692721 -0.7033546 0.1536088 -0.9510051 -0.2683162 9.096317e-18 -0.8560697 -0.5168605 -0.434697 0.8628222 -0.258024 -0.1594676 0.692721 -0.7033546 -0.1536088 0.9510051 -0.2683162 0.434697 0.8628222 -0.258024 0.1594676 0.692721 -0.7033546 0.1536088 0.9510051 -0.2683162 -1.364448e-17 0.8560697 -0.5168605 -1.360963e-17 -0.2752294 -0.9613786 9.073087e-18 0.2752294 -0.9613786 0.692721 0.7033546 -0.1594676 0.8628222 0.258024 -0.434697 0.5877535 0.682689 -0.4341447 0.692721 -0.7033546 -0.1594676 0.8628222 -0.258024 -0.434697 0.5877535 -0.682689 -0.4341447 0.258024 -0.434697 -0.8628222 0.7033546 -0.1594676 -0.692721 0.4341447 -0.5877535 -0.682689 0.2683162 -0.1536088 -0.9510051 0.682689 -0.4341447 -0.5877535 0.258024 0.434697 -0.8628222 0.7033546 0.1594676 -0.692721 0.4341447 0.5877535 -0.682689 0.2683162 0.1536088 -0.9510051 0.682689 0.4341447 -0.5877535 0.5168605 0 -0.8560697 0.692721 0.7033546 0.1594676 0.8628222 0.258024 0.434697 0.5877535 0.682689 0.4341447 0.8560697 0.5168605 0 0.692721 -0.7033546 0.1594676 0.8628222 -0.258024 0.434697 0.5877535 -0.682689 0.4341447 0.8560697 -0.5168605 1.364448e-17 0.258024 -0.434697 0.8628222 0.7033546 -0.1594676 0.692721 0.4341447 -0.5877535 0.682689 0.2683162 -0.1536088 0.9510051 0.682689 -0.4341447 0.5877535 0.258024 0.434697 0.8628222 0.7033546 0.1594676 0.692721 0.4341447 0.5877535 0.682689 0.2683162 0.1536088 0.9510051 0.682689 0.4341447 0.5877535 0.5168605 -4.548159e-18 0.8560697 0.9613786 -4.536544e-18 -0.2752294 0.9613786 4.536544e-18 0.2752294 0.9510051 0.2683162 -0.1536088 0.9510051 -0.2683162 -0.1536088 0.9510051 0.2683162 0.1536088 0.9510051 -0.2683162 0.1536088 -0.692721 0.7033546 -0.1594676 -0.8628222 0.258024 -0.434697 -0.5877535 0.682689 -0.4341447 -0.692721 -0.7033546 -0.1594676 -0.8628222 -0.258024 -0.434697 -0.5877535 -0.682689 -0.4341447 -0.258024 -0.434697 -0.8628222 -0.7033546 -0.1594676 -0.692721 -0.4341447 -0.5877535 -0.682689 -0.2683162 -0.1536088 -0.9510051 -0.682689 -0.4341447 -0.5877535 -0.258024 0.434697 -0.8628222 -0.7033546 0.1594676 -0.692721 -0.4341447 0.5877535 -0.682689 -0.2683162 0.1536088 -0.9510051 -0.682689 0.4341447 -0.5877535 -0.5168605 -2.274079e-17 -0.8560697 -0.692721 0.7033546 0.1594676 -0.8628222 0.258024 0.434697 -0.5877535 0.682689 0.4341447 -0.8560697 0.5168605 2.728895e-17 -0.692721 -0.7033546 0.1594676 -0.8628222 -0.258024 0.434697 -0.5877535 -0.682689 0.4341447 -0.8560697 -0.5168605 9.096317e-18 -0.258024 -0.434697 0.8628222 -0.7033546 -0.1594676 0.692721 -0.4341447 -0.5877535 0.682689 -0.2683162 -0.1536088 0.9510051 -0.682689 -0.4341447 0.5877535 -0.258024 0.434697 0.8628222 -0.7033546 0.1594676 0.692721 -0.4341447 0.5877535 0.682689 -0.2683162 0.1536088 0.9510051 -0.682689 0.4341447 0.5877535 -0.5168605 -9.096317e-18 0.8560697 -0.9613786 1.814617e-17 -0.2752294 -0.9613786 4.536544e-18 0.2752294 -0.9510051 0.2683162 -0.1536088 -0.9510051 -0.2683162 -0.1536088 -0.9510051 0.2683162 0.1536088 -0.9510051 -0.2683162 0.1536088 -0.5257311 0.8506508 1.359723e-17 0.5257311 0.8506508 -9.064821e-18 -0.5257311 -0.8506508 0 0.5257311 -0.8506508 -4.532411e-18 4.532411e-18 -0.5257311 0.8506508 -2.266205e-18 0.5257311 0.8506508 4.532411e-18 -0.5257311 -0.8506508 -6.798616e-18 0.5257311 -0.8506508 0.8506508 -9.064821e-18 -0.5257311 0.8506508 -4.532411e-18 0.5257311 -0.8506508 9.064821e-18 -0.5257311 -0.8506508 0 0.5257311 -9.085045e-18 1 -1.817009e-17 9.085045e-18 -1 -1.817009e-17 -0.309017 -0.809017 0.5 0.309017 -0.809017 0.5 -0.309017 0.809017 0.5 0.309017 0.809017 0.5 -9.085045e-18 0 1 -0.309017 -0.809017 -0.5 0.309017 -0.809017 -0.5 -0.309017 0.809017 -0.5 0.309017 0.809017 -0.5 -4.542523e-18 0 -1 0.809017 0.5 -0.309017 0.809017 -0.5 -0.309017 0.5 -0.309017 -0.809017 0.5 0.309017 -0.809017 0.809017 0.5 0.309017 0.809017 -0.5 0.309017 0.5 -0.309017 0.809017 0.5 0.309017 0.809017 1 4.542523e-18 -1.817009e-17 -0.809017 0.5 -0.309017 -0.809017 -0.5 -0.309017 -0.5 -0.309017 -0.809017 -0.5 0.309017 -0.809017 -0.809017 0.5 0.309017 -0.809017 -0.5 0.309017 -0.5 -0.309017 0.809017 -0.5 0.309017 0.809017 -1 -4.542523e-18 -1.817009e-17 -0.2752294 0.9613786 -1.814617e-17 0.2752294 0.9613786 -1.814617e-17 -0.2752294 -0.9613786 -1.814617e-17 0.2752294 -0.9613786 -1.814617e-17 -0.434697 -0.8628222 0.258024 -0.1594676 -0.692721 0.7033546 -0.1536088 -0.9510051 0.2683162 0.434697 -0.8628222 0.258024 0.1594676 -0.692721 0.7033546 0.1536088 -0.9510051 0.2683162 -1.364448e-17 -0.8560697 0.5168605 -0.434697 0.8628222 0.258024 -0.1594676 0.692721 0.7033546 -0.1536088 0.9510051 0.2683162 0.434697 0.8628222 0.258024 0.1594676 0.692721 0.7033546 0.1536088 0.9510051 0.2683162 0 0.8560697 0.5168605 0 -0.2752294 0.9613786 -4.536544e-18 0.2752294 0.9613786 -0.434697 -0.8628222 -0.258024 -0.1594676 -0.692721 -0.7033546 -0.1536088 -0.9510051 -0.2683162 0.434697 -0.8628222 -0.258024 0.1594676 -0.692721 -0.7033546 0.1536088 -0.9510051 -0.2683162 0 -0.8560697 -0.5168605 -0.434697 0.8628222 -0.258024 -0.1594676 0.692721 -0.7033546 -0.1536088 0.9510051 -0.2683162 0.434697 0.8628222 -0.258024 0.1594676 0.692721 -0.7033546 0.1536088 0.9510051 -0.2683162 -4.548159e-18 0.8560697 -0.5168605 9.073087e-18 -0.2752294 -0.9613786 -4.536544e-18 0.2752294 -0.9613786 0.692721 0.7033546 -0.1594676 0.8628222 0.258024 -0.434697 0.5877535 0.682689 -0.4341447 0.692721 -0.7033546 -0.1594676 0.8628222 -0.258024 -0.434697 0.5877535 -0.682689 -0.4341447 0.258024 -0.434697 -0.8628222 0.7033546 -0.1594676 -0.692721 0.4341447 -0.5877535 -0.682689 0.2683162 -0.1536088 -0.9510051 0.682689 -0.4341447 -0.5877535 0.258024 0.434697 -0.8628222 0.7033546 0.1594676 -0.692721 0.4341447 0.5877535 -0.682689 0.2683162 0.1536088 -0.9510051 0.682689 0.4341447 -0.5877535 0.5168605 -1.318966e-16 -0.8560697 0.692721 0.7033546 0.1594676 0.8628222 0.258024 0.434697 0.5877535 0.682689 0.4341447 0.8560697 0.5168605 9.096317e-18 0.692721 -0.7033546 0.1594676 0.8628222 -0.258024 0.434697 0.5877535 -0.682689 0.4341447 0.8560697 -0.5168605 1.819263e-17 0.258024 -0.434697 0.8628222 0.7033546 -0.1594676 0.692721 0.4341447 -0.5877535 0.682689 0.2683162 -0.1536088 0.9510051 0.682689 -0.4341447 0.5877535 0.258024 0.434697 0.8628222 0.7033546 0.1594676 0.692721 0.4341447 0.5877535 0.682689 0.2683162 0.1536088 0.9510051 0.682689 0.4341447 0.5877535 0.5168605 -1.455411e-16 0.8560697 0.9613786 4.536544e-18 -0.2752294 0.9613786 0 0.2752294 0.9510051 0.2683162 -0.1536088 0.9510051 -0.2683162 -0.1536088 0.9510051 0.2683162 0.1536088 0.9510051 -0.2683162 0.1536088 -0.692721 0.7033546 -0.1594676 -0.8628222 0.258024 -0.434697 -0.5877535 0.682689 -0.4341447 -0.692721 -0.7033546 -0.1594676 -0.8628222 -0.258024 -0.434697 -0.5877535 -0.682689 -0.4341447 -0.258024 -0.434697 -0.8628222 -0.7033546 -0.1594676 -0.692721 -0.4341447 -0.5877535 -0.682689 -0.2683162 -0.1536088 -0.9510051 -0.682689 -0.4341447 -0.5877535 -0.258024 0.434697 -0.8628222 -0.7033546 0.1594676 -0.692721 -0.4341447 0.5877535 -0.682689 -0.2683162 0.1536088 -0.9510051 -0.682689 0.4341447 -0.5877535 -0.5168605 -1.409929e-16 -0.8560697 -0.692721 0.7033546 0.1594676 -0.8628222 0.258024 0.434697 -0.5877535 0.682689 0.4341447 -0.8560697 0.5168605 1.364448e-17 -0.692721 -0.7033546 0.1594676 -0.8628222 -0.258024 0.434697 -0.5877535 -0.682689 0.4341447 -0.8560697 -0.5168605 9.096317e-18 -0.258024 -0.434697 0.8628222 -0.7033546 -0.1594676 0.692721 -0.4341447 -0.5877535 0.682689 -0.2683162 -0.1536088 0.9510051 -0.682689 -0.4341447 0.5877535 -0.258024 0.434697 0.8628222 -0.7033546 0.1594676 0.692721 -0.4341447 0.5877535 0.682689 -0.2683162 0.1536088 0.9510051 -0.682689 0.4341447 0.5877535 -0.5168605 -1.364448e-16 0.8560697 -0.9613786 -4.536544e-18 -0.2752294 -0.9613786 0 0.2752294 -0.9510051 0.2683162 -0.1536088 -0.9510051 -0.2683162 -0.1536088 -0.9510051 0.2683162 0.1536088 -0.9510051 -0.2683162 0.1536088 -0.5257311 0.8506508 -4.532411e-18 0.5257311 0.8506508 -9.064821e-18 -0.5257311 -0.8506508 -9.064821e-18 0.5257311 -0.8506508 -4.532411e-18 -9.064821e-18 -0.5257311 0.8506508 9.064821e-18 0.5257311 0.8506508 6.798616e-18 -0.5257311 -0.8506508 -6.798616e-18 0.5257311 -0.8506508 0.8506508 1.812964e-17 -0.5257311 0.8506508 -1.586344e-17 0.5257311 -0.8506508 -2.266205e-17 -0.5257311 -0.8506508 2.266205e-17 0.5257311 0 1 -9.085045e-18 0 -1 -9.085045e-18 -0.309017 -0.809017 0.5 0.309017 -0.809017 0.5 -0.309017 0.809017 0.5 0.309017 0.809017 0.5 0 0 1 -0.309017 -0.809017 -0.5 0.309017 -0.809017 -0.5 -0.309017 0.809017 -0.5 0.309017 0.809017 -0.5 -4.542523e-18 0 -1 0.809017 0.5 -0.309017 0.809017 -0.5 -0.309017 0.5 -0.309017 -0.809017 0.5 0.309017 -0.809017 0.809017 0.5 0.309017 0.809017 -0.5 0.309017 0.5 -0.309017 0.809017 0.5 0.309017 0.809017 1 -1.362757e-17 -4.542523e-18 -0.809017 0.5 -0.309017 -0.809017 -0.5 -0.309017 -0.5 -0.309017 -0.809017 -0.5 0.309017 -0.809017 -0.809017 0.5 0.309017 -0.809017 -0.5 0.309017 -0.5 -0.309017 0.809017 -0.5 0.309017 0.809017 -1 1.362757e-17 -4.542523e-18 -0.2752294 0.9613786 -4.536544e-18 0.2752294 0.9613786 -9.073087e-18 -0.2752294 -0.9613786 -9.073087e-18 0.2752294 -0.9613786 -4.536544e-18 -0.434697 -0.8628222 0.258024 -0.1594676 -0.692721 0.7033546 -0.1536088 -0.9510051 0.2683162 0.434697 -0.8628222 0.258024 0.1594676 -0.692721 0.7033546 0.1536088 -0.9510051 0.2683162 0 -0.8560697 0.5168605 -0.434697 0.8628222 0.258024 -0.1594676 0.692721 0.7033546 -0.1536088 0.9510051 0.2683162 0.434697 0.8628222 0.258024 0.1594676 0.692721 0.7033546 0.1536088 0.9510051 0.2683162 0 0.8560697 0.5168605 9.073087e-18 -0.2752294 0.9613786 0 0.2752294 0.9613786 -0.434697 -0.8628222 -0.258024 -0.1594676 -0.692721 -0.7033546 -0.1536088 -0.9510051 -0.2683162 0.434697 -0.8628222 -0.258024 0.1594676 -0.692721 -0.7033546 0.1536088 -0.9510051 -0.2683162 0 -0.8560697 -0.5168605 -0.434697 0.8628222 -0.258024 -0.1594676 0.692721 -0.7033546 -0.1536088 0.9510051 -0.2683162 0.434697 0.8628222 -0.258024 0.1594676 0.692721 -0.7033546 0.1536088 0.9510051 -0.2683162 0 0.8560697 -0.5168605 1.814617e-17 -0.2752294 -0.9613786 -9.073087e-18 0.2752294 -0.9613786 0.692721 0.7033546 -0.1594676 0.8628222 0.258024 -0.434697 0.5877535 0.682689 -0.4341447 0.692721 -0.7033546 -0.1594676 0.8628222 -0.258024 -0.434697 0.5877535 -0.682689 -0.4341447 0.258024 -0.434697 -0.8628222 0.7033546 -0.1594676 -0.692721 0.4341447 -0.5877535 -0.682689 0.2683162 -0.1536088 -0.9510051 0.682689 -0.4341447 -0.5877535 0.258024 0.434697 -0.8628222 0.7033546 0.1594676 -0.692721 0.4341447 0.5877535 -0.682689 0.2683162 0.1536088 -0.9510051 0.682689 0.4341447 -0.5877535 0.5168605 4.548159e-18 -0.8560697 0.692721 0.7033546 0.1594676 0.8628222 0.258024 0.434697 0.5877535 0.682689 0.4341447 0.8560697 0.5168605 1.364448e-17 0.692721 -0.7033546 0.1594676 0.8628222 -0.258024 0.434697 0.5877535 -0.682689 0.4341447 0.8560697 -0.5168605 2.728895e-17 0.258024 -0.434697 0.8628222 0.7033546 -0.1594676 0.692721 0.4341447 -0.5877535 0.682689 0.2683162 -0.1536088 0.9510051 0.682689 -0.4341447 0.5877535 0.258024 0.434697 0.8628222 0.7033546 0.1594676 0.692721 0.4341447 0.5877535 0.682689 0.2683162 0.1536088 0.9510051 0.682689 0.4341447 0.5877535 0.5168605 0 0.8560697 0.9613786 0 -0.2752294 0.9613786 -9.073087e-18 0.2752294 0.9510051 0.2683162 -0.1536088 0.9510051 -0.2683162 -0.1536088 0.9510051 0.2683162 0.1536088 0.9510051 -0.2683162 0.1536088 -0.692721 0.7033546 -0.1594676 -0.8628222 0.258024 -0.434697 -0.5877535 0.682689 -0.4341447 -0.692721 -0.7033546 -0.1594676 -0.8628222 -0.258024 -0.434697 -0.5877535 -0.682689 -0.4341447 -0.258024 -0.434697 -0.8628222 -0.7033546 -0.1594676 -0.692721 -0.4341447 -0.5877535 -0.682689 -0.2683162 -0.1536088 -0.9510051 -0.682689 -0.4341447 -0.5877535 -0.258024 0.434697 -0.8628222 -0.7033546 0.1594676 -0.692721 -0.4341447 0.5877535 -0.682689 -0.2683162 0.1536088 -0.9510051 -0.682689 0.4341447 -0.5877535 -0.5168605 -4.548159e-18 -0.8560697 -0.692721 0.7033546 0.1594676 -0.8628222 0.258024 0.434697 -0.5877535 0.682689 0.4341447 -0.8560697 0.5168605 2.728895e-17 -0.692721 -0.7033546 0.1594676 -0.8628222 -0.258024 0.434697 -0.5877535 -0.682689 0.4341447 -0.8560697 -0.5168605 1.364448e-17 -0.258024 -0.434697 0.8628222 -0.7033546 -0.1594676 0.692721 -0.4341447 -0.5877535 0.682689 -0.2683162 -0.1536088 0.9510051 -0.682689 -0.4341447 0.5877535 -0.258024 0.434697 0.8628222 -0.7033546 0.1594676 0.692721 -0.4341447 0.5877535 0.682689 -0.2683162 0.1536088 0.9510051 -0.682689 0.4341447 0.5877535 -0.5168605 0 0.8560697 -0.9613786 0 -0.2752294 -0.9613786 9.073087e-18 0.2752294 -0.9510051 0.2683162 -0.1536088 -0.9510051 -0.2683162 -0.1536088 -0.9510051 0.2683162 0.1536088 -0.9510051 -0.2683162 0.1536088 -0.5257311 0.8506508 0 0.5257311 0.8506508 -1.359723e-17 -0.5257311 -0.8506508 -1.359723e-17 0.5257311 -0.8506508 0 0 -0.5257311 0.8506508 0 0.5257311 0.8506508 -2.266205e-18 -0.5257311 -0.8506508 -2.266205e-18 0.5257311 -0.8506508 0.8506508 -4.532411e-18 -0.5257311 0.8506508 -4.532411e-18 0.5257311 -0.8506508 9.064821e-18 -0.5257311 -0.8506508 4.532411e-18 0.5257311 4.542523e-18 1 4.542523e-18 -4.542523e-18 -1 4.542523e-18 -0.309017 -0.809017 0.5 0.309017 -0.809017 0.5 -0.309017 0.809017 0.5 0.309017 0.809017 0.5 0 0 1 -0.309017 -0.809017 -0.5 0.309017 -0.809017 -0.5 -0.309017 0.809017 -0.5 0.309017 0.809017 -0.5 -4.542523e-18 0 -1 0.809017 0.5 -0.309017 0.809017 -0.5 -0.309017 0.5 -0.309017 -0.809017 0.5 0.309017 -0.809017 0.809017 0.5 0.309017 0.809017 -0.5 0.309017 0.5 -0.309017 0.809017 0.5 0.309017 0.809017 1 -1.362757e-17 -4.542523e-18 -0.809017 0.5 -0.309017 -0.809017 -0.5 -0.309017 -0.5 -0.309017 -0.809017 -0.5 0.309017 -0.809017 -0.809017 0.5 0.309017 -0.809017 -0.5 0.309017 -0.5 -0.309017 0.809017 -0.5 0.309017 0.809017 -1 1.362757e-17 -4.542523e-18 -0.2752294 0.9613786 -9.073087e-18 0.2752294 0.9613786 -9.073087e-18 -0.2752294 -0.9613786 -9.073087e-18 0.2752294 -0.9613786 -9.073087e-18 -0.434697 -0.8628222 0.258024 -0.1594676 -0.692721 0.7033546 -0.1536088 -0.9510051 0.2683162 0.434697 -0.8628222 0.258024 0.1594676 -0.692721 0.7033546 0.1536088 -0.9510051 0.2683162 -9.096317e-18 -0.8560697 0.5168605 -0.434697 0.8628222 0.258024 -0.1594676 0.692721 0.7033546 -0.1536088 0.9510051 0.2683162 0.434697 0.8628222 0.258024 0.1594676 0.692721 0.7033546 0.1536088 0.9510051 0.2683162 9.096317e-18 0.8560697 0.5168605 0 -0.2752294 0.9613786 -4.536544e-18 0.2752294 0.9613786 -0.434697 -0.8628222 -0.258024 -0.1594676 -0.692721 -0.7033546 -0.1536088 -0.9510051 -0.2683162 0.434697 -0.8628222 -0.258024 0.1594676 -0.692721 -0.7033546 0.1536088 -0.9510051 -0.2683162 2.274079e-17 -0.8560697 -0.5168605 -0.434697 0.8628222 -0.258024 -0.1594676 0.692721 -0.7033546 -0.1536088 0.9510051 -0.2683162 0.434697 0.8628222 -0.258024 0.1594676 0.692721 -0.7033546 0.1536088 0.9510051 -0.2683162 -2.274079e-17 0.8560697 -0.5168605 9.073087e-18 -0.2752294 -0.9613786 0 0.2752294 -0.9613786 0.692721 0.7033546 -0.1594676 0.8628222 0.258024 -0.434697 0.5877535 0.682689 -0.4341447 0.692721 -0.7033546 -0.1594676 0.8628222 -0.258024 -0.434697 0.5877535 -0.682689 -0.4341447 0.258024 -0.434697 -0.8628222 0.7033546 -0.1594676 -0.692721 0.4341447 -0.5877535 -0.682689 0.2683162 -0.1536088 -0.9510051 0.682689 -0.4341447 -0.5877535 0.258024 0.434697 -0.8628222 0.7033546 0.1594676 -0.692721 0.4341447 0.5877535 -0.682689 0.2683162 0.1536088 -0.9510051 0.682689 0.4341447 -0.5877535 0.5168605 2.728895e-17 -0.8560697 0.692721 0.7033546 0.1594676 0.8628222 0.258024 0.434697 0.5877535 0.682689 0.4341447 0.8560697 0.5168605 4.548159e-18 0.692721 -0.7033546 0.1594676 0.8628222 -0.258024 0.434697 0.5877535 -0.682689 0.4341447 0.8560697 -0.5168605 1.364448e-17 0.258024 -0.434697 0.8628222 0.7033546 -0.1594676 0.692721 0.4341447 -0.5877535 0.682689 0.2683162 -0.1536088 0.9510051 0.682689 -0.4341447 0.5877535 0.258024 0.434697 0.8628222 0.7033546 0.1594676 0.692721 0.4341447 0.5877535 0.682689 0.2683162 0.1536088 0.9510051 0.682689 0.4341447 0.5877535 0.5168605 1.364448e-17 0.8560697 0.9613786 1.360963e-17 -0.2752294 0.9613786 0 0.2752294 0.9510051 0.2683162 -0.1536088 0.9510051 -0.2683162 -0.1536088 0.9510051 0.2683162 0.1536088 0.9510051 -0.2683162 0.1536088 -0.692721 0.7033546 -0.1594676 -0.8628222 0.258024 -0.434697 -0.5877535 0.682689 -0.4341447 -0.692721 -0.7033546 -0.1594676 -0.8628222 -0.258024 -0.434697 -0.5877535 -0.682689 -0.4341447 -0.258024 -0.434697 -0.8628222 -0.7033546 -0.1594676 -0.692721 -0.4341447 -0.5877535 -0.682689 -0.2683162 -0.1536088 -0.9510051 -0.682689 -0.4341447 -0.5877535 -0.258024 0.434697 -0.8628222 -0.7033546 0.1594676 -0.692721 -0.4341447 0.5877535 -0.682689 -0.2683162 0.1536088 -0.9510051 -0.682689 0.4341447 -0.5877535 -0.5168605 -2.728895e-17 -0.8560697 -0.692721 0.7033546 0.1594676 -0.8628222 0.258024 0.434697 -0.5877535 0.682689 0.4341447 -0.8560697 0.5168605 1.364448e-17 -0.692721 -0.7033546 0.1594676 -0.8628222 -0.258024 0.434697 -0.5877535 -0.682689 0.4341447 -0.8560697 -0.5168605 4.548159e-18 -0.258024 -0.434697 0.8628222 -0.7033546 -0.1594676 0.692721 -0.4341447 -0.5877535 0.682689 -0.2683162 -0.1536088 0.9510051 -0.682689 -0.4341447 0.5877535 -0.258024 0.434697 0.8628222 -0.7033546 0.1594676 0.692721 -0.4341447 0.5877535 0.682689 -0.2683162 0.1536088 0.9510051 -0.682689 0.4341447 0.5877535 -0.5168605 -1.364448e-17 0.8560697 -0.9613786 -1.360963e-17 -0.2752294 -0.9613786 0 0.2752294 -0.9510051 0.2683162 -0.1536088 -0.9510051 -0.2683162 -0.1536088 -0.9510051 0.2683162 0.1536088 -0.9510051 -0.2683162 0.1536088 -0.5257311 0.8506508 4.532411e-18 0.5257311 0.8506508 -9.064821e-18 -0.5257311 -0.8506508 -4.532411e-18 0.5257311 -0.8506508 -1.812964e-17 4.532411e-18 -0.5257311 0.8506508 6.798616e-18 0.5257311 0.8506508 6.798616e-18 -0.5257311 -0.8506508 -1.133103e-17 0.5257311 -0.8506508 0.8506508 -4.532411e-18 -0.5257311 0.8506508 1.133103e-17 0.5257311 -0.8506508 0 -0.5257311 -0.8506508 -4.532411e-18 0.5257311 -9.085045e-18 1 3.634018e-17 9.085045e-18 -1 3.634018e-17 -0.309017 -0.809017 0.5 0.309017 -0.809017 0.5 -0.309017 0.809017 0.5 0.309017 0.809017 0.5 -9.085045e-18 0 1 -0.309017 -0.809017 -0.5 0.309017 -0.809017 -0.5 -0.309017 0.809017 -0.5 0.309017 0.809017 -0.5 -4.542523e-18 0 -1 0.809017 0.5 -0.309017 0.809017 -0.5 -0.309017 0.5 -0.309017 -0.809017 0.5 0.309017 -0.809017 0.809017 0.5 0.309017 0.809017 -0.5 0.309017 0.5 -0.309017 0.809017 0.5 0.309017 0.809017 1 -4.542523e-18 -4.542523e-18 -0.809017 0.5 -0.309017 -0.809017 -0.5 -0.309017 -0.5 -0.309017 -0.809017 -0.5 0.309017 -0.809017 -0.809017 0.5 0.309017 -0.809017 -0.5 0.309017 -0.5 -0.309017 0.809017 -0.5 0.309017 0.809017 -1 4.542523e-18 -4.542523e-18 -0.2752294 0.9613786 -1.814617e-17 0.2752294 0.9613786 -4.536544e-18 -0.2752294 -0.9613786 -4.536544e-18 0.2752294 -0.9613786 -1.814617e-17 -0.434697 -0.8628222 0.258024 -0.1594676 -0.692721 0.7033546 -0.1536088 -0.9510051 0.2683162 0.434697 -0.8628222 0.258024 0.1594676 -0.692721 0.7033546 0.1536088 -0.9510051 0.2683162 -9.096317e-18 -0.8560697 0.5168605 -0.434697 0.8628222 0.258024 -0.1594676 0.692721 0.7033546 -0.1536088 0.9510051 0.2683162 0.434697 0.8628222 0.258024 0.1594676 0.692721 0.7033546 0.1536088 0.9510051 0.2683162 4.548159e-18 0.8560697 0.5168605 -4.536544e-18 -0.2752294 0.9613786 0 0.2752294 0.9613786 -0.434697 -0.8628222 -0.258024 -0.1594676 -0.692721 -0.7033546 -0.1536088 -0.9510051 -0.2683162 0.434697 -0.8628222 -0.258024 0.1594676 -0.692721 -0.7033546 0.1536088 -0.9510051 -0.2683162 -4.548159e-18 -0.8560697 -0.5168605 -0.434697 0.8628222 -0.258024 -0.1594676 0.692721 -0.7033546 -0.1536088 0.9510051 -0.2683162 0.434697 0.8628222 -0.258024 0.1594676 0.692721 -0.7033546 0.1536088 0.9510051 -0.2683162 -1.819263e-17 0.8560697 -0.5168605 1.814617e-17 -0.2752294 -0.9613786 -1.814617e-17 0.2752294 -0.9613786 0.692721 0.7033546 -0.1594676 0.8628222 0.258024 -0.434697 0.5877535 0.682689 -0.4341447 0.692721 -0.7033546 -0.1594676 0.8628222 -0.258024 -0.434697 0.5877535 -0.682689 -0.4341447 0.258024 -0.434697 -0.8628222 0.7033546 -0.1594676 -0.692721 0.4341447 -0.5877535 -0.682689 0.2683162 -0.1536088 -0.9510051 0.682689 -0.4341447 -0.5877535 0.258024 0.434697 -0.8628222 0.7033546 0.1594676 -0.692721 0.4341447 0.5877535 -0.682689 0.2683162 0.1536088 -0.9510051 0.682689 0.4341447 -0.5877535 0.5168605 9.096317e-18 -0.8560697 0.692721 0.7033546 0.1594676 0.8628222 0.258024 0.434697 0.5877535 0.682689 0.4341447 0.8560697 0.5168605 1.364448e-17 0.692721 -0.7033546 0.1594676 0.8628222 -0.258024 0.434697 0.5877535 -0.682689 0.4341447 0.8560697 -0.5168605 2.274079e-17 0.258024 -0.434697 0.8628222 0.7033546 -0.1594676 0.692721 0.4341447 -0.5877535 0.682689 0.2683162 -0.1536088 0.9510051 0.682689 -0.4341447 0.5877535 0.258024 0.434697 0.8628222 0.7033546 0.1594676 0.692721 0.4341447 0.5877535 0.682689 0.2683162 0.1536088 0.9510051 0.682689 0.4341447 0.5877535 0.5168605 0 0.8560697 0.9613786 -4.536544e-18 -0.2752294 0.9613786 -4.536544e-18 0.2752294 0.9510051 0.2683162 -0.1536088 0.9510051 -0.2683162 -0.1536088 0.9510051 0.2683162 0.1536088 0.9510051 -0.2683162 0.1536088 -0.692721 0.7033546 -0.1594676 -0.8628222 0.258024 -0.434697 -0.5877535 0.682689 -0.4341447 -0.692721 -0.7033546 -0.1594676 -0.8628222 -0.258024 -0.434697 -0.5877535 -0.682689 -0.4341447 -0.258024 -0.434697 -0.8628222 -0.7033546 -0.1594676 -0.692721 -0.4341447 -0.5877535 -0.682689 -0.2683162 -0.1536088 -0.9510051 -0.682689 -0.4341447 -0.5877535 -0.258024 0.434697 -0.8628222 -0.7033546 0.1594676 -0.692721 -0.4341447 0.5877535 -0.682689 -0.2683162 0.1536088 -0.9510051 -0.682689 0.4341447 -0.5877535 -0.5168605 -9.096317e-18 -0.8560697 -0.692721 0.7033546 0.1594676 -0.8628222 0.258024 0.434697 -0.5877535 0.682689 0.4341447 -0.8560697 0.5168605 2.274079e-17 -0.692721 -0.7033546 0.1594676 -0.8628222 -0.258024 0.434697 -0.5877535 -0.682689 0.4341447 -0.8560697 -0.5168605 9.096317e-18 -0.258024 -0.434697 0.8628222 -0.7033546 -0.1594676 0.692721 -0.4341447 -0.5877535 0.682689 -0.2683162 -0.1536088 0.9510051 -0.682689 -0.4341447 0.5877535 -0.258024 0.434697 0.8628222 -0.7033546 0.1594676 0.692721 -0.4341447 0.5877535 0.682689 -0.2683162 0.1536088 0.9510051 -0.682689 0.4341447 0.5877535 -0.5168605 0 0.8560697 -0.9613786 4.536544e-18 -0.2752294 -0.9613786 4.536544e-18 0.2752294 -0.9510051 0.2683162 -0.1536088 -0.9510051 -0.2683162 -0.1536088 -0.9510051 0.2683162 0.1536088 -0.9510051 -0.2683162 0.1536088 -0.5257311 0.8506508 -9.064821e-18 0.5257311 0.8506508 -4.532411e-18 -0.5257311 -0.8506508 -1.359723e-17 0.5257311 -0.8506508 1.359723e-17 0 -0.5257311 0.8506508 2.266205e-18 0.5257311 0.8506508 1.359723e-17 -0.5257311 -0.8506508 -1.133103e-17 0.5257311 -0.8506508 0.8506508 9.064821e-18 -0.5257311 0.8506508 -9.064821e-18 0.5257311 -0.8506508 -4.532411e-18 -0.5257311 -0.8506508 1.359723e-17 0.5257311 0 1 4.542523e-18 -4.542523e-18 -1 1.362757e-17 -0.309017 -0.809017 0.5 0.309017 -0.809017 0.5 -0.309017 0.809017 0.5 0.309017 0.809017 0.5 0 0 1 -0.309017 -0.809017 -0.5 0.309017 -0.809017 -0.5 -0.309017 0.809017 -0.5 0.309017 0.809017 -0.5 4.542523e-18 0 -1 0.809017 0.5 -0.309017 0.809017 -0.5 -0.309017 0.5 -0.309017 -0.809017 0.5 0.309017 -0.809017 0.809017 0.5 0.309017 0.809017 -0.5 0.309017 0.5 -0.309017 0.809017 0.5 0.309017 0.809017 1 -1.362757e-17 -4.542523e-18 -0.809017 0.5 -0.309017 -0.809017 -0.5 -0.309017 -0.5 -0.309017 -0.809017 -0.5 0.309017 -0.809017 -0.809017 0.5 0.309017 -0.809017 -0.5 0.309017 -0.5 -0.309017 0.809017 -0.5 0.309017 0.809017 -1 1.362757e-17 -4.542523e-18 -0.2752294 0.9613786 4.536544e-18 0.2752294 0.9613786 4.536544e-18 -0.2752294 -0.9613786 -4.536544e-18 0.2752294 -0.9613786 4.536544e-18 -0.434697 -0.8628222 0.258024 -0.1594676 -0.692721 0.7033546 -0.1536088 -0.9510051 0.2683162 0.434697 -0.8628222 0.258024 0.1594676 -0.692721 0.7033546 0.1536088 -0.9510051 0.2683162 -9.096317e-18 -0.8560697 0.5168605 -0.434697 0.8628222 0.258024 -0.1594676 0.692721 0.7033546 -0.1536088 0.9510051 0.2683162 0.434697 0.8628222 0.258024 0.1594676 0.692721 0.7033546 0.1536088 0.9510051 0.2683162 9.096317e-18 0.8560697 0.5168605 4.536544e-18 -0.2752294 0.9613786 -4.536544e-18 0.2752294 0.9613786 -0.434697 -0.8628222 -0.258024 -0.1594676 -0.692721 -0.7033546 -0.1536088 -0.9510051 -0.2683162 0.434697 -0.8628222 -0.258024 0.1594676 -0.692721 -0.7033546 0.1536088 -0.9510051 -0.2683162 -4.548159e-18 -0.8560697 -0.5168605 -0.434697 0.8628222 -0.258024 -0.1594676 0.692721 -0.7033546 -0.1536088 0.9510051 -0.2683162 0.434697 0.8628222 -0.258024 0.1594676 0.692721 -0.7033546 0.1536088 0.9510051 -0.2683162 -1.819263e-17 0.8560697 -0.5168605 9.073087e-18 -0.2752294 -0.9613786 -9.073087e-18 0.2752294 -0.9613786 0.692721 0.7033546 -0.1594676 0.8628222 0.258024 -0.434697 0.5877535 0.682689 -0.4341447 0.692721 -0.7033546 -0.1594676 0.8628222 -0.258024 -0.434697 0.5877535 -0.682689 -0.4341447 0.258024 -0.434697 -0.8628222 0.7033546 -0.1594676 -0.692721 0.4341447 -0.5877535 -0.682689 0.2683162 -0.1536088 -0.9510051 0.682689 -0.4341447 -0.5877535 0.258024 0.434697 -0.8628222 0.7033546 0.1594676 -0.692721 0.4341447 0.5877535 -0.682689 0.2683162 0.1536088 -0.9510051 0.682689 0.4341447 -0.5877535 0.5168605 4.548159e-18 -0.8560697 0.692721 0.7033546 0.1594676 0.8628222 0.258024 0.434697 0.5877535 0.682689 0.4341447 0.8560697 0.5168605 9.096317e-18 0.692721 -0.7033546 0.1594676 0.8628222 -0.258024 0.434697 0.5877535 -0.682689 0.4341447 0.8560697 -0.5168605 2.274079e-17 0.258024 -0.434697 0.8628222 0.7033546 -0.1594676 0.692721 0.4341447 -0.5877535 0.682689 0.2683162 -0.1536088 0.9510051 0.682689 -0.4341447 0.5877535 0.258024 0.434697 0.8628222 0.7033546 0.1594676 0.692721 0.4341447 0.5877535 0.682689 0.2683162 0.1536088 0.9510051 0.682689 0.4341447 0.5877535 0.5168605 4.548159e-18 0.8560697 0.9613786 1.360963e-17 -0.2752294 0.9613786 0 0.2752294 0.9510051 0.2683162 -0.1536088 0.9510051 -0.2683162 -0.1536088 0.9510051 0.2683162 0.1536088 0.9510051 -0.2683162 0.1536088 -0.692721 0.7033546 -0.1594676 -0.8628222 0.258024 -0.434697 -0.5877535 0.682689 -0.4341447 -0.692721 -0.7033546 -0.1594676 -0.8628222 -0.258024 -0.434697 -0.5877535 -0.682689 -0.4341447 -0.258024 -0.434697 -0.8628222 -0.7033546 -0.1594676 -0.692721 -0.4341447 -0.5877535 -0.682689 -0.2683162 -0.1536088 -0.9510051 -0.682689 -0.4341447 -0.5877535 -0.258024 0.434697 -0.8628222 -0.7033546 0.1594676 -0.692721 -0.4341447 0.5877535 -0.682689 -0.2683162 0.1536088 -0.9510051 -0.682689 0.4341447 -0.5877535 -0.5168605 -4.548159e-18 -0.8560697 -0.692721 0.7033546 0.1594676 -0.8628222 0.258024 0.434697 -0.5877535 0.682689 0.4341447 -0.8560697 0.5168605 2.274079e-17 -0.692721 -0.7033546 0.1594676 -0.8628222 -0.258024 0.434697 -0.5877535 -0.682689 0.4341447 -0.8560697 -0.5168605 9.096317e-18 -0.258024 -0.434697 0.8628222 -0.7033546 -0.1594676 0.692721 -0.4341447 -0.5877535 0.682689 -0.2683162 -0.1536088 0.9510051 -0.682689 -0.4341447 0.5877535 -0.258024 0.434697 0.8628222 -0.7033546 0.1594676 0.692721 -0.4341447 0.5877535 0.682689 -0.2683162 0.1536088 0.9510051 -0.682689 0.4341447 0.5877535 -0.5168605 -4.548159e-18 0.8560697 -0.9613786 -1.360963e-17 -0.2752294 -0.9613786 0 0.2752294 -0.9510051 0.2683162 -0.1536088 -0.9510051 -0.2683162 -0.1536088 -0.9510051 0.2683162 0.1536088 -0.9510051 -0.2683162 0.1536088 -0.5257311 0.8506508 0 0.5257311 0.8506508 -9.064821e-18 -0.5257311 -0.8506508 -1.359723e-17 0.5257311 -0.8506508 1.812964e-17 4.532411e-18 -0.5257311 0.8506508 4.532411e-18 0.5257311 0.8506508 2.039585e-17 -0.5257311 -0.8506508 2.266205e-18 0.5257311 -0.8506508 0.8506508 9.064821e-18 -0.5257311 0.8506508 -9.064821e-18 0.5257311 -0.8506508 -9.064821e-18 -0.5257311 -0.8506508 9.064821e-18 0.5257311 -4.542523e-18 1 -9.085045e-18 4.542523e-18 -1 -9.085045e-18 -0.309017 -0.809017 0.5 0.309017 -0.809017 0.5 -0.309017 0.809017 0.5 0.309017 0.809017 0.5 0 0 1 -0.309017 -0.809017 -0.5 0.309017 -0.809017 -0.5 -0.309017 0.809017 -0.5 0.309017 0.809017 -0.5 0 0 -1 0.809017 0.5 -0.309017 0.809017 -0.5 -0.309017 0.5 -0.309017 -0.809017 0.5 0.309017 -0.809017 0.809017 0.5 0.309017 0.809017 -0.5 0.309017 0.5 -0.309017 0.809017 0.5 0.309017 0.809017 1 9.085045e-18 9.085045e-18 -0.809017 0.5 -0.309017 -0.809017 -0.5 -0.309017 -0.5 -0.309017 -0.809017 -0.5 0.309017 -0.809017 -0.809017 0.5 0.309017 -0.809017 -0.5 0.309017 -0.5 -0.309017 0.809017 -0.5 0.309017 0.809017 -1 -9.085045e-18 9.085045e-18 -0.2752294 0.9613786 9.073087e-18 0.2752294 0.9613786 -4.536544e-18 -0.2752294 -0.9613786 4.536544e-18 0.2752294 -0.9613786 0 -0.434697 -0.8628222 0.258024 -0.1594676 -0.692721 0.7033546 -0.1536088 -0.9510051 0.2683162 0.434697 -0.8628222 0.258024 0.1594676 -0.692721 0.7033546 0.1536088 -0.9510051 0.2683162 -4.548159e-18 -0.8560697 0.5168605 -0.434697 0.8628222 0.258024 -0.1594676 0.692721 0.7033546 -0.1536088 0.9510051 0.2683162 0.434697 0.8628222 0.258024 0.1594676 0.692721 0.7033546 0.1536088 0.9510051 0.2683162 4.548159e-18 0.8560697 0.5168605 -4.536544e-18 -0.2752294 0.9613786 0 0.2752294 0.9613786 -0.434697 -0.8628222 -0.258024 -0.1594676 -0.692721 -0.7033546 -0.1536088 -0.9510051 -0.2683162 0.434697 -0.8628222 -0.258024 0.1594676 -0.692721 -0.7033546 0.1536088 -0.9510051 -0.2683162 4.548159e-18 -0.8560697 -0.5168605 -0.434697 0.8628222 -0.258024 -0.1594676 0.692721 -0.7033546 -0.1536088 0.9510051 -0.2683162 0.434697 0.8628222 -0.258024 0.1594676 0.692721 -0.7033546 0.1536088 0.9510051 -0.2683162 1.364448e-17 0.8560697 -0.5168605 -4.536544e-18 -0.2752294 -0.9613786 -9.073087e-18 0.2752294 -0.9613786 0.692721 0.7033546 -0.1594676 0.8628222 0.258024 -0.434697 0.5877535 0.682689 -0.4341447 0.692721 -0.7033546 -0.1594676 0.8628222 -0.258024 -0.434697 0.5877535 -0.682689 -0.4341447 0.258024 -0.434697 -0.8628222 0.7033546 -0.1594676 -0.692721 0.4341447 -0.5877535 -0.682689 0.2683162 -0.1536088 -0.9510051 0.682689 -0.4341447 -0.5877535 0.258024 0.434697 -0.8628222 0.7033546 0.1594676 -0.692721 0.4341447 0.5877535 -0.682689 0.2683162 0.1536088 -0.9510051 0.682689 0.4341447 -0.5877535 0.5168605 2.274079e-17 -0.8560697 0.692721 0.7033546 0.1594676 0.8628222 0.258024 0.434697 0.5877535 0.682689 0.4341447 0.8560697 0.5168605 -9.096317e-18 0.692721 -0.7033546 0.1594676 0.8628222 -0.258024 0.434697 0.5877535 -0.682689 0.4341447 0.8560697 -0.5168605 -1.364448e-17 0.258024 -0.434697 0.8628222 0.7033546 -0.1594676 0.692721 0.4341447 -0.5877535 0.682689 0.2683162 -0.1536088 0.9510051 0.682689 -0.4341447 0.5877535 0.258024 0.434697 0.8628222 0.7033546 0.1594676 0.692721 0.4341447 0.5877535 0.682689 0.2683162 0.1536088 0.9510051 0.682689 0.4341447 0.5877535 0.5168605 1.364448e-17 0.8560697 0.9613786 -9.073087e-18 -0.2752294 0.9613786 4.536544e-18 0.2752294 0.9510051 0.2683162 -0.1536088 0.9510051 -0.2683162 -0.1536088 0.9510051 0.2683162 0.1536088 0.9510051 -0.2683162 0.1536088 -0.692721 0.7033546 -0.1594676 -0.8628222 0.258024 -0.434697 -0.5877535 0.682689 -0.4341447 -0.692721 -0.7033546 -0.1594676 -0.8628222 -0.258024 -0.434697 -0.5877535 -0.682689 -0.4341447 -0.258024 -0.434697 -0.8628222 -0.7033546 -0.1594676 -0.692721 -0.4341447 -0.5877535 -0.682689 -0.2683162 -0.1536088 -0.9510051 -0.682689 -0.4341447 -0.5877535 -0.258024 0.434697 -0.8628222 -0.7033546 0.1594676 -0.692721 -0.4341447 0.5877535 -0.682689 -0.2683162 0.1536088 -0.9510051 -0.682689 0.4341447 -0.5877535 -0.5168605 -2.274079e-17 -0.8560697 -0.692721 0.7033546 0.1594676 -0.8628222 0.258024 0.434697 -0.5877535 0.682689 0.4341447 -0.8560697 0.5168605 -1.364448e-17 -0.692721 -0.7033546 0.1594676 -0.8628222 -0.258024 0.434697 -0.5877535 -0.682689 0.4341447 -0.8560697 -0.5168605 -9.096317e-18 -0.258024 -0.434697 0.8628222 -0.7033546 -0.1594676 0.692721 -0.4341447 -0.5877535 0.682689 -0.2683162 -0.1536088 0.9510051 -0.682689 -0.4341447 0.5877535 -0.258024 0.434697 0.8628222 -0.7033546 0.1594676 0.692721 -0.4341447 0.5877535 0.682689 -0.2683162 0.1536088 0.9510051 -0.682689 0.4341447 0.5877535 -0.5168605 -1.364448e-17 0.8560697 -0.9613786 9.073087e-18 -0.2752294 -0.9613786 -4.536544e-18 0.2752294 -0.9510051 0.2683162 -0.1536088 -0.9510051 -0.2683162 -0.1536088 -0.9510051 0.2683162 0.1536088 -0.9510051 -0.2683162 0.1536088 -0.5257311 0.8506508 -1.359723e-17 0.5257311 0.8506508 0 -0.5257311 -0.8506508 0 0.5257311 -0.8506508 0 -4.532411e-17 -0.5257311 0.8506508 -5.438893e-17 0.5257311 0.8506508 -7.025237e-17 -0.5257311 -0.8506508 -3.172687e-17 0.5257311 -0.8506508 0.8506508 9.064821e-18 -0.5257311 0.8506508 -1.359723e-17 0.5257311 -0.8506508 9.064821e-18 -0.5257311 -0.8506508 -1.812964e-17 0.5257311 1.317332e-16 1 -4.542523e-18 1.181056e-16 -1 -4.542523e-18 -0.309017 -0.809017 0.5 0.309017 -0.809017 0.5 -0.309017 0.809017 0.5 0.309017 0.809017 0.5 0 0 1 -0.309017 -0.809017 -0.5 0.309017 -0.809017 -0.5 -0.309017 0.809017 -0.5 0.309017 0.809017 -0.5 -4.542523e-18 0 -1 0.809017 0.5 -0.309017 0.809017 -0.5 -0.309017 0.5 -0.309017 -0.809017 0.5 0.309017 -0.809017 0.809017 0.5 0.309017 0.809017 -0.5 0.309017 0.5 -0.309017 0.809017 0.5 0.309017 0.809017 1 4.542523e-18 0 -0.809017 0.5 -0.309017 -0.809017 -0.5 -0.309017 -0.5 -0.309017 -0.809017 -0.5 0.309017 -0.809017 -0.809017 0.5 0.309017 -0.809017 -0.5 0.309017 -0.5 -0.309017 0.809017 -0.5 0.309017 0.809017 -1 -4.542523e-18 0 -0.2752294 0.9613786 -1.814617e-17 0.2752294 0.9613786 -4.536544e-18 -0.2752294 -0.9613786 -2.721926e-17 0.2752294 -0.9613786 0 -0.434697 -0.8628222 0.258024 -0.1594676 -0.692721 0.7033546 -0.1536088 -0.9510051 0.2683162 0.434697 -0.8628222 0.258024 0.1594676 -0.692721 0.7033546 0.1536088 -0.9510051 0.2683162 0 -0.8560697 0.5168605 -0.434697 0.8628222 0.258024 -0.1594676 0.692721 0.7033546 -0.1536088 0.9510051 0.2683162 0.434697 0.8628222 0.258024 0.1594676 0.692721 0.7033546 0.1536088 0.9510051 0.2683162 -1.364448e-17 0.8560697 0.5168605 0 -0.2752294 0.9613786 4.536544e-18 0.2752294 0.9613786 -0.434697 -0.8628222 -0.258024 -0.1594676 -0.692721 -0.7033546 -0.1536088 -0.9510051 -0.2683162 0.434697 -0.8628222 -0.258024 0.1594676 -0.692721 -0.7033546 0.1536088 -0.9510051 -0.2683162 0 -0.8560697 -0.5168605 -0.434697 0.8628222 -0.258024 -0.1594676 0.692721 -0.7033546 -0.1536088 0.9510051 -0.2683162 0.434697 0.8628222 -0.258024 0.1594676 0.692721 -0.7033546 0.1536088 0.9510051 -0.2683162 -2.728895e-17 0.8560697 -0.5168605 -9.073087e-18 -0.2752294 -0.9613786 0 0.2752294 -0.9613786 0.692721 0.7033546 -0.1594676 0.8628222 0.258024 -0.434697 0.5877535 0.682689 -0.4341447 0.692721 -0.7033546 -0.1594676 0.8628222 -0.258024 -0.434697 0.5877535 -0.682689 -0.4341447 0.258024 -0.434697 -0.8628222 0.7033546 -0.1594676 -0.692721 0.4341447 -0.5877535 -0.682689 0.2683162 -0.1536088 -0.9510051 0.682689 -0.4341447 -0.5877535 0.258024 0.434697 -0.8628222 0.7033546 0.1594676 -0.692721 0.4341447 0.5877535 -0.682689 0.2683162 0.1536088 -0.9510051 0.682689 0.4341447 -0.5877535 0.5168605 2.274079e-17 -0.8560697 0.692721 0.7033546 0.1594676 0.8628222 0.258024 0.434697 0.5877535 0.682689 0.4341447 0.8560697 0.5168605 -4.548159e-18 0.692721 -0.7033546 0.1594676 0.8628222 -0.258024 0.434697 0.5877535 -0.682689 0.4341447 0.8560697 -0.5168605 9.096317e-18 0.258024 -0.434697 0.8628222 0.7033546 -0.1594676 0.692721 0.4341447 -0.5877535 0.682689 0.2683162 -0.1536088 0.9510051 0.682689 -0.4341447 0.5877535 0.258024 0.434697 0.8628222 0.7033546 0.1594676 0.692721 0.4341447 0.5877535 0.682689 0.2683162 0.1536088 0.9510051 0.682689 0.4341447 0.5877535 0.5168605 2.728895e-17 0.8560697 0.9613786 -9.073087e-18 -0.2752294 0.9613786 -4.536544e-18 0.2752294 0.9510051 0.2683162 -0.1536088 0.9510051 -0.2683162 -0.1536088 0.9510051 0.2683162 0.1536088 0.9510051 -0.2683162 0.1536088 -0.692721 0.7033546 -0.1594676 -0.8628222 0.258024 -0.434697 -0.5877535 0.682689 -0.4341447 -0.692721 -0.7033546 -0.1594676 -0.8628222 -0.258024 -0.434697 -0.5877535 -0.682689 -0.4341447 -0.258024 -0.434697 -0.8628222 -0.7033546 -0.1594676 -0.692721 -0.4341447 -0.5877535 -0.682689 -0.2683162 -0.1536088 -0.9510051 -0.682689 -0.4341447 -0.5877535 -0.258024 0.434697 -0.8628222 -0.7033546 0.1594676 -0.692721 -0.4341447 0.5877535 -0.682689 -0.2683162 0.1536088 -0.9510051 -0.682689 0.4341447 -0.5877535 -0.5168605 -1.364448e-17 -0.8560697 -0.692721 0.7033546 0.1594676 -0.8628222 0.258024 0.434697 -0.5877535 0.682689 0.4341447 -0.8560697 0.5168605 0 -0.692721 -0.7033546 0.1594676 -0.8628222 -0.258024 0.434697 -0.5877535 -0.682689 0.4341447 -0.8560697 -0.5168605 9.096317e-18 -0.258024 -0.434697 0.8628222 -0.7033546 -0.1594676 0.692721 -0.4341447 -0.5877535 0.682689 -0.2683162 -0.1536088 0.9510051 -0.682689 -0.4341447 0.5877535 -0.258024 0.434697 0.8628222 -0.7033546 0.1594676 0.692721 -0.4341447 0.5877535 0.682689 -0.2683162 0.1536088 0.9510051 -0.682689 0.4341447 0.5877535 -0.5168605 -1.364448e-17 0.8560697 -0.9613786 0 -0.2752294 -0.9613786 0 0.2752294 -0.9510051 0.2683162 -0.1536088 -0.9510051 -0.2683162 -0.1536088 -0.9510051 0.2683162 0.1536088 -0.9510051 -0.2683162 0.1536088 -0.5257311 0.8506508 0 0.5257311 0.8506508 0 -0.5257311 -0.8506508 1.359723e-17 0.5257311 -0.8506508 -4.532411e-18 4.532411e-18 -0.5257311 0.8506508 0 0.5257311 0.8506508 4.532411e-18 -0.5257311 -0.8506508 2.266205e-17 0.5257311 -0.8506508 0.8506508 -9.518062e-17 -0.5257311 0.8506508 -1.133103e-16 0.5257311 -0.8506508 -1.133103e-16 -0.5257311 -0.8506508 -8.61158e-17 0.5257311 9.085045e-18 1 -4.542523e-18 -9.085045e-18 -1 -4.542523e-18 -0.309017 -0.809017 0.5 0.309017 -0.809017 0.5 -0.309017 0.809017 0.5 0.309017 0.809017 0.5 0 0 1 -0.309017 -0.809017 -0.5 0.309017 -0.809017 -0.5 -0.309017 0.809017 -0.5 0.309017 0.809017 -0.5 -4.542523e-18 0 -1 0.809017 0.5 -0.309017 0.809017 -0.5 -0.309017 0.5 -0.309017 -0.809017 0.5 0.309017 -0.809017 0.809017 0.5 0.309017 0.809017 -0.5 0.309017 0.5 -0.309017 0.809017 0.5 0.309017 0.809017 1 -2.680088e-16 0 -0.809017 0.5 -0.309017 -0.809017 -0.5 -0.309017 -0.5 -0.309017 -0.809017 -0.5 0.309017 -0.809017 -0.809017 0.5 0.309017 -0.809017 -0.5 0.309017 -0.5 -0.309017 0.809017 -0.5 0.309017 0.809017 -1 -2.589238e-16 -4.542523e-18 -0.2752294 0.9613786 0 0.2752294 0.9613786 -4.536544e-18 -0.2752294 -0.9613786 -1.360963e-17 0.2752294 -0.9613786 0 -0.434697 -0.8628222 0.258024 -0.1594676 -0.692721 0.7033546 -0.1536088 -0.9510051 0.2683162 0.434697 -0.8628222 0.258024 0.1594676 -0.692721 0.7033546 0.1536088 -0.9510051 0.2683162 0 -0.8560697 0.5168605 -0.434697 0.8628222 0.258024 -0.1594676 0.692721 0.7033546 -0.1536088 0.9510051 0.2683162 0.434697 0.8628222 0.258024 0.1594676 0.692721 0.7033546 0.1536088 0.9510051 0.2683162 0 0.8560697 0.5168605 -9.073087e-18 -0.2752294 0.9613786 4.536544e-18 0.2752294 0.9613786 -0.434697 -0.8628222 -0.258024 -0.1594676 -0.692721 -0.7033546 -0.1536088 -0.9510051 -0.2683162 0.434697 -0.8628222 -0.258024 0.1594676 -0.692721 -0.7033546 0.1536088 -0.9510051 -0.2683162 1.364448e-17 -0.8560697 -0.5168605 -0.434697 0.8628222 -0.258024 -0.1594676 0.692721 -0.7033546 -0.1536088 0.9510051 -0.2683162 0.434697 0.8628222 -0.258024 0.1594676 0.692721 -0.7033546 0.1536088 0.9510051 -0.2683162 -2.274079e-17 0.8560697 -0.5168605 -9.073087e-18 -0.2752294 -0.9613786 0 0.2752294 -0.9613786 0.692721 0.7033546 -0.1594676 0.8628222 0.258024 -0.434697 0.5877535 0.682689 -0.4341447 0.692721 -0.7033546 -0.1594676 0.8628222 -0.258024 -0.434697 0.5877535 -0.682689 -0.4341447 0.258024 -0.434697 -0.8628222 0.7033546 -0.1594676 -0.692721 0.4341447 -0.5877535 -0.682689 0.2683162 -0.1536088 -0.9510051 0.682689 -0.4341447 -0.5877535 0.258024 0.434697 -0.8628222 0.7033546 0.1594676 -0.692721 0.4341447 0.5877535 -0.682689 0.2683162 0.1536088 -0.9510051 0.682689 0.4341447 -0.5877535 0.5168605 -1.773782e-16 -0.8560697 0.692721 0.7033546 0.1594676 0.8628222 0.258024 0.434697 0.5877535 0.682689 0.4341447 0.8560697 0.5168605 -4.548159e-18 0.692721 -0.7033546 0.1594676 0.8628222 -0.258024 0.434697 0.5877535 -0.682689 0.4341447 0.8560697 -0.5168605 1.819263e-17 0.258024 -0.434697 0.8628222 0.7033546 -0.1594676 0.692721 0.4341447 -0.5877535 0.682689 0.2683162 -0.1536088 0.9510051 0.682689 -0.4341447 0.5877535 0.258024 0.434697 0.8628222 0.7033546 0.1594676 0.692721 0.4341447 0.5877535 0.682689 0.2683162 0.1536088 0.9510051 0.682689 0.4341447 0.5877535 0.5168605 -2.00119e-16 0.8560697 0.9613786 -1.224867e-16 -0.2752294 0.9613786 -1.224867e-16 0.2752294 0.9510051 0.2683162 -0.1536088 0.9510051 -0.2683162 -0.1536088 0.9510051 0.2683162 0.1536088 0.9510051 -0.2683162 0.1536088 -0.692721 0.7033546 -0.1594676 -0.8628222 0.258024 -0.434697 -0.5877535 0.682689 -0.4341447 -0.692721 -0.7033546 -0.1594676 -0.8628222 -0.258024 -0.434697 -0.5877535 -0.682689 -0.4341447 -0.258024 -0.434697 -0.8628222 -0.7033546 -0.1594676 -0.692721 -0.4341447 -0.5877535 -0.682689 -0.2683162 -0.1536088 -0.9510051 -0.682689 -0.4341447 -0.5877535 -0.258024 0.434697 -0.8628222 -0.7033546 0.1594676 -0.692721 -0.4341447 0.5877535 -0.682689 -0.2683162 0.1536088 -0.9510051 -0.682689 0.4341447 -0.5877535 -0.5168605 -2.137635e-16 -0.8560697 -0.692721 0.7033546 0.1594676 -0.8628222 0.258024 0.434697 -0.5877535 0.682689 0.4341447 -0.8560697 0.5168605 9.096317e-18 -0.692721 -0.7033546 0.1594676 -0.8628222 -0.258024 0.434697 -0.5877535 -0.682689 0.4341447 -0.8560697 -0.5168605 1.819263e-17 -0.258024 -0.434697 0.8628222 -0.7033546 -0.1594676 0.692721 -0.4341447 -0.5877535 0.682689 -0.2683162 -0.1536088 0.9510051 -0.682689 -0.4341447 0.5877535 -0.258024 0.434697 0.8628222 -0.7033546 0.1594676 0.692721 -0.4341447 0.5877535 0.682689 -0.2683162 0.1536088 0.9510051 -0.682689 0.4341447 0.5877535 -0.5168605 -2.137635e-16 0.8560697 -0.9613786 -1.270232e-16 -0.2752294 -0.9613786 -1.315598e-16 0.2752294 -0.9510051 0.2683162 -0.1536088 -0.9510051 -0.2683162 -0.1536088 -0.9510051 0.2683162 0.1536088 -0.9510051 -0.2683162 0.1536088 -0.5257311 0.8506508 0 0.5257311 0.8506508 0 -0.5257311 -0.8506508 -4.532411e-18 0.5257311 -0.8506508 -1.359723e-17 9.064821e-18 -0.5257311 0.8506508 -9.064821e-18 0.5257311 0.8506508 9.064821e-18 -0.5257311 -0.8506508 -1.133103e-17 0.5257311 -0.8506508 0.8506508 9.064821e-18 -0.5257311 0.8506508 -2.266205e-18 0.5257311 -0.8506508 -9.064821e-18 -0.5257311 -0.8506508 0 0.5257311 0 1 -4.542523e-18 0 -1 -4.542523e-18 -0.309017 -0.809017 0.5 0.309017 -0.809017 0.5 -0.309017 0.809017 0.5 0.309017 0.809017 0.5 -9.085045e-18 0 1 -0.309017 -0.809017 -0.5 0.309017 -0.809017 -0.5 -0.309017 0.809017 -0.5 0.309017 0.809017 -0.5 -4.542523e-18 0 -1 0.809017 0.5 -0.309017 0.809017 -0.5 -0.309017 0.5 -0.309017 -0.809017 0.5 0.309017 -0.809017 0.809017 0.5 0.309017 0.809017 -0.5 0.309017 0.5 -0.309017 0.809017 0.5 0.309017 0.809017 1 4.542523e-18 0 -0.809017 0.5 -0.309017 -0.809017 -0.5 -0.309017 -0.5 -0.309017 -0.809017 -0.5 0.309017 -0.809017 -0.809017 0.5 0.309017 -0.809017 -0.5 0.309017 -0.5 -0.309017 0.809017 -0.5 0.309017 0.809017 -1 -4.542523e-18 0 -0.2752294 0.9613786 9.073087e-18 0.2752294 0.9613786 0 -0.2752294 -0.9613786 0 0.2752294 -0.9613786 9.073087e-18 -0.434697 -0.8628222 0.258024 -0.1594676 -0.692721 0.7033546 -0.1536088 -0.9510051 0.2683162 0.434697 -0.8628222 0.258024 0.1594676 -0.692721 0.7033546 0.1536088 -0.9510051 0.2683162 -2.274079e-17 -0.8560697 0.5168605 -0.434697 0.8628222 0.258024 -0.1594676 0.692721 0.7033546 -0.1536088 0.9510051 0.2683162 0.434697 0.8628222 0.258024 0.1594676 0.692721 0.7033546 0.1536088 0.9510051 0.2683162 0 0.8560697 0.5168605 -4.536544e-18 -0.2752294 0.9613786 -4.536544e-18 0.2752294 0.9613786 -0.434697 -0.8628222 -0.258024 -0.1594676 -0.692721 -0.7033546 -0.1536088 -0.9510051 -0.2683162 0.434697 -0.8628222 -0.258024 0.1594676 -0.692721 -0.7033546 0.1536088 -0.9510051 -0.2683162 0 -0.8560697 -0.5168605 -0.434697 0.8628222 -0.258024 -0.1594676 0.692721 -0.7033546 -0.1536088 0.9510051 -0.2683162 0.434697 0.8628222 -0.258024 0.1594676 0.692721 -0.7033546 0.1536088 0.9510051 -0.2683162 9.096317e-18 0.8560697 -0.5168605 1.360963e-17 -0.2752294 -0.9613786 -1.360963e-17 0.2752294 -0.9613786 0.692721 0.7033546 -0.1594676 0.8628222 0.258024 -0.434697 0.5877535 0.682689 -0.4341447 0.692721 -0.7033546 -0.1594676 0.8628222 -0.258024 -0.434697 0.5877535 -0.682689 -0.4341447 0.258024 -0.434697 -0.8628222 0.7033546 -0.1594676 -0.692721 0.4341447 -0.5877535 -0.682689 0.2683162 -0.1536088 -0.9510051 0.682689 -0.4341447 -0.5877535 0.258024 0.434697 -0.8628222 0.7033546 0.1594676 -0.692721 0.4341447 0.5877535 -0.682689 0.2683162 0.1536088 -0.9510051 0.682689 0.4341447 -0.5877535 0.5168605 4.548159e-18 -0.8560697 0.692721 0.7033546 0.1594676 0.8628222 0.258024 0.434697 0.5877535 0.682689 0.4341447 0.8560697 0.5168605 0 0.692721 -0.7033546 0.1594676 0.8628222 -0.258024 0.434697 0.5877535 -0.682689 0.4341447 0.8560697 -0.5168605 4.548159e-18 0.258024 -0.434697 0.8628222 0.7033546 -0.1594676 0.692721 0.4341447 -0.5877535 0.682689 0.2683162 -0.1536088 0.9510051 0.682689 -0.4341447 0.5877535 0.258024 0.434697 0.8628222 0.7033546 0.1594676 0.692721 0.4341447 0.5877535 0.682689 0.2683162 0.1536088 0.9510051 0.682689 0.4341447 0.5877535 0.5168605 -4.548159e-18 0.8560697 0.9613786 0 -0.2752294 0.9613786 0 0.2752294 0.9510051 0.2683162 -0.1536088 0.9510051 -0.2683162 -0.1536088 0.9510051 0.2683162 0.1536088 0.9510051 -0.2683162 0.1536088 -0.692721 0.7033546 -0.1594676 -0.8628222 0.258024 -0.434697 -0.5877535 0.682689 -0.4341447 -0.692721 -0.7033546 -0.1594676 -0.8628222 -0.258024 -0.434697 -0.5877535 -0.682689 -0.4341447 -0.258024 -0.434697 -0.8628222 -0.7033546 -0.1594676 -0.692721 -0.4341447 -0.5877535 -0.682689 -0.2683162 -0.1536088 -0.9510051 -0.682689 -0.4341447 -0.5877535 -0.258024 0.434697 -0.8628222 -0.7033546 0.1594676 -0.692721 -0.4341447 0.5877535 -0.682689 -0.2683162 0.1536088 -0.9510051 -0.682689 0.4341447 -0.5877535 -0.5168605 -4.548159e-18 -0.8560697 -0.692721 0.7033546 0.1594676 -0.8628222 0.258024 0.434697 -0.5877535 0.682689 0.4341447 -0.8560697 0.5168605 4.548159e-18 -0.692721 -0.7033546 0.1594676 -0.8628222 -0.258024 0.434697 -0.5877535 -0.682689 0.4341447 -0.8560697 -0.5168605 0 -0.258024 -0.434697 0.8628222 -0.7033546 -0.1594676 0.692721 -0.4341447 -0.5877535 0.682689 -0.2683162 -0.1536088 0.9510051 -0.682689 -0.4341447 0.5877535 -0.258024 0.434697 0.8628222 -0.7033546 0.1594676 0.692721 -0.4341447 0.5877535 0.682689 -0.2683162 0.1536088 0.9510051 -0.682689 0.4341447 0.5877535 -0.5168605 4.548159e-18 0.8560697 -0.9613786 0 -0.2752294 -0.9613786 0 0.2752294 -0.9510051 0.2683162 -0.1536088 -0.9510051 -0.2683162 -0.1536088 -0.9510051 0.2683162 0.1536088 -0.9510051 -0.2683162 0.1536088 -0.5257311 0.8506508 -1.359723e-17 0.5257311 0.8506508 -4.532411e-18 -0.5257311 -0.8506508 -4.532411e-18 0.5257311 -0.8506508 -1.359723e-17 -9.064821e-18 -0.5257311 0.8506508 9.064821e-18 0.5257311 0.8506508 -4.532411e-18 -0.5257311 -0.8506508 2.266205e-18 0.5257311 -0.8506508 0.8506508 9.064821e-18 -0.5257311 0.8506508 -6.798616e-18 0.5257311 -0.8506508 -9.064821e-18 -0.5257311 -0.8506508 1.359723e-17 0.5257311 0 1 -4.542523e-18 0 -1 -4.542523e-18 -0.309017 -0.809017 0.5 0.309017 -0.809017 0.5 -0.309017 0.809017 0.5 0.309017 0.809017 0.5 0 0 1 -0.309017 -0.809017 -0.5 0.309017 -0.809017 -0.5 -0.309017 0.809017 -0.5 0.309017 0.809017 -0.5 -4.542523e-18 0 -1 0.809017 0.5 -0.309017 0.809017 -0.5 -0.309017 0.5 -0.309017 -0.809017 0.5 0.309017 -0.809017 0.809017 0.5 0.309017 0.809017 -0.5 0.309017 0.5 -0.309017 0.809017 0.5 0.309017 0.809017 1 4.542523e-18 0 -0.809017 0.5 -0.309017 -0.809017 -0.5 -0.309017 -0.5 -0.309017 -0.809017 -0.5 0.309017 -0.809017 -0.809017 0.5 0.309017 -0.809017 -0.5 0.309017 -0.5 -0.309017 0.809017 -0.5 0.309017 0.809017 -1 -4.542523e-18 0 -0.2752294 0.9613786 9.073087e-18 0.2752294 0.9613786 0 -0.2752294 -0.9613786 0 0.2752294 -0.9613786 9.073087e-18 -0.434697 -0.8628222 0.258024 -0.1594676 -0.692721 0.7033546 -0.1536088 -0.9510051 0.2683162 0.434697 -0.8628222 0.258024 0.1594676 -0.692721 0.7033546 0.1536088 -0.9510051 0.2683162 0 -0.8560697 0.5168605 -0.434697 0.8628222 0.258024 -0.1594676 0.692721 0.7033546 -0.1536088 0.9510051 0.2683162 0.434697 0.8628222 0.258024 0.1594676 0.692721 0.7033546 0.1536088 0.9510051 0.2683162 0 0.8560697 0.5168605 1.814617e-17 -0.2752294 0.9613786 -4.536544e-18 0.2752294 0.9613786 -0.434697 -0.8628222 -0.258024 -0.1594676 -0.692721 -0.7033546 -0.1536088 -0.9510051 -0.2683162 0.434697 -0.8628222 -0.258024 0.1594676 -0.692721 -0.7033546 0.1536088 -0.9510051 -0.2683162 -4.548159e-18 -0.8560697 -0.5168605 -0.434697 0.8628222 -0.258024 -0.1594676 0.692721 -0.7033546 -0.1536088 0.9510051 -0.2683162 0.434697 0.8628222 -0.258024 0.1594676 0.692721 -0.7033546 0.1536088 0.9510051 -0.2683162 4.548159e-18 0.8560697 -0.5168605 1.360963e-17 -0.2752294 -0.9613786 -1.360963e-17 0.2752294 -0.9613786 0.692721 0.7033546 -0.1594676 0.8628222 0.258024 -0.434697 0.5877535 0.682689 -0.4341447 0.692721 -0.7033546 -0.1594676 0.8628222 -0.258024 -0.434697 0.5877535 -0.682689 -0.4341447 0.258024 -0.434697 -0.8628222 0.7033546 -0.1594676 -0.692721 0.4341447 -0.5877535 -0.682689 0.2683162 -0.1536088 -0.9510051 0.682689 -0.4341447 -0.5877535 0.258024 0.434697 -0.8628222 0.7033546 0.1594676 -0.692721 0.4341447 0.5877535 -0.682689 0.2683162 0.1536088 -0.9510051 0.682689 0.4341447 -0.5877535 0.5168605 4.548159e-18 -0.8560697 0.692721 0.7033546 0.1594676 0.8628222 0.258024 0.434697 0.5877535 0.682689 0.4341447 0.8560697 0.5168605 0 0.692721 -0.7033546 0.1594676 0.8628222 -0.258024 0.434697 0.5877535 -0.682689 0.4341447 0.8560697 -0.5168605 4.548159e-18 0.258024 -0.434697 0.8628222 0.7033546 -0.1594676 0.692721 0.4341447 -0.5877535 0.682689 0.2683162 -0.1536088 0.9510051 0.682689 -0.4341447 0.5877535 0.258024 0.434697 0.8628222 0.7033546 0.1594676 0.692721 0.4341447 0.5877535 0.682689 0.2683162 0.1536088 0.9510051 0.682689 0.4341447 0.5877535 0.5168605 0 0.8560697 0.9613786 0 -0.2752294 0.9613786 0 0.2752294 0.9510051 0.2683162 -0.1536088 0.9510051 -0.2683162 -0.1536088 0.9510051 0.2683162 0.1536088 0.9510051 -0.2683162 0.1536088 -0.692721 0.7033546 -0.1594676 -0.8628222 0.258024 -0.434697 -0.5877535 0.682689 -0.4341447 -0.692721 -0.7033546 -0.1594676 -0.8628222 -0.258024 -0.434697 -0.5877535 -0.682689 -0.4341447 -0.258024 -0.434697 -0.8628222 -0.7033546 -0.1594676 -0.692721 -0.4341447 -0.5877535 -0.682689 -0.2683162 -0.1536088 -0.9510051 -0.682689 -0.4341447 -0.5877535 -0.258024 0.434697 -0.8628222 -0.7033546 0.1594676 -0.692721 -0.4341447 0.5877535 -0.682689 -0.2683162 0.1536088 -0.9510051 -0.682689 0.4341447 -0.5877535 -0.5168605 -4.548159e-18 -0.8560697 -0.692721 0.7033546 0.1594676 -0.8628222 0.258024 0.434697 -0.5877535 0.682689 0.4341447 -0.8560697 0.5168605 4.548159e-18 -0.692721 -0.7033546 0.1594676 -0.8628222 -0.258024 0.434697 -0.5877535 -0.682689 0.4341447 -0.8560697 -0.5168605 0 -0.258024 -0.434697 0.8628222 -0.7033546 -0.1594676 0.692721 -0.4341447 -0.5877535 0.682689 -0.2683162 -0.1536088 0.9510051 -0.682689 -0.4341447 0.5877535 -0.258024 0.434697 0.8628222 -0.7033546 0.1594676 0.692721 -0.4341447 0.5877535 0.682689 -0.2683162 0.1536088 0.9510051 -0.682689 0.4341447 0.5877535 -0.5168605 0 0.8560697 -0.9613786 0 -0.2752294 -0.9613786 0 0.2752294 -0.9510051 0.2683162 -0.1536088 -0.9510051 -0.2683162 -0.1536088 -0.9510051 0.2683162 0.1536088 -0.9510051 -0.2683162 0.1536088 -0.5257311 0.8506508 9.064821e-18 0.5257311 0.8506508 -9.064821e-18 -0.5257311 -0.8506508 -9.064821e-18 0.5257311 -0.8506508 -9.064821e-18 0 -0.5257311 0.8506508 0 0.5257311 0.8506508 -2.266205e-18 -0.5257311 -0.8506508 9.064821e-18 0.5257311 -0.8506508 0.8506508 1.359723e-17 -0.5257311 0.8506508 -6.798616e-18 0.5257311 -0.8506508 -1.359723e-17 -0.5257311 -0.8506508 0 0.5257311 4.542523e-18 1 -2.271261e-17 -4.542523e-18 -1 -2.271261e-17 -0.309017 -0.809017 0.5 0.309017 -0.809017 0.5 -0.309017 0.809017 0.5 0.309017 0.809017 0.5 0 0 1 -0.309017 -0.809017 -0.5 0.309017 -0.809017 -0.5 -0.309017 0.809017 -0.5 0.309017 0.809017 -0.5 -4.542523e-18 0 -1 0.809017 0.5 -0.309017 0.809017 -0.5 -0.309017 0.5 -0.309017 -0.809017 0.5 0.309017 -0.809017 0.809017 0.5 0.309017 0.809017 -0.5 0.309017 0.5 -0.309017 0.809017 0.5 0.309017 0.809017 1 0 0 -0.809017 0.5 -0.309017 -0.809017 -0.5 -0.309017 -0.5 -0.309017 -0.809017 -0.5 0.309017 -0.809017 -0.809017 0.5 0.309017 -0.809017 -0.5 0.309017 -0.5 -0.309017 0.809017 -0.5 0.309017 0.809017 -1 0 0 -0.2752294 0.9613786 -1.360963e-17 0.2752294 0.9613786 -2.268272e-17 -0.2752294 -0.9613786 -1.814617e-17 0.2752294 -0.9613786 -1.360963e-17 -0.434697 -0.8628222 0.258024 -0.1594676 -0.692721 0.7033546 -0.1536088 -0.9510051 0.2683162 0.434697 -0.8628222 0.258024 0.1594676 -0.692721 0.7033546 0.1536088 -0.9510051 0.2683162 9.096317e-18 -0.8560697 0.5168605 -0.434697 0.8628222 0.258024 -0.1594676 0.692721 0.7033546 -0.1536088 0.9510051 0.2683162 0.434697 0.8628222 0.258024 0.1594676 0.692721 0.7033546 0.1536088 0.9510051 0.2683162 0 0.8560697 0.5168605 -4.536544e-18 -0.2752294 0.9613786 4.536544e-18 0.2752294 0.9613786 -0.434697 -0.8628222 -0.258024 -0.1594676 -0.692721 -0.7033546 -0.1536088 -0.9510051 -0.2683162 0.434697 -0.8628222 -0.258024 0.1594676 -0.692721 -0.7033546 0.1536088 -0.9510051 -0.2683162 4.548159e-18 -0.8560697 -0.5168605 -0.434697 0.8628222 -0.258024 -0.1594676 0.692721 -0.7033546 -0.1536088 0.9510051 -0.2683162 0.434697 0.8628222 -0.258024 0.1594676 0.692721 -0.7033546 0.1536088 0.9510051 -0.2683162 0 0.8560697 -0.5168605 -9.073087e-18 -0.2752294 -0.9613786 0 0.2752294 -0.9613786 0.692721 0.7033546 -0.1594676 0.8628222 0.258024 -0.434697 0.5877535 0.682689 -0.4341447 0.692721 -0.7033546 -0.1594676 0.8628222 -0.258024 -0.434697 0.5877535 -0.682689 -0.4341447 0.258024 -0.434697 -0.8628222 0.7033546 -0.1594676 -0.692721 0.4341447 -0.5877535 -0.682689 0.2683162 -0.1536088 -0.9510051 0.682689 -0.4341447 -0.5877535 0.258024 0.434697 -0.8628222 0.7033546 0.1594676 -0.692721 0.4341447 0.5877535 -0.682689 0.2683162 0.1536088 -0.9510051 0.682689 0.4341447 -0.5877535 0.5168605 4.548159e-18 -0.8560697 0.692721 0.7033546 0.1594676 0.8628222 0.258024 0.434697 0.5877535 0.682689 0.4341447 0.8560697 0.5168605 4.548159e-18 0.692721 -0.7033546 0.1594676 0.8628222 -0.258024 0.434697 0.5877535 -0.682689 0.4341447 0.8560697 -0.5168605 3.183711e-17 0.258024 -0.434697 0.8628222 0.7033546 -0.1594676 0.692721 0.4341447 -0.5877535 0.682689 0.2683162 -0.1536088 0.9510051 0.682689 -0.4341447 0.5877535 0.258024 0.434697 0.8628222 0.7033546 0.1594676 0.692721 0.4341447 0.5877535 0.682689 0.2683162 0.1536088 0.9510051 0.682689 0.4341447 0.5877535 0.5168605 0 0.8560697 0.9613786 1.360963e-17 -0.2752294 0.9613786 0 0.2752294 0.9510051 0.2683162 -0.1536088 0.9510051 -0.2683162 -0.1536088 0.9510051 0.2683162 0.1536088 0.9510051 -0.2683162 0.1536088 -0.692721 0.7033546 -0.1594676 -0.8628222 0.258024 -0.434697 -0.5877535 0.682689 -0.4341447 -0.692721 -0.7033546 -0.1594676 -0.8628222 -0.258024 -0.434697 -0.5877535 -0.682689 -0.4341447 -0.258024 -0.434697 -0.8628222 -0.7033546 -0.1594676 -0.692721 -0.4341447 -0.5877535 -0.682689 -0.2683162 -0.1536088 -0.9510051 -0.682689 -0.4341447 -0.5877535 -0.258024 0.434697 -0.8628222 -0.7033546 0.1594676 -0.692721 -0.4341447 0.5877535 -0.682689 -0.2683162 0.1536088 -0.9510051 -0.682689 0.4341447 -0.5877535 -0.5168605 -4.548159e-18 -0.8560697 -0.692721 0.7033546 0.1594676 -0.8628222 0.258024 0.434697 -0.5877535 0.682689 0.4341447 -0.8560697 0.5168605 1.364448e-17 -0.692721 -0.7033546 0.1594676 -0.8628222 -0.258024 0.434697 -0.5877535 -0.682689 0.4341447 -0.8560697 -0.5168605 1.364448e-17 -0.258024 -0.434697 0.8628222 -0.7033546 -0.1594676 0.692721 -0.4341447 -0.5877535 0.682689 -0.2683162 -0.1536088 0.9510051 -0.682689 -0.4341447 0.5877535 -0.258024 0.434697 0.8628222 -0.7033546 0.1594676 0.692721 -0.4341447 0.5877535 0.682689 -0.2683162 0.1536088 0.9510051 -0.682689 0.4341447 0.5877535 -0.5168605 0 0.8560697 -0.9613786 -1.360963e-17 -0.2752294 -0.9613786 0 0.2752294 -0.9510051 0.2683162 -0.1536088 -0.9510051 -0.2683162 -0.1536088 -0.9510051 0.2683162 0.1536088 -0.9510051 -0.2683162 0.1536088 -0.5257311 0.8506508 1.359723e-17 0.5257311 0.8506508 -1.359723e-17 -0.5257311 -0.8506508 -1.359723e-17 0.5257311 -0.8506508 1.359723e-17 0 -0.5257311 0.8506508 0 0.5257311 0.8506508 6.798616e-18 -0.5257311 -0.8506508 -4.532411e-18 0.5257311 -0.8506508 0.8506508 4.532411e-18 -0.5257311 0.8506508 -9.064821e-18 0.5257311 -0.8506508 0 -0.5257311 -0.8506508 1.359723e-17 0.5257311 4.542523e-18 1 1.362757e-17 -4.542523e-18 -1 1.362757e-17 -0.309017 -0.809017 0.5 0.309017 -0.809017 0.5 -0.309017 0.809017 0.5 0.309017 0.809017 0.5 0 0 1 -0.309017 -0.809017 -0.5 0.309017 -0.809017 -0.5 -0.309017 0.809017 -0.5 0.309017 0.809017 -0.5 4.542523e-18 0 -1 0.809017 0.5 -0.309017 0.809017 -0.5 -0.309017 0.5 -0.309017 -0.809017 0.5 0.309017 -0.809017 0.809017 0.5 0.309017 0.809017 -0.5 0.309017 0.5 -0.309017 0.809017 0.5 0.309017 0.809017 1 -1.362757e-17 -4.542523e-18 -0.809017 0.5 -0.309017 -0.809017 -0.5 -0.309017 -0.5 -0.309017 -0.809017 -0.5 0.309017 -0.809017 -0.809017 0.5 0.309017 -0.809017 -0.5 0.309017 -0.5 -0.309017 0.809017 -0.5 0.309017 0.809017 -1 1.362757e-17 -4.542523e-18 -0.2752294 0.9613786 4.536544e-18 0.2752294 0.9613786 -4.536544e-18 -0.2752294 -0.9613786 -4.536544e-18 0.2752294 -0.9613786 4.536544e-18 -0.434697 -0.8628222 0.258024 -0.1594676 -0.692721 0.7033546 -0.1536088 -0.9510051 0.2683162 0.434697 -0.8628222 0.258024 0.1594676 -0.692721 0.7033546 0.1536088 -0.9510051 0.2683162 -9.096317e-18 -0.8560697 0.5168605 -0.434697 0.8628222 0.258024 -0.1594676 0.692721 0.7033546 -0.1536088 0.9510051 0.2683162 0.434697 0.8628222 0.258024 0.1594676 0.692721 0.7033546 0.1536088 0.9510051 0.2683162 9.096317e-18 0.8560697 0.5168605 -4.536544e-18 -0.2752294 0.9613786 0 0.2752294 0.9613786 -0.434697 -0.8628222 -0.258024 -0.1594676 -0.692721 -0.7033546 -0.1536088 -0.9510051 -0.2683162 0.434697 -0.8628222 -0.258024 0.1594676 -0.692721 -0.7033546 0.1536088 -0.9510051 -0.2683162 -4.548159e-18 -0.8560697 -0.5168605 -0.434697 0.8628222 -0.258024 -0.1594676 0.692721 -0.7033546 -0.1536088 0.9510051 -0.2683162 0.434697 0.8628222 -0.258024 0.1594676 0.692721 -0.7033546 0.1536088 0.9510051 -0.2683162 4.548159e-18 0.8560697 -0.5168605 4.536544e-18 -0.2752294 -0.9613786 -9.073087e-18 0.2752294 -0.9613786 0.692721 0.7033546 -0.1594676 0.8628222 0.258024 -0.434697 0.5877535 0.682689 -0.4341447 0.692721 -0.7033546 -0.1594676 0.8628222 -0.258024 -0.434697 0.5877535 -0.682689 -0.4341447 0.258024 -0.434697 -0.8628222 0.7033546 -0.1594676 -0.692721 0.4341447 -0.5877535 -0.682689 0.2683162 -0.1536088 -0.9510051 0.682689 -0.4341447 -0.5877535 0.258024 0.434697 -0.8628222 0.7033546 0.1594676 -0.692721 0.4341447 0.5877535 -0.682689 0.2683162 0.1536088 -0.9510051 0.682689 0.4341447 -0.5877535 0.5168605 4.548159e-18 -0.8560697 0.692721 0.7033546 0.1594676 0.8628222 0.258024 0.434697 0.5877535 0.682689 0.4341447 0.8560697 0.5168605 9.096317e-18 0.692721 -0.7033546 0.1594676 0.8628222 -0.258024 0.434697 0.5877535 -0.682689 0.4341447 0.8560697 -0.5168605 2.274079e-17 0.258024 -0.434697 0.8628222 0.7033546 -0.1594676 0.692721 0.4341447 -0.5877535 0.682689 0.2683162 -0.1536088 0.9510051 0.682689 -0.4341447 0.5877535 0.258024 0.434697 0.8628222 0.7033546 0.1594676 0.692721 0.4341447 0.5877535 0.682689 0.2683162 0.1536088 0.9510051 0.682689 0.4341447 0.5877535 0.5168605 4.548159e-18 0.8560697 0.9613786 1.360963e-17 -0.2752294 0.9613786 0 0.2752294 0.9510051 0.2683162 -0.1536088 0.9510051 -0.2683162 -0.1536088 0.9510051 0.2683162 0.1536088 0.9510051 -0.2683162 0.1536088 -0.692721 0.7033546 -0.1594676 -0.8628222 0.258024 -0.434697 -0.5877535 0.682689 -0.4341447 -0.692721 -0.7033546 -0.1594676 -0.8628222 -0.258024 -0.434697 -0.5877535 -0.682689 -0.4341447 -0.258024 -0.434697 -0.8628222 -0.7033546 -0.1594676 -0.692721 -0.4341447 -0.5877535 -0.682689 -0.2683162 -0.1536088 -0.9510051 -0.682689 -0.4341447 -0.5877535 -0.258024 0.434697 -0.8628222 -0.7033546 0.1594676 -0.692721 -0.4341447 0.5877535 -0.682689 -0.2683162 0.1536088 -0.9510051 -0.682689 0.4341447 -0.5877535 -0.5168605 -4.548159e-18 -0.8560697 -0.692721 0.7033546 0.1594676 -0.8628222 0.258024 0.434697 -0.5877535 0.682689 0.4341447 -0.8560697 0.5168605 2.274079e-17 -0.692721 -0.7033546 0.1594676 -0.8628222 -0.258024 0.434697 -0.5877535 -0.682689 0.4341447 -0.8560697 -0.5168605 9.096317e-18 -0.258024 -0.434697 0.8628222 -0.7033546 -0.1594676 0.692721 -0.4341447 -0.5877535 0.682689 -0.2683162 -0.1536088 0.9510051 -0.682689 -0.4341447 0.5877535 -0.258024 0.434697 0.8628222 -0.7033546 0.1594676 0.692721 -0.4341447 0.5877535 0.682689 -0.2683162 0.1536088 0.9510051 -0.682689 0.4341447 0.5877535 -0.5168605 -4.548159e-18 0.8560697 -0.9613786 -1.360963e-17 -0.2752294 -0.9613786 0 0.2752294 -0.9510051 0.2683162 -0.1536088 -0.9510051 -0.2683162 -0.1536088 -0.9510051 0.2683162 0.1536088 -0.9510051 -0.2683162 0.1536088 -0.5257311 0.8506508 -1.812964e-17 0.5257311 0.8506508 0 -0.5257311 -0.8506508 0 0.5257311 -0.8506508 0 -1.359723e-17 -0.5257311 0.8506508 -9.064821e-18 0.5257311 0.8506508 4.532411e-18 -0.5257311 -0.8506508 -1.133103e-17 0.5257311 -0.8506508 0.8506508 9.064821e-18 -0.5257311 0.8506508 -9.064821e-18 0.5257311 -0.8506508 -9.064821e-18 -0.5257311 -0.8506508 9.064821e-18 0.5257311 -4.542523e-18 1 -4.542523e-18 4.542523e-18 -1 -4.542523e-18 -0.309017 -0.809017 0.5 0.309017 -0.809017 0.5 -0.309017 0.809017 0.5 0.309017 0.809017 0.5 -9.085045e-18 0 1 -0.309017 -0.809017 -0.5 0.309017 -0.809017 -0.5 -0.309017 0.809017 -0.5 0.309017 0.809017 -0.5 -4.542523e-18 0 -1 0.809017 0.5 -0.309017 0.809017 -0.5 -0.309017 0.5 -0.309017 -0.809017 0.5 0.309017 -0.809017 0.809017 0.5 0.309017 0.809017 -0.5 0.309017 0.5 -0.309017 0.809017 0.5 0.309017 0.809017 1 0 -1.362757e-17 -0.809017 0.5 -0.309017 -0.809017 -0.5 -0.309017 -0.5 -0.309017 -0.809017 -0.5 0.309017 -0.809017 -0.809017 0.5 0.309017 -0.809017 -0.5 0.309017 -0.5 -0.309017 0.809017 -0.5 0.309017 0.809017 -1 0 -1.362757e-17 -0.2752294 0.9613786 9.073087e-18 0.2752294 0.9613786 0 -0.2752294 -0.9613786 0 0.2752294 -0.9613786 9.073087e-18 -0.434697 -0.8628222 0.258024 -0.1594676 -0.692721 0.7033546 -0.1536088 -0.9510051 0.2683162 0.434697 -0.8628222 0.258024 0.1594676 -0.692721 0.7033546 0.1536088 -0.9510051 0.2683162 4.548159e-18 -0.8560697 0.5168605 -0.434697 0.8628222 0.258024 -0.1594676 0.692721 0.7033546 -0.1536088 0.9510051 0.2683162 0.434697 0.8628222 0.258024 0.1594676 0.692721 0.7033546 0.1536088 0.9510051 0.2683162 -4.548159e-18 0.8560697 0.5168605 0 -0.2752294 0.9613786 -4.536544e-18 0.2752294 0.9613786 -0.434697 -0.8628222 -0.258024 -0.1594676 -0.692721 -0.7033546 -0.1536088 -0.9510051 -0.2683162 0.434697 -0.8628222 -0.258024 0.1594676 -0.692721 -0.7033546 0.1536088 -0.9510051 -0.2683162 0 -0.8560697 -0.5168605 -0.434697 0.8628222 -0.258024 -0.1594676 0.692721 -0.7033546 -0.1536088 0.9510051 -0.2683162 0.434697 0.8628222 -0.258024 0.1594676 0.692721 -0.7033546 0.1536088 0.9510051 -0.2683162 -4.548159e-18 0.8560697 -0.5168605 9.073087e-18 -0.2752294 -0.9613786 -1.360963e-17 0.2752294 -0.9613786 0.692721 0.7033546 -0.1594676 0.8628222 0.258024 -0.434697 0.5877535 0.682689 -0.4341447 0.692721 -0.7033546 -0.1594676 0.8628222 -0.258024 -0.434697 0.5877535 -0.682689 -0.4341447 0.258024 -0.434697 -0.8628222 0.7033546 -0.1594676 -0.692721 0.4341447 -0.5877535 -0.682689 0.2683162 -0.1536088 -0.9510051 0.682689 -0.4341447 -0.5877535 0.258024 0.434697 -0.8628222 0.7033546 0.1594676 -0.692721 0.4341447 0.5877535 -0.682689 0.2683162 0.1536088 -0.9510051 0.682689 0.4341447 -0.5877535 0.5168605 0 -0.8560697 0.692721 0.7033546 0.1594676 0.8628222 0.258024 0.434697 0.5877535 0.682689 0.4341447 0.8560697 0.5168605 0 0.692721 -0.7033546 0.1594676 0.8628222 -0.258024 0.434697 0.5877535 -0.682689 0.4341447 0.8560697 -0.5168605 1.819263e-17 0.258024 -0.434697 0.8628222 0.7033546 -0.1594676 0.692721 0.4341447 -0.5877535 0.682689 0.2683162 -0.1536088 0.9510051 0.682689 -0.4341447 0.5877535 0.258024 0.434697 0.8628222 0.7033546 0.1594676 0.692721 0.4341447 0.5877535 0.682689 0.2683162 0.1536088 0.9510051 0.682689 0.4341447 0.5877535 0.5168605 0 0.8560697 0.9613786 0 -0.2752294 0.9613786 4.536544e-18 0.2752294 0.9510051 0.2683162 -0.1536088 0.9510051 -0.2683162 -0.1536088 0.9510051 0.2683162 0.1536088 0.9510051 -0.2683162 0.1536088 -0.692721 0.7033546 -0.1594676 -0.8628222 0.258024 -0.434697 -0.5877535 0.682689 -0.4341447 -0.692721 -0.7033546 -0.1594676 -0.8628222 -0.258024 -0.434697 -0.5877535 -0.682689 -0.4341447 -0.258024 -0.434697 -0.8628222 -0.7033546 -0.1594676 -0.692721 -0.4341447 -0.5877535 -0.682689 -0.2683162 -0.1536088 -0.9510051 -0.682689 -0.4341447 -0.5877535 -0.258024 0.434697 -0.8628222 -0.7033546 0.1594676 -0.692721 -0.4341447 0.5877535 -0.682689 -0.2683162 0.1536088 -0.9510051 -0.682689 0.4341447 -0.5877535 -0.5168605 0 -0.8560697 -0.692721 0.7033546 0.1594676 -0.8628222 0.258024 0.434697 -0.5877535 0.682689 0.4341447 -0.8560697 0.5168605 9.096317e-18 -0.692721 -0.7033546 0.1594676 -0.8628222 -0.258024 0.434697 -0.5877535 -0.682689 0.4341447 -0.8560697 -0.5168605 9.096317e-18 -0.258024 -0.434697 0.8628222 -0.7033546 -0.1594676 0.692721 -0.4341447 -0.5877535 0.682689 -0.2683162 -0.1536088 0.9510051 -0.682689 -0.4341447 0.5877535 -0.258024 0.434697 0.8628222 -0.7033546 0.1594676 0.692721 -0.4341447 0.5877535 0.682689 -0.2683162 0.1536088 0.9510051 -0.682689 0.4341447 0.5877535 -0.5168605 0 0.8560697 -0.9613786 0 -0.2752294 -0.9613786 -4.536544e-18 0.2752294 -0.9510051 0.2683162 -0.1536088 -0.9510051 -0.2683162 -0.1536088 -0.9510051 0.2683162 0.1536088 -0.9510051 -0.2683162 0.1536088 -0.5257311 0.8506508 4.532411e-18 0.5257311 0.8506508 0 -0.5257311 -0.8506508 4.532411e-18 0.5257311 -0.8506508 0 0 -0.5257311 0.8506508 -2.266205e-18 0.5257311 0.8506508 2.266205e-17 -0.5257311 -0.8506508 -2.266205e-18 0.5257311 -0.8506508 0.8506508 -4.532411e-18 -0.5257311 0.8506508 6.798616e-18 0.5257311 -0.8506508 4.532411e-18 -0.5257311 -0.8506508 -9.064821e-18 0.5257311 0 1 -1.817009e-17 0 -1 -1.817009e-17 -0.309017 -0.809017 0.5 0.309017 -0.809017 0.5 -0.309017 0.809017 0.5 0.309017 0.809017 0.5 4.542523e-18 0 1 -0.309017 -0.809017 -0.5 0.309017 -0.809017 -0.5 -0.309017 0.809017 -0.5 0.309017 0.809017 -0.5 4.542523e-18 0 -1 0.809017 0.5 -0.309017 0.809017 -0.5 -0.309017 0.5 -0.309017 -0.809017 0.5 0.309017 -0.809017 0.809017 0.5 0.309017 0.809017 -0.5 0.309017 0.5 -0.309017 0.809017 0.5 0.309017 0.809017 1 -4.542523e-18 0 -0.809017 0.5 -0.309017 -0.809017 -0.5 -0.309017 -0.5 -0.309017 -0.809017 -0.5 0.309017 -0.809017 -0.809017 0.5 0.309017 -0.809017 -0.5 0.309017 -0.5 -0.309017 0.809017 -0.5 0.309017 0.809017 -1 4.542523e-18 0 -0.2752294 0.9613786 -2.721926e-17 0.2752294 0.9613786 -4.536544e-18 -0.2752294 -0.9613786 0 0.2752294 -0.9613786 -2.721926e-17 -0.434697 -0.8628222 0.258024 -0.1594676 -0.692721 0.7033546 -0.1536088 -0.9510051 0.2683162 0.434697 -0.8628222 0.258024 0.1594676 -0.692721 0.7033546 0.1536088 -0.9510051 0.2683162 -4.548159e-18 -0.8560697 0.5168605 -0.434697 0.8628222 0.258024 -0.1594676 0.692721 0.7033546 -0.1536088 0.9510051 0.2683162 0.434697 0.8628222 0.258024 0.1594676 0.692721 0.7033546 0.1536088 0.9510051 0.2683162 1.364448e-17 0.8560697 0.5168605 4.536544e-18 -0.2752294 0.9613786 0 0.2752294 0.9613786 -0.434697 -0.8628222 -0.258024 -0.1594676 -0.692721 -0.7033546 -0.1536088 -0.9510051 -0.2683162 0.434697 -0.8628222 -0.258024 0.1594676 -0.692721 -0.7033546 0.1536088 -0.9510051 -0.2683162 -4.548159e-18 -0.8560697 -0.5168605 -0.434697 0.8628222 -0.258024 -0.1594676 0.692721 -0.7033546 -0.1536088 0.9510051 -0.2683162 0.434697 0.8628222 -0.258024 0.1594676 0.692721 -0.7033546 0.1536088 0.9510051 -0.2683162 1.364448e-17 0.8560697 -0.5168605 -4.536544e-18 -0.2752294 -0.9613786 0 0.2752294 -0.9613786 0.692721 0.7033546 -0.1594676 0.8628222 0.258024 -0.434697 0.5877535 0.682689 -0.4341447 0.692721 -0.7033546 -0.1594676 0.8628222 -0.258024 -0.434697 0.5877535 -0.682689 -0.4341447 0.258024 -0.434697 -0.8628222 0.7033546 -0.1594676 -0.692721 0.4341447 -0.5877535 -0.682689 0.2683162 -0.1536088 -0.9510051 0.682689 -0.4341447 -0.5877535 0.258024 0.434697 -0.8628222 0.7033546 0.1594676 -0.692721 0.4341447 0.5877535 -0.682689 0.2683162 0.1536088 -0.9510051 0.682689 0.4341447 -0.5877535 0.5168605 1.364448e-17 -0.8560697 0.692721 0.7033546 0.1594676 0.8628222 0.258024 0.434697 0.5877535 0.682689 0.4341447 0.8560697 0.5168605 4.548159e-18 0.692721 -0.7033546 0.1594676 0.8628222 -0.258024 0.434697 0.5877535 -0.682689 0.4341447 0.8560697 -0.5168605 4.548159e-18 0.258024 -0.434697 0.8628222 0.7033546 -0.1594676 0.692721 0.4341447 -0.5877535 0.682689 0.2683162 -0.1536088 0.9510051 0.682689 -0.4341447 0.5877535 0.258024 0.434697 0.8628222 0.7033546 0.1594676 0.692721 0.4341447 0.5877535 0.682689 0.2683162 0.1536088 0.9510051 0.682689 0.4341447 0.5877535 0.5168605 -1.364448e-17 0.8560697 0.9613786 4.536544e-18 -0.2752294 0.9613786 -4.536544e-18 0.2752294 0.9510051 0.2683162 -0.1536088 0.9510051 -0.2683162 -0.1536088 0.9510051 0.2683162 0.1536088 0.9510051 -0.2683162 0.1536088 -0.692721 0.7033546 -0.1594676 -0.8628222 0.258024 -0.434697 -0.5877535 0.682689 -0.4341447 -0.692721 -0.7033546 -0.1594676 -0.8628222 -0.258024 -0.434697 -0.5877535 -0.682689 -0.4341447 -0.258024 -0.434697 -0.8628222 -0.7033546 -0.1594676 -0.692721 -0.4341447 -0.5877535 -0.682689 -0.2683162 -0.1536088 -0.9510051 -0.682689 -0.4341447 -0.5877535 -0.258024 0.434697 -0.8628222 -0.7033546 0.1594676 -0.692721 -0.4341447 0.5877535 -0.682689 -0.2683162 0.1536088 -0.9510051 -0.682689 0.4341447 -0.5877535 -0.5168605 -1.364448e-17 -0.8560697 -0.692721 0.7033546 0.1594676 -0.8628222 0.258024 0.434697 -0.5877535 0.682689 0.4341447 -0.8560697 0.5168605 4.548159e-18 -0.692721 -0.7033546 0.1594676 -0.8628222 -0.258024 0.434697 -0.5877535 -0.682689 0.4341447 -0.8560697 -0.5168605 0 -0.258024 -0.434697 0.8628222 -0.7033546 -0.1594676 0.692721 -0.4341447 -0.5877535 0.682689 -0.2683162 -0.1536088 0.9510051 -0.682689 -0.4341447 0.5877535 -0.258024 0.434697 0.8628222 -0.7033546 0.1594676 0.692721 -0.4341447 0.5877535 0.682689 -0.2683162 0.1536088 0.9510051 -0.682689 0.4341447 0.5877535 -0.5168605 1.364448e-17 0.8560697 -0.9613786 -4.536544e-18 -0.2752294 -0.9613786 4.536544e-18 0.2752294 -0.9510051 0.2683162 -0.1536088 -0.9510051 -0.2683162 -0.1536088 -0.9510051 0.2683162 0.1536088 -0.9510051 -0.2683162 0.1536088 -0.5257311 0.8506508 2.266205e-17 0.5257311 0.8506508 -2.266205e-17 -0.5257311 -0.8506508 -4.532411e-18 0.5257311 -0.8506508 -9.064821e-18 0 -0.5257311 0.8506508 4.532411e-18 0.5257311 0.8506508 -2.266205e-18 -0.5257311 -0.8506508 -4.532411e-18 0.5257311 -0.8506508 0.8506508 -4.532411e-18 -0.5257311 0.8506508 -4.532411e-18 0.5257311 -0.8506508 9.064821e-18 -0.5257311 -0.8506508 4.532411e-18 0.5257311 0 1 4.542523e-18 0 -1 4.542523e-18 -0.309017 -0.809017 0.5 0.309017 -0.809017 0.5 -0.309017 0.809017 0.5 0.309017 0.809017 0.5 0 0 1 -0.309017 -0.809017 -0.5 0.309017 -0.809017 -0.5 -0.309017 0.809017 -0.5 0.309017 0.809017 -0.5 4.542523e-18 0 -1 0.809017 0.5 -0.309017 0.809017 -0.5 -0.309017 0.5 -0.309017 -0.809017 0.5 0.309017 -0.809017 0.809017 0.5 0.309017 0.809017 -0.5 0.309017 0.5 -0.309017 0.809017 0.5 0.309017 0.809017 1 -1.362757e-17 -4.542523e-18 -0.809017 0.5 -0.309017 -0.809017 -0.5 -0.309017 -0.5 -0.309017 -0.809017 -0.5 0.309017 -0.809017 -0.809017 0.5 0.309017 -0.809017 -0.5 0.309017 -0.5 -0.309017 0.809017 -0.5 0.309017 0.809017 -1 1.362757e-17 -4.542523e-18 -0.2752294 0.9613786 4.536544e-18 0.2752294 0.9613786 4.536544e-18 -0.2752294 -0.9613786 4.536544e-18 0.2752294 -0.9613786 4.536544e-18 -0.434697 -0.8628222 0.258024 -0.1594676 -0.692721 0.7033546 -0.1536088 -0.9510051 0.2683162 0.434697 -0.8628222 0.258024 0.1594676 -0.692721 0.7033546 0.1536088 -0.9510051 0.2683162 -9.096317e-18 -0.8560697 0.5168605 -0.434697 0.8628222 0.258024 -0.1594676 0.692721 0.7033546 -0.1536088 0.9510051 0.2683162 0.434697 0.8628222 0.258024 0.1594676 0.692721 0.7033546 0.1536088 0.9510051 0.2683162 0 0.8560697 0.5168605 9.073087e-18 -0.2752294 0.9613786 4.536544e-18 0.2752294 0.9613786 -0.434697 -0.8628222 -0.258024 -0.1594676 -0.692721 -0.7033546 -0.1536088 -0.9510051 -0.2683162 0.434697 -0.8628222 -0.258024 0.1594676 -0.692721 -0.7033546 0.1536088 -0.9510051 -0.2683162 2.274079e-17 -0.8560697 -0.5168605 -0.434697 0.8628222 -0.258024 -0.1594676 0.692721 -0.7033546 -0.1536088 0.9510051 -0.2683162 0.434697 0.8628222 -0.258024 0.1594676 0.692721 -0.7033546 0.1536088 0.9510051 -0.2683162 0 0.8560697 -0.5168605 0 -0.2752294 -0.9613786 -9.073087e-18 0.2752294 -0.9613786 0.692721 0.7033546 -0.1594676 0.8628222 0.258024 -0.434697 0.5877535 0.682689 -0.4341447 0.692721 -0.7033546 -0.1594676 0.8628222 -0.258024 -0.434697 0.5877535 -0.682689 -0.4341447 0.258024 -0.434697 -0.8628222 0.7033546 -0.1594676 -0.692721 0.4341447 -0.5877535 -0.682689 0.2683162 -0.1536088 -0.9510051 0.682689 -0.4341447 -0.5877535 0.258024 0.434697 -0.8628222 0.7033546 0.1594676 -0.692721 0.4341447 0.5877535 -0.682689 0.2683162 0.1536088 -0.9510051 0.682689 0.4341447 -0.5877535 0.5168605 1.364448e-17 -0.8560697 0.692721 0.7033546 0.1594676 0.8628222 0.258024 0.434697 0.5877535 0.682689 0.4341447 0.8560697 0.5168605 1.364448e-17 0.692721 -0.7033546 0.1594676 0.8628222 -0.258024 0.434697 0.5877535 -0.682689 0.4341447 0.8560697 -0.5168605 1.364448e-17 0.258024 -0.434697 0.8628222 0.7033546 -0.1594676 0.692721 0.4341447 -0.5877535 0.682689 0.2683162 -0.1536088 0.9510051 0.682689 -0.4341447 0.5877535 0.258024 0.434697 0.8628222 0.7033546 0.1594676 0.692721 0.4341447 0.5877535 0.682689 0.2683162 0.1536088 0.9510051 0.682689 0.4341447 0.5877535 0.5168605 1.364448e-17 0.8560697 0.9613786 1.360963e-17 -0.2752294 0.9613786 0 0.2752294 0.9510051 0.2683162 -0.1536088 0.9510051 -0.2683162 -0.1536088 0.9510051 0.2683162 0.1536088 0.9510051 -0.2683162 0.1536088 -0.692721 0.7033546 -0.1594676 -0.8628222 0.258024 -0.434697 -0.5877535 0.682689 -0.4341447 -0.692721 -0.7033546 -0.1594676 -0.8628222 -0.258024 -0.434697 -0.5877535 -0.682689 -0.4341447 -0.258024 -0.434697 -0.8628222 -0.7033546 -0.1594676 -0.692721 -0.4341447 -0.5877535 -0.682689 -0.2683162 -0.1536088 -0.9510051 -0.682689 -0.4341447 -0.5877535 -0.258024 0.434697 -0.8628222 -0.7033546 0.1594676 -0.692721 -0.4341447 0.5877535 -0.682689 -0.2683162 0.1536088 -0.9510051 -0.682689 0.4341447 -0.5877535 -0.5168605 -1.364448e-17 -0.8560697 -0.692721 0.7033546 0.1594676 -0.8628222 0.258024 0.434697 -0.5877535 0.682689 0.4341447 -0.8560697 0.5168605 1.819263e-17 -0.692721 -0.7033546 0.1594676 -0.8628222 -0.258024 0.434697 -0.5877535 -0.682689 0.4341447 -0.8560697 -0.5168605 4.548159e-18 -0.258024 -0.434697 0.8628222 -0.7033546 -0.1594676 0.692721 -0.4341447 -0.5877535 0.682689 -0.2683162 -0.1536088 0.9510051 -0.682689 -0.4341447 0.5877535 -0.258024 0.434697 0.8628222 -0.7033546 0.1594676 0.692721 -0.4341447 0.5877535 0.682689 -0.2683162 0.1536088 0.9510051 -0.682689 0.4341447 0.5877535 -0.5168605 -1.364448e-17 0.8560697 -0.9613786 -1.360963e-17 -0.2752294 -0.9613786 0 0.2752294 -0.9510051 0.2683162 -0.1536088 -0.9510051 -0.2683162 -0.1536088 -0.9510051 0.2683162 0.1536088 -0.9510051 -0.2683162 0.1536088 -0.5257311 0.8506508 -2.266205e-17 0.5257311 0.8506508 -9.064821e-18 -0.5257311 -0.8506508 -9.064821e-18 0.5257311 -0.8506508 -2.266205e-17 0 -0.5257311 0.8506508 0 0.5257311 0.8506508 -2.266205e-18 -0.5257311 -0.8506508 -2.266205e-18 0.5257311 -0.8506508 0.8506508 -4.532411e-18 -0.5257311 0.8506508 -2.266205e-18 0.5257311 -0.8506508 0 -0.5257311 -0.8506508 -4.532411e-18 0.5257311 4.542523e-18 1 -1.362757e-17 -4.542523e-18 -1 -1.362757e-17 -0.309017 -0.809017 0.5 0.309017 -0.809017 0.5 -0.309017 0.809017 0.5 0.309017 0.809017 0.5 0 0 1 -0.309017 -0.809017 -0.5 0.309017 -0.809017 -0.5 -0.309017 0.809017 -0.5 0.309017 0.809017 -0.5 4.542523e-18 0 -1 0.809017 0.5 -0.309017 0.809017 -0.5 -0.309017 0.5 -0.309017 -0.809017 0.5 0.309017 -0.809017 0.809017 0.5 0.309017 0.809017 -0.5 0.309017 0.5 -0.309017 0.809017 0.5 0.309017 0.809017 1 4.542523e-18 0 -0.809017 0.5 -0.309017 -0.809017 -0.5 -0.309017 -0.5 -0.309017 -0.809017 -0.5 0.309017 -0.809017 -0.809017 0.5 0.309017 -0.809017 -0.5 0.309017 -0.5 -0.309017 0.809017 -0.5 0.309017 0.809017 -1 -4.542523e-18 0 -0.2752294 0.9613786 1.814617e-17 0.2752294 0.9613786 -4.536544e-18 -0.2752294 -0.9613786 -4.536544e-18 0.2752294 -0.9613786 1.814617e-17 -0.434697 -0.8628222 0.258024 -0.1594676 -0.692721 0.7033546 -0.1536088 -0.9510051 0.2683162 0.434697 -0.8628222 0.258024 0.1594676 -0.692721 0.7033546 0.1536088 -0.9510051 0.2683162 -4.548159e-18 -0.8560697 0.5168605 -0.434697 0.8628222 0.258024 -0.1594676 0.692721 0.7033546 -0.1536088 0.9510051 0.2683162 0.434697 0.8628222 0.258024 0.1594676 0.692721 0.7033546 0.1536088 0.9510051 0.2683162 4.548159e-18 0.8560697 0.5168605 9.073087e-18 -0.2752294 0.9613786 -9.073087e-18 0.2752294 0.9613786 -0.434697 -0.8628222 -0.258024 -0.1594676 -0.692721 -0.7033546 -0.1536088 -0.9510051 -0.2683162 0.434697 -0.8628222 -0.258024 0.1594676 -0.692721 -0.7033546 0.1536088 -0.9510051 -0.2683162 0 -0.8560697 -0.5168605 -0.434697 0.8628222 -0.258024 -0.1594676 0.692721 -0.7033546 -0.1536088 0.9510051 -0.2683162 0.434697 0.8628222 -0.258024 0.1594676 0.692721 -0.7033546 0.1536088 0.9510051 -0.2683162 0 0.8560697 -0.5168605 0 -0.2752294 -0.9613786 1.360963e-17 0.2752294 -0.9613786 0.692721 0.7033546 -0.1594676 0.8628222 0.258024 -0.434697 0.5877535 0.682689 -0.4341447 0.692721 -0.7033546 -0.1594676 0.8628222 -0.258024 -0.434697 0.5877535 -0.682689 -0.4341447 0.258024 -0.434697 -0.8628222 0.7033546 -0.1594676 -0.692721 0.4341447 -0.5877535 -0.682689 0.2683162 -0.1536088 -0.9510051 0.682689 -0.4341447 -0.5877535 0.258024 0.434697 -0.8628222 0.7033546 0.1594676 -0.692721 0.4341447 0.5877535 -0.682689 0.2683162 0.1536088 -0.9510051 0.682689 0.4341447 -0.5877535 0.5168605 9.096317e-18 -0.8560697 0.692721 0.7033546 0.1594676 0.8628222 0.258024 0.434697 0.5877535 0.682689 0.4341447 0.8560697 0.5168605 0 0.692721 -0.7033546 0.1594676 0.8628222 -0.258024 0.434697 0.5877535 -0.682689 0.4341447 0.8560697 -0.5168605 9.096317e-18 0.258024 -0.434697 0.8628222 0.7033546 -0.1594676 0.692721 0.4341447 -0.5877535 0.682689 0.2683162 -0.1536088 0.9510051 0.682689 -0.4341447 0.5877535 0.258024 0.434697 0.8628222 0.7033546 0.1594676 0.692721 0.4341447 0.5877535 0.682689 0.2683162 0.1536088 0.9510051 0.682689 0.4341447 0.5877535 0.5168605 4.548159e-18 0.8560697 0.9613786 1.814617e-17 -0.2752294 0.9613786 9.073087e-18 0.2752294 0.9510051 0.2683162 -0.1536088 0.9510051 -0.2683162 -0.1536088 0.9510051 0.2683162 0.1536088 0.9510051 -0.2683162 0.1536088 -0.692721 0.7033546 -0.1594676 -0.8628222 0.258024 -0.434697 -0.5877535 0.682689 -0.4341447 -0.692721 -0.7033546 -0.1594676 -0.8628222 -0.258024 -0.434697 -0.5877535 -0.682689 -0.4341447 -0.258024 -0.434697 -0.8628222 -0.7033546 -0.1594676 -0.692721 -0.4341447 -0.5877535 -0.682689 -0.2683162 -0.1536088 -0.9510051 -0.682689 -0.4341447 -0.5877535 -0.258024 0.434697 -0.8628222 -0.7033546 0.1594676 -0.692721 -0.4341447 0.5877535 -0.682689 -0.2683162 0.1536088 -0.9510051 -0.682689 0.4341447 -0.5877535 -0.5168605 -9.096317e-18 -0.8560697 -0.692721 0.7033546 0.1594676 -0.8628222 0.258024 0.434697 -0.5877535 0.682689 0.4341447 -0.8560697 0.5168605 9.096317e-18 -0.692721 -0.7033546 0.1594676 -0.8628222 -0.258024 0.434697 -0.5877535 -0.682689 0.4341447 -0.8560697 -0.5168605 0 -0.258024 -0.434697 0.8628222 -0.7033546 -0.1594676 0.692721 -0.4341447 -0.5877535 0.682689 -0.2683162 -0.1536088 0.9510051 -0.682689 -0.4341447 0.5877535 -0.258024 0.434697 0.8628222 -0.7033546 0.1594676 0.692721 -0.4341447 0.5877535 0.682689 -0.2683162 0.1536088 0.9510051 -0.682689 0.4341447 0.5877535 -0.5168605 -4.548159e-18 0.8560697 -0.9613786 -1.814617e-17 -0.2752294 -0.9613786 -9.073087e-18 0.2752294 -0.9510051 0.2683162 -0.1536088 -0.9510051 -0.2683162 -0.1536088 -0.9510051 0.2683162 0.1536088 -0.9510051 -0.2683162 0.1536088 -0.5257311 0.8506508 -1.359723e-17 0.5257311 0.8506508 -4.532411e-18 -0.5257311 -0.8506508 -4.532411e-18 0.5257311 -0.8506508 -1.359723e-17 -9.064821e-18 -0.5257311 0.8506508 9.064821e-18 0.5257311 0.8506508 6.798616e-18 -0.5257311 -0.8506508 -6.798616e-18 0.5257311 -0.8506508 0.8506508 1.812964e-17 -0.5257311 0.8506508 -1.586344e-17 0.5257311 -0.8506508 -2.266205e-17 -0.5257311 -0.8506508 2.266205e-17 0.5257311 0 1 -4.542523e-18 0 -1 -4.542523e-18 -0.309017 -0.809017 0.5 0.309017 -0.809017 0.5 -0.309017 0.809017 0.5 0.309017 0.809017 0.5 0 0 1 -0.309017 -0.809017 -0.5 0.309017 -0.809017 -0.5 -0.309017 0.809017 -0.5 0.309017 0.809017 -0.5 4.542523e-18 0 -1 0.809017 0.5 -0.309017 0.809017 -0.5 -0.309017 0.5 -0.309017 -0.809017 0.5 0.309017 -0.809017 0.809017 0.5 0.309017 0.809017 -0.5 0.309017 0.5 -0.309017 0.809017 0.5 0.309017 0.809017 1 -1.362757e-17 -4.542523e-18 -0.809017 0.5 -0.309017 -0.809017 -0.5 -0.309017 -0.5 -0.309017 -0.809017 -0.5 0.309017 -0.809017 -0.809017 0.5 0.309017 -0.809017 -0.5 0.309017 -0.5 -0.309017 0.809017 -0.5 0.309017 0.809017 -1 1.362757e-17 -4.542523e-18 -0.2752294 0.9613786 9.073087e-18 0.2752294 0.9613786 0 -0.2752294 -0.9613786 0 0.2752294 -0.9613786 9.073087e-18 -0.434697 -0.8628222 0.258024 -0.1594676 -0.692721 0.7033546 -0.1536088 -0.9510051 0.2683162 0.434697 -0.8628222 0.258024 0.1594676 -0.692721 0.7033546 0.1536088 -0.9510051 0.2683162 0 -0.8560697 0.5168605 -0.434697 0.8628222 0.258024 -0.1594676 0.692721 0.7033546 -0.1536088 0.9510051 0.2683162 0.434697 0.8628222 0.258024 0.1594676 0.692721 0.7033546 0.1536088 0.9510051 0.2683162 0 0.8560697 0.5168605 1.814617e-17 -0.2752294 0.9613786 -4.536544e-18 0.2752294 0.9613786 -0.434697 -0.8628222 -0.258024 -0.1594676 -0.692721 -0.7033546 -0.1536088 -0.9510051 -0.2683162 0.434697 -0.8628222 -0.258024 0.1594676 -0.692721 -0.7033546 0.1536088 -0.9510051 -0.2683162 0 -0.8560697 -0.5168605 -0.434697 0.8628222 -0.258024 -0.1594676 0.692721 -0.7033546 -0.1536088 0.9510051 -0.2683162 0.434697 0.8628222 -0.258024 0.1594676 0.692721 -0.7033546 0.1536088 0.9510051 -0.2683162 0 0.8560697 -0.5168605 9.073087e-18 -0.2752294 -0.9613786 -4.536544e-18 0.2752294 -0.9613786 0.692721 0.7033546 -0.1594676 0.8628222 0.258024 -0.434697 0.5877535 0.682689 -0.4341447 0.692721 -0.7033546 -0.1594676 0.8628222 -0.258024 -0.434697 0.5877535 -0.682689 -0.4341447 0.258024 -0.434697 -0.8628222 0.7033546 -0.1594676 -0.692721 0.4341447 -0.5877535 -0.682689 0.2683162 -0.1536088 -0.9510051 0.682689 -0.4341447 -0.5877535 0.258024 0.434697 -0.8628222 0.7033546 0.1594676 -0.692721 0.4341447 0.5877535 -0.682689 0.2683162 0.1536088 -0.9510051 0.682689 0.4341447 -0.5877535 0.5168605 0 -0.8560697 0.692721 0.7033546 0.1594676 0.8628222 0.258024 0.434697 0.5877535 0.682689 0.4341447 0.8560697 0.5168605 1.364448e-17 0.692721 -0.7033546 0.1594676 0.8628222 -0.258024 0.434697 0.5877535 -0.682689 0.4341447 0.8560697 -0.5168605 2.728895e-17 0.258024 -0.434697 0.8628222 0.7033546 -0.1594676 0.692721 0.4341447 -0.5877535 0.682689 0.2683162 -0.1536088 0.9510051 0.682689 -0.4341447 0.5877535 0.258024 0.434697 0.8628222 0.7033546 0.1594676 0.692721 0.4341447 0.5877535 0.682689 0.2683162 0.1536088 0.9510051 0.682689 0.4341447 0.5877535 0.5168605 0 0.8560697 0.9613786 0 -0.2752294 0.9613786 -9.073087e-18 0.2752294 0.9510051 0.2683162 -0.1536088 0.9510051 -0.2683162 -0.1536088 0.9510051 0.2683162 0.1536088 0.9510051 -0.2683162 0.1536088 -0.692721 0.7033546 -0.1594676 -0.8628222 0.258024 -0.434697 -0.5877535 0.682689 -0.4341447 -0.692721 -0.7033546 -0.1594676 -0.8628222 -0.258024 -0.434697 -0.5877535 -0.682689 -0.4341447 -0.258024 -0.434697 -0.8628222 -0.7033546 -0.1594676 -0.692721 -0.4341447 -0.5877535 -0.682689 -0.2683162 -0.1536088 -0.9510051 -0.682689 -0.4341447 -0.5877535 -0.258024 0.434697 -0.8628222 -0.7033546 0.1594676 -0.692721 -0.4341447 0.5877535 -0.682689 -0.2683162 0.1536088 -0.9510051 -0.682689 0.4341447 -0.5877535 -0.5168605 0 -0.8560697 -0.692721 0.7033546 0.1594676 -0.8628222 0.258024 0.434697 -0.5877535 0.682689 0.4341447 -0.8560697 0.5168605 2.728895e-17 -0.692721 -0.7033546 0.1594676 -0.8628222 -0.258024 0.434697 -0.5877535 -0.682689 0.4341447 -0.8560697 -0.5168605 1.364448e-17 -0.258024 -0.434697 0.8628222 -0.7033546 -0.1594676 0.692721 -0.4341447 -0.5877535 0.682689 -0.2683162 -0.1536088 0.9510051 -0.682689 -0.4341447 0.5877535 -0.258024 0.434697 0.8628222 -0.7033546 0.1594676 0.692721 -0.4341447 0.5877535 0.682689 -0.2683162 0.1536088 0.9510051 -0.682689 0.4341447 0.5877535 -0.5168605 0 0.8560697 -0.9613786 0 -0.2752294 -0.9613786 9.073087e-18 0.2752294 -0.9510051 0.2683162 -0.1536088 -0.9510051 -0.2683162 -0.1536088 -0.9510051 0.2683162 0.1536088 -0.9510051 -0.2683162 0.1536088 -0.5257311 0.8506508 -1.359723e-17 0.5257311 0.8506508 0 -0.5257311 -0.8506508 -1.359723e-17 0.5257311 -0.8506508 1.359723e-17 0 -0.5257311 0.8506508 0 0.5257311 0.8506508 6.798616e-18 -0.5257311 -0.8506508 0 0.5257311 -0.8506508 0.8506508 -1.812964e-17 -0.5257311 0.8506508 -2.266205e-17 0.5257311 -0.8506508 -2.266205e-17 -0.5257311 -0.8506508 -1.812964e-17 0.5257311 4.542523e-18 1 1.362757e-17 -4.542523e-18 -1 1.362757e-17 -0.309017 -0.809017 0.5 0.309017 -0.809017 0.5 -0.309017 0.809017 0.5 0.309017 0.809017 0.5 -9.085045e-18 3.179766e-17 1 -0.309017 -0.809017 -0.5 0.309017 -0.809017 -0.5 -0.309017 0.809017 -0.5 0.309017 0.809017 -0.5 -1.362757e-17 3.179766e-17 -1 0.809017 0.5 -0.309017 0.809017 -0.5 -0.309017 0.5 -0.309017 -0.809017 0.5 0.309017 -0.809017 0.809017 0.5 0.309017 0.809017 -0.5 0.309017 0.5 -0.309017 0.809017 0.5 0.309017 0.809017 1 5.451027e-17 -4.542523e-18 -0.809017 0.5 -0.309017 -0.809017 -0.5 -0.309017 -0.5 -0.309017 -0.809017 -0.5 0.309017 -0.809017 -0.809017 0.5 0.309017 -0.809017 -0.5 0.309017 -0.5 -0.309017 0.809017 -0.5 0.309017 0.809017 -1 6.813784e-17 4.542523e-18 -0.2752294 0.9613786 4.536544e-18 0.2752294 0.9613786 -4.536544e-18 -0.2752294 -0.9613786 -4.536544e-18 0.2752294 -0.9613786 4.536544e-18 -0.434697 -0.8628222 0.258024 -0.1594676 -0.692721 0.7033546 -0.1536088 -0.9510051 0.2683162 0.434697 -0.8628222 0.258024 0.1594676 -0.692721 0.7033546 0.1536088 -0.9510051 0.2683162 -9.096317e-18 -0.8560697 0.5168605 -0.434697 0.8628222 0.258024 -0.1594676 0.692721 0.7033546 -0.1536088 0.9510051 0.2683162 0.434697 0.8628222 0.258024 0.1594676 0.692721 0.7033546 0.1536088 0.9510051 0.2683162 9.096317e-18 0.8560697 0.5168605 -4.536544e-18 -0.2752294 0.9613786 4.536544e-18 0.2752294 0.9613786 -0.434697 -0.8628222 -0.258024 -0.1594676 -0.692721 -0.7033546 -0.1536088 -0.9510051 -0.2683162 0.434697 -0.8628222 -0.258024 0.1594676 -0.692721 -0.7033546 0.1536088 -0.9510051 -0.2683162 -4.548159e-18 -0.8560697 -0.5168605 -0.434697 0.8628222 -0.258024 -0.1594676 0.692721 -0.7033546 -0.1536088 0.9510051 -0.2683162 0.434697 0.8628222 -0.258024 0.1594676 0.692721 -0.7033546 0.1536088 0.9510051 -0.2683162 4.548159e-18 0.8560697 -0.5168605 4.536544e-18 -0.2752294 -0.9613786 4.536544e-18 0.2752294 -0.9613786 0.692721 0.7033546 -0.1594676 0.8628222 0.258024 -0.434697 0.5877535 0.682689 -0.4341447 0.692721 -0.7033546 -0.1594676 0.8628222 -0.258024 -0.434697 0.5877535 -0.682689 -0.4341447 0.258024 -0.434697 -0.8628222 0.7033546 -0.1594676 -0.692721 0.4341447 -0.5877535 -0.682689 0.2683162 -0.1536088 -0.9510051 0.682689 -0.4341447 -0.5877535 0.258024 0.434697 -0.8628222 0.7033546 0.1594676 -0.692721 0.4341447 0.5877535 -0.682689 0.2683162 0.1536088 -0.9510051 0.682689 0.4341447 -0.5877535 0.5168605 -9.096317e-18 -0.8560697 0.692721 0.7033546 0.1594676 0.8628222 0.258024 0.434697 0.5877535 0.682689 0.4341447 0.8560697 0.5168605 4.548159e-18 0.692721 -0.7033546 0.1594676 0.8628222 -0.258024 0.434697 0.5877535 -0.682689 0.4341447 0.8560697 -0.5168605 1.819263e-17 0.258024 -0.434697 0.8628222 0.7033546 -0.1594676 0.692721 0.4341447 -0.5877535 0.682689 0.2683162 -0.1536088 0.9510051 0.682689 -0.4341447 0.5877535 0.258024 0.434697 0.8628222 0.7033546 0.1594676 0.692721 0.4341447 0.5877535 0.682689 0.2683162 0.1536088 0.9510051 0.682689 0.4341447 0.5877535 0.5168605 -1.364448e-17 0.8560697 0.9613786 4.082889e-17 -0.2752294 0.9613786 3.175581e-17 0.2752294 0.9510051 0.2683162 -0.1536088 0.9510051 -0.2683162 -0.1536088 0.9510051 0.2683162 0.1536088 0.9510051 -0.2683162 0.1536088 -0.692721 0.7033546 -0.1594676 -0.8628222 0.258024 -0.434697 -0.5877535 0.682689 -0.4341447 -0.692721 -0.7033546 -0.1594676 -0.8628222 -0.258024 -0.434697 -0.5877535 -0.682689 -0.4341447 -0.258024 -0.434697 -0.8628222 -0.7033546 -0.1594676 -0.692721 -0.4341447 -0.5877535 -0.682689 -0.2683162 -0.1536088 -0.9510051 -0.682689 -0.4341447 -0.5877535 -0.258024 0.434697 -0.8628222 -0.7033546 0.1594676 -0.692721 -0.4341447 0.5877535 -0.682689 -0.2683162 0.1536088 -0.9510051 -0.682689 0.4341447 -0.5877535 -0.5168605 -2.728895e-17 -0.8560697 -0.692721 0.7033546 0.1594676 -0.8628222 0.258024 0.434697 -0.5877535 0.682689 0.4341447 -0.8560697 0.5168605 9.096317e-18 -0.692721 -0.7033546 0.1594676 -0.8628222 -0.258024 0.434697 -0.5877535 -0.682689 0.4341447 -0.8560697 -0.5168605 4.548159e-18 -0.258024 -0.434697 0.8628222 -0.7033546 -0.1594676 0.692721 -0.4341447 -0.5877535 0.682689 -0.2683162 -0.1536088 0.9510051 -0.682689 -0.4341447 0.5877535 -0.258024 0.434697 0.8628222 -0.7033546 0.1594676 0.692721 -0.4341447 0.5877535 0.682689 -0.2683162 0.1536088 0.9510051 -0.682689 0.4341447 0.5877535 -0.5168605 -2.728895e-17 0.8560697 -0.9613786 1.360963e-17 -0.2752294 -0.9613786 2.721926e-17 0.2752294 -0.9510051 0.2683162 -0.1536088 -0.9510051 -0.2683162 -0.1536088 -0.9510051 0.2683162 0.1536088 -0.9510051 -0.2683162 0.1536088 -0.5257311 0.8506508 0 0.5257311 0.8506508 -1.359723e-17 -0.5257311 -0.8506508 -1.359723e-17 0.5257311 -0.8506508 0 0 -0.5257311 0.8506508 0 0.5257311 0.8506508 -2.266205e-18 -0.5257311 -0.8506508 -2.266205e-18 0.5257311 -0.8506508 0.8506508 -9.064821e-18 -0.5257311 0.8506508 6.798616e-18 0.5257311 -0.8506508 -4.532411e-18 -0.5257311 -0.8506508 4.532411e-18 0.5257311 4.542523e-18 1 4.542523e-18 -4.542523e-18 -1 4.542523e-18 -0.309017 -0.809017 0.5 0.309017 -0.809017 0.5 -0.309017 0.809017 0.5 0.309017 0.809017 0.5 0 0 1 -0.309017 -0.809017 -0.5 0.309017 -0.809017 -0.5 -0.309017 0.809017 -0.5 0.309017 0.809017 -0.5 -4.542523e-18 0 -1 0.809017 0.5 -0.309017 0.809017 -0.5 -0.309017 0.5 -0.309017 -0.809017 0.5 0.309017 -0.809017 0.809017 0.5 0.309017 0.809017 -0.5 0.309017 0.5 -0.309017 0.809017 0.5 0.309017 0.809017 1 4.542523e-18 0 -0.809017 0.5 -0.309017 -0.809017 -0.5 -0.309017 -0.5 -0.309017 -0.809017 -0.5 0.309017 -0.809017 -0.809017 0.5 0.309017 -0.809017 -0.5 0.309017 -0.5 -0.309017 0.809017 -0.5 0.309017 0.809017 -1 1.362757e-17 -4.542523e-18 -0.2752294 0.9613786 -9.073087e-18 0.2752294 0.9613786 -9.073087e-18 -0.2752294 -0.9613786 -9.073087e-18 0.2752294 -0.9613786 -9.073087e-18 -0.434697 -0.8628222 0.258024 -0.1594676 -0.692721 0.7033546 -0.1536088 -0.9510051 0.2683162 0.434697 -0.8628222 0.258024 0.1594676 -0.692721 0.7033546 0.1536088 -0.9510051 0.2683162 -9.096317e-18 -0.8560697 0.5168605 -0.434697 0.8628222 0.258024 -0.1594676 0.692721 0.7033546 -0.1536088 0.9510051 0.2683162 0.434697 0.8628222 0.258024 0.1594676 0.692721 0.7033546 0.1536088 0.9510051 0.2683162 9.096317e-18 0.8560697 0.5168605 0 -0.2752294 0.9613786 -4.536544e-18 0.2752294 0.9613786 -0.434697 -0.8628222 -0.258024 -0.1594676 -0.692721 -0.7033546 -0.1536088 -0.9510051 -0.2683162 0.434697 -0.8628222 -0.258024 0.1594676 -0.692721 -0.7033546 0.1536088 -0.9510051 -0.2683162 2.274079e-17 -0.8560697 -0.5168605 -0.434697 0.8628222 -0.258024 -0.1594676 0.692721 -0.7033546 -0.1536088 0.9510051 -0.2683162 0.434697 0.8628222 -0.258024 0.1594676 0.692721 -0.7033546 0.1536088 0.9510051 -0.2683162 -2.274079e-17 0.8560697 -0.5168605 9.073087e-18 -0.2752294 -0.9613786 0 0.2752294 -0.9613786 0.692721 0.7033546 -0.1594676 0.8628222 0.258024 -0.434697 0.5877535 0.682689 -0.4341447 0.692721 -0.7033546 -0.1594676 0.8628222 -0.258024 -0.434697 0.5877535 -0.682689 -0.4341447 0.258024 -0.434697 -0.8628222 0.7033546 -0.1594676 -0.692721 0.4341447 -0.5877535 -0.682689 0.2683162 -0.1536088 -0.9510051 0.682689 -0.4341447 -0.5877535 0.258024 0.434697 -0.8628222 0.7033546 0.1594676 -0.692721 0.4341447 0.5877535 -0.682689 0.2683162 0.1536088 -0.9510051 0.682689 0.4341447 -0.5877535 0.5168605 9.096317e-18 -0.8560697 0.692721 0.7033546 0.1594676 0.8628222 0.258024 0.434697 0.5877535 0.682689 0.4341447 0.8560697 0.5168605 1.364448e-17 0.692721 -0.7033546 0.1594676 0.8628222 -0.258024 0.434697 0.5877535 -0.682689 0.4341447 0.8560697 -0.5168605 1.819263e-17 0.258024 -0.434697 0.8628222 0.7033546 -0.1594676 0.692721 0.4341447 -0.5877535 0.682689 0.2683162 -0.1536088 0.9510051 0.682689 -0.4341447 0.5877535 0.258024 0.434697 0.8628222 0.7033546 0.1594676 0.692721 0.4341447 0.5877535 0.682689 0.2683162 0.1536088 0.9510051 0.682689 0.4341447 0.5877535 0.5168605 0 0.8560697 0.9613786 1.814617e-17 -0.2752294 0.9613786 9.073087e-18 0.2752294 0.9510051 0.2683162 -0.1536088 0.9510051 -0.2683162 -0.1536088 0.9510051 0.2683162 0.1536088 0.9510051 -0.2683162 0.1536088 -0.692721 0.7033546 -0.1594676 -0.8628222 0.258024 -0.434697 -0.5877535 0.682689 -0.4341447 -0.692721 -0.7033546 -0.1594676 -0.8628222 -0.258024 -0.434697 -0.5877535 -0.682689 -0.4341447 -0.258024 -0.434697 -0.8628222 -0.7033546 -0.1594676 -0.692721 -0.4341447 -0.5877535 -0.682689 -0.2683162 -0.1536088 -0.9510051 -0.682689 -0.4341447 -0.5877535 -0.258024 0.434697 -0.8628222 -0.7033546 0.1594676 -0.692721 -0.4341447 0.5877535 -0.682689 -0.2683162 0.1536088 -0.9510051 -0.682689 0.4341447 -0.5877535 -0.5168605 -9.096317e-18 -0.8560697 -0.692721 0.7033546 0.1594676 -0.8628222 0.258024 0.434697 -0.5877535 0.682689 0.4341447 -0.8560697 0.5168605 1.819263e-17 -0.692721 -0.7033546 0.1594676 -0.8628222 -0.258024 0.434697 -0.5877535 -0.682689 0.4341447 -0.8560697 -0.5168605 9.096317e-18 -0.258024 -0.434697 0.8628222 -0.7033546 -0.1594676 0.692721 -0.4341447 -0.5877535 0.682689 -0.2683162 -0.1536088 0.9510051 -0.682689 -0.4341447 0.5877535 -0.258024 0.434697 0.8628222 -0.7033546 0.1594676 0.692721 -0.4341447 0.5877535 0.682689 -0.2683162 0.1536088 0.9510051 -0.682689 0.4341447 0.5877535 -0.5168605 0 0.8560697 -0.9613786 -1.360963e-17 -0.2752294 -0.9613786 0 0.2752294 -0.9510051 0.2683162 -0.1536088 -0.9510051 -0.2683162 -0.1536088 -0.9510051 0.2683162 0.1536088 -0.9510051 -0.2683162 0.1536088 -0.5257311 0.8506508 -9.064821e-18 0.5257311 0.8506508 -9.064821e-18 -0.5257311 -0.8506508 -9.064821e-18 0.5257311 -0.8506508 -2.266205e-17 0 -0.5257311 0.8506508 0 0.5257311 0.8506508 6.798616e-18 -0.5257311 -0.8506508 -4.532411e-18 0.5257311 -0.8506508 0.8506508 4.532411e-18 -0.5257311 0.8506508 -6.798616e-18 0.5257311 -0.8506508 0 -0.5257311 -0.8506508 4.532411e-18 0.5257311 4.542523e-18 1 -2.271261e-17 -4.542523e-18 -1 -1.362757e-17 -0.309017 -0.809017 0.5 0.309017 -0.809017 0.5 -0.309017 0.809017 0.5 0.309017 0.809017 0.5 0 0 1 -0.309017 -0.809017 -0.5 0.309017 -0.809017 -0.5 -0.309017 0.809017 -0.5 0.309017 0.809017 -0.5 4.542523e-18 0 -1 0.809017 0.5 -0.309017 0.809017 -0.5 -0.309017 0.5 -0.309017 -0.809017 0.5 0.309017 -0.809017 0.809017 0.5 0.309017 0.809017 -0.5 0.309017 0.5 -0.309017 0.809017 0.5 0.309017 0.809017 1 4.542523e-18 0 -0.809017 0.5 -0.309017 -0.809017 -0.5 -0.309017 -0.5 -0.309017 -0.809017 -0.5 0.309017 -0.809017 -0.809017 0.5 0.309017 -0.809017 -0.5 0.309017 -0.5 -0.309017 0.809017 -0.5 0.309017 0.809017 -1 -4.542523e-18 0 -0.2752294 0.9613786 -1.360963e-17 0.2752294 0.9613786 -1.814617e-17 -0.2752294 -0.9613786 -4.536544e-18 0.2752294 -0.9613786 1.814617e-17 -0.434697 -0.8628222 0.258024 -0.1594676 -0.692721 0.7033546 -0.1536088 -0.9510051 0.2683162 0.434697 -0.8628222 0.258024 0.1594676 -0.692721 0.7033546 0.1536088 -0.9510051 0.2683162 -4.548159e-18 -0.8560697 0.5168605 -0.434697 0.8628222 0.258024 -0.1594676 0.692721 0.7033546 -0.1536088 0.9510051 0.2683162 0.434697 0.8628222 0.258024 0.1594676 0.692721 0.7033546 0.1536088 0.9510051 0.2683162 -9.096317e-18 0.8560697 0.5168605 -4.536544e-18 -0.2752294 0.9613786 0 0.2752294 0.9613786 -0.434697 -0.8628222 -0.258024 -0.1594676 -0.692721 -0.7033546 -0.1536088 -0.9510051 -0.2683162 0.434697 -0.8628222 -0.258024 0.1594676 -0.692721 -0.7033546 0.1536088 -0.9510051 -0.2683162 0 -0.8560697 -0.5168605 -0.434697 0.8628222 -0.258024 -0.1594676 0.692721 -0.7033546 -0.1536088 0.9510051 -0.2683162 0.434697 0.8628222 -0.258024 0.1594676 0.692721 -0.7033546 0.1536088 0.9510051 -0.2683162 -4.548159e-18 0.8560697 -0.5168605 4.536544e-18 -0.2752294 -0.9613786 -9.073087e-18 0.2752294 -0.9613786 0.692721 0.7033546 -0.1594676 0.8628222 0.258024 -0.434697 0.5877535 0.682689 -0.4341447 0.692721 -0.7033546 -0.1594676 0.8628222 -0.258024 -0.434697 0.5877535 -0.682689 -0.4341447 0.258024 -0.434697 -0.8628222 0.7033546 -0.1594676 -0.692721 0.4341447 -0.5877535 -0.682689 0.2683162 -0.1536088 -0.9510051 0.682689 -0.4341447 -0.5877535 0.258024 0.434697 -0.8628222 0.7033546 0.1594676 -0.692721 0.4341447 0.5877535 -0.682689 0.2683162 0.1536088 -0.9510051 0.682689 0.4341447 -0.5877535 0.5168605 9.096317e-18 -0.8560697 0.692721 0.7033546 0.1594676 0.8628222 0.258024 0.434697 0.5877535 0.682689 0.4341447 0.8560697 0.5168605 1.364448e-17 0.692721 -0.7033546 0.1594676 0.8628222 -0.258024 0.434697 0.5877535 -0.682689 0.4341447 0.8560697 -0.5168605 2.274079e-17 0.258024 -0.434697 0.8628222 0.7033546 -0.1594676 0.692721 0.4341447 -0.5877535 0.682689 0.2683162 -0.1536088 0.9510051 0.682689 -0.4341447 0.5877535 0.258024 0.434697 0.8628222 0.7033546 0.1594676 0.692721 0.4341447 0.5877535 0.682689 0.2683162 0.1536088 0.9510051 0.682689 0.4341447 0.5877535 0.5168605 0 0.8560697 0.9613786 1.814617e-17 -0.2752294 0.9613786 9.073087e-18 0.2752294 0.9510051 0.2683162 -0.1536088 0.9510051 -0.2683162 -0.1536088 0.9510051 0.2683162 0.1536088 0.9510051 -0.2683162 0.1536088 -0.692721 0.7033546 -0.1594676 -0.8628222 0.258024 -0.434697 -0.5877535 0.682689 -0.4341447 -0.692721 -0.7033546 -0.1594676 -0.8628222 -0.258024 -0.434697 -0.5877535 -0.682689 -0.4341447 -0.258024 -0.434697 -0.8628222 -0.7033546 -0.1594676 -0.692721 -0.4341447 -0.5877535 -0.682689 -0.2683162 -0.1536088 -0.9510051 -0.682689 -0.4341447 -0.5877535 -0.258024 0.434697 -0.8628222 -0.7033546 0.1594676 -0.692721 -0.4341447 0.5877535 -0.682689 -0.2683162 0.1536088 -0.9510051 -0.682689 0.4341447 -0.5877535 -0.5168605 -9.096317e-18 -0.8560697 -0.692721 0.7033546 0.1594676 -0.8628222 0.258024 0.434697 -0.5877535 0.682689 0.4341447 -0.8560697 0.5168605 2.274079e-17 -0.692721 -0.7033546 0.1594676 -0.8628222 -0.258024 0.434697 -0.5877535 -0.682689 0.4341447 -0.8560697 -0.5168605 1.364448e-17 -0.258024 -0.434697 0.8628222 -0.7033546 -0.1594676 0.692721 -0.4341447 -0.5877535 0.682689 -0.2683162 -0.1536088 0.9510051 -0.682689 -0.4341447 0.5877535 -0.258024 0.434697 0.8628222 -0.7033546 0.1594676 0.692721 -0.4341447 0.5877535 0.682689 -0.2683162 0.1536088 0.9510051 -0.682689 0.4341447 0.5877535 -0.5168605 0 0.8560697 -0.9613786 -1.814617e-17 -0.2752294 -0.9613786 -9.073087e-18 0.2752294 -0.9510051 0.2683162 -0.1536088 -0.9510051 -0.2683162 -0.1536088 -0.9510051 0.2683162 0.1536088 -0.9510051 -0.2683162 0.1536088 -0.5257311 0.8506508 -2.266205e-17 0.5257311 0.8506508 -9.064821e-18 -0.5257311 -0.8506508 -9.064821e-18 0.5257311 -0.8506508 -9.064821e-18 1.359723e-17 -0.5257311 0.8506508 0 0.5257311 0.8506508 6.798616e-18 -0.5257311 -0.8506508 -2.266205e-18 0.5257311 -0.8506508 0.8506508 -5.438893e-17 -0.5257311 0.8506508 -5.212272e-17 0.5257311 -0.8506508 -5.892134e-17 -0.5257311 -0.8506508 -5.438893e-17 0.5257311 4.542523e-18 1 -1.362757e-17 -4.542523e-18 -1 -2.271261e-17 -0.309017 -0.809017 0.5 0.309017 -0.809017 0.5 -0.309017 0.809017 0.5 0.309017 0.809017 0.5 1.817009e-17 9.085045e-18 1 -0.309017 -0.809017 -0.5 0.309017 -0.809017 -0.5 -0.309017 0.809017 -0.5 0.309017 0.809017 -0.5 -4.542523e-18 3.179766e-17 -1 0.809017 0.5 -0.309017 0.809017 -0.5 -0.309017 0.5 -0.309017 -0.809017 0.5 0.309017 -0.809017 0.809017 0.5 0.309017 0.809017 -0.5 0.309017 0.5 -0.309017 0.809017 0.5 0.309017 0.809017 1 4.542523e-18 0 -0.809017 0.5 -0.309017 -0.809017 -0.5 -0.309017 -0.5 -0.309017 -0.809017 -0.5 0.309017 -0.809017 -0.809017 0.5 0.309017 -0.809017 -0.5 0.309017 -0.5 -0.309017 0.809017 -0.5 0.309017 0.809017 -1 -4.542523e-18 0 -0.2752294 0.9613786 1.814617e-17 0.2752294 0.9613786 -4.536544e-18 -0.2752294 -0.9613786 -1.814617e-17 0.2752294 -0.9613786 -1.360963e-17 -0.434697 -0.8628222 0.258024 -0.1594676 -0.692721 0.7033546 -0.1536088 -0.9510051 0.2683162 0.434697 -0.8628222 0.258024 0.1594676 -0.692721 0.7033546 0.1536088 -0.9510051 0.2683162 -4.548159e-18 -0.8560697 0.5168605 -0.434697 0.8628222 0.258024 -0.1594676 0.692721 0.7033546 -0.1536088 0.9510051 0.2683162 0.434697 0.8628222 0.258024 0.1594676 0.692721 0.7033546 0.1536088 0.9510051 0.2683162 0 0.8560697 0.5168605 -1.814617e-17 -0.2752294 0.9613786 0 0.2752294 0.9613786 -0.434697 -0.8628222 -0.258024 -0.1594676 -0.692721 -0.7033546 -0.1536088 -0.9510051 -0.2683162 0.434697 -0.8628222 -0.258024 0.1594676 -0.692721 -0.7033546 0.1536088 -0.9510051 -0.2683162 4.548159e-18 -0.8560697 -0.5168605 -0.434697 0.8628222 -0.258024 -0.1594676 0.692721 -0.7033546 -0.1536088 0.9510051 -0.2683162 0.434697 0.8628222 -0.258024 0.1594676 0.692721 -0.7033546 0.1536088 0.9510051 -0.2683162 0 0.8560697 -0.5168605 4.536544e-18 -0.2752294 -0.9613786 1.360963e-17 0.2752294 -0.9613786 0.692721 0.7033546 -0.1594676 0.8628222 0.258024 -0.434697 0.5877535 0.682689 -0.4341447 0.692721 -0.7033546 -0.1594676 0.8628222 -0.258024 -0.434697 0.5877535 -0.682689 -0.4341447 0.258024 -0.434697 -0.8628222 0.7033546 -0.1594676 -0.692721 0.4341447 -0.5877535 -0.682689 0.2683162 -0.1536088 -0.9510051 0.682689 -0.4341447 -0.5877535 0.258024 0.434697 -0.8628222 0.7033546 0.1594676 -0.692721 0.4341447 0.5877535 -0.682689 0.2683162 0.1536088 -0.9510051 0.682689 0.4341447 -0.5877535 0.5168605 -4.093343e-17 -0.8560697 0.692721 0.7033546 0.1594676 0.8628222 0.258024 0.434697 0.5877535 0.682689 0.4341447 0.8560697 0.5168605 0 0.692721 -0.7033546 0.1594676 0.8628222 -0.258024 0.434697 0.5877535 -0.682689 0.4341447 0.8560697 -0.5168605 9.096317e-18 0.258024 -0.434697 0.8628222 0.7033546 -0.1594676 0.692721 0.4341447 -0.5877535 0.682689 0.2683162 -0.1536088 0.9510051 0.682689 -0.4341447 0.5877535 0.258024 0.434697 0.8628222 0.7033546 0.1594676 0.692721 0.4341447 0.5877535 0.682689 0.2683162 0.1536088 0.9510051 0.682689 0.4341447 0.5877535 0.5168605 -5.45779e-17 0.8560697 0.9613786 1.814617e-17 -0.2752294 0.9613786 9.073087e-18 0.2752294 0.9510051 0.2683162 -0.1536088 0.9510051 -0.2683162 -0.1536088 0.9510051 0.2683162 0.1536088 0.9510051 -0.2683162 0.1536088 -0.692721 0.7033546 -0.1594676 -0.8628222 0.258024 -0.434697 -0.5877535 0.682689 -0.4341447 -0.692721 -0.7033546 -0.1594676 -0.8628222 -0.258024 -0.434697 -0.5877535 -0.682689 -0.4341447 -0.258024 -0.434697 -0.8628222 -0.7033546 -0.1594676 -0.692721 -0.4341447 -0.5877535 -0.682689 -0.2683162 -0.1536088 -0.9510051 -0.682689 -0.4341447 -0.5877535 -0.258024 0.434697 -0.8628222 -0.7033546 0.1594676 -0.692721 -0.4341447 0.5877535 -0.682689 -0.2683162 0.1536088 -0.9510051 -0.682689 0.4341447 -0.5877535 -0.5168605 -7.277054e-17 -0.8560697 -0.692721 0.7033546 0.1594676 -0.8628222 0.258024 0.434697 -0.5877535 0.682689 0.4341447 -0.8560697 0.5168605 9.096317e-18 -0.692721 -0.7033546 0.1594676 -0.8628222 -0.258024 0.434697 -0.5877535 -0.682689 0.4341447 -0.8560697 -0.5168605 0 -0.258024 -0.434697 0.8628222 -0.7033546 -0.1594676 0.692721 -0.4341447 -0.5877535 0.682689 -0.2683162 -0.1536088 0.9510051 -0.682689 -0.4341447 0.5877535 -0.258024 0.434697 0.8628222 -0.7033546 0.1594676 0.692721 -0.4341447 0.5877535 0.682689 -0.2683162 0.1536088 0.9510051 -0.682689 0.4341447 0.5877535 -0.5168605 -5.45779e-17 0.8560697 -0.9613786 -1.814617e-17 -0.2752294 -0.9613786 -9.073087e-18 0.2752294 -0.9510051 0.2683162 -0.1536088 -0.9510051 -0.2683162 -0.1536088 -0.9510051 0.2683162 0.1536088 -0.9510051 -0.2683162 0.1536088 -0.5257311 0.8506508 -1.812964e-17 0.5257311 0.8506508 0 -0.5257311 -0.8506508 0 0.5257311 -0.8506508 -1.359723e-17 9.064821e-18 -0.5257311 0.8506508 9.064821e-18 0.5257311 0.8506508 2.266205e-18 -0.5257311 -0.8506508 2.266205e-18 0.5257311 -0.8506508 0.8506508 -4.532411e-17 -0.5257311 0.8506508 -6.798616e-17 0.5257311 -0.8506508 -6.798616e-17 -0.5257311 -0.8506508 -4.532411e-17 0.5257311 -4.542523e-18 1 -4.542523e-18 9.085045e-18 -1 4.542523e-18 -0.309017 -0.809017 0.5 0.309017 -0.809017 0.5 -0.309017 0.809017 0.5 0.309017 0.809017 0.5 9.085045e-18 2.271261e-17 1 -0.309017 -0.809017 -0.5 0.309017 -0.809017 -0.5 -0.309017 0.809017 -0.5 0.309017 0.809017 -0.5 4.542523e-18 1.362757e-17 -1 0.809017 0.5 -0.309017 0.809017 -0.5 -0.309017 0.5 -0.309017 -0.809017 0.5 0.309017 -0.809017 0.809017 0.5 0.309017 0.809017 -0.5 0.309017 0.5 -0.309017 0.809017 0.5 0.309017 0.809017 1 0 -1.362757e-17 -0.809017 0.5 -0.309017 -0.809017 -0.5 -0.309017 -0.5 -0.309017 -0.809017 -0.5 0.309017 -0.809017 -0.809017 0.5 0.309017 -0.809017 -0.5 0.309017 -0.5 -0.309017 0.809017 -0.5 0.309017 0.809017 -1 0 -1.362757e-17 -0.2752294 0.9613786 9.073087e-18 0.2752294 0.9613786 0 -0.2752294 -0.9613786 9.073087e-18 0.2752294 -0.9613786 -1.360963e-17 -0.434697 -0.8628222 0.258024 -0.1594676 -0.692721 0.7033546 -0.1536088 -0.9510051 0.2683162 0.434697 -0.8628222 0.258024 0.1594676 -0.692721 0.7033546 0.1536088 -0.9510051 0.2683162 -4.548159e-18 -0.8560697 0.5168605 -0.434697 0.8628222 0.258024 -0.1594676 0.692721 0.7033546 -0.1536088 0.9510051 0.2683162 0.434697 0.8628222 0.258024 0.1594676 0.692721 0.7033546 0.1536088 0.9510051 0.2683162 4.548159e-18 0.8560697 0.5168605 -4.536544e-18 -0.2752294 0.9613786 -4.536544e-18 0.2752294 0.9613786 -0.434697 -0.8628222 -0.258024 -0.1594676 -0.692721 -0.7033546 -0.1536088 -0.9510051 -0.2683162 0.434697 -0.8628222 -0.258024 0.1594676 -0.692721 -0.7033546 0.1536088 -0.9510051 -0.2683162 1.819263e-17 -0.8560697 -0.5168605 -0.434697 0.8628222 -0.258024 -0.1594676 0.692721 -0.7033546 -0.1536088 0.9510051 -0.2683162 0.434697 0.8628222 -0.258024 0.1594676 0.692721 -0.7033546 0.1536088 0.9510051 -0.2683162 0 0.8560697 -0.5168605 0 -0.2752294 -0.9613786 -1.360963e-17 0.2752294 -0.9613786 0.692721 0.7033546 -0.1594676 0.8628222 0.258024 -0.434697 0.5877535 0.682689 -0.4341447 0.692721 -0.7033546 -0.1594676 0.8628222 -0.258024 -0.434697 0.5877535 -0.682689 -0.4341447 0.258024 -0.434697 -0.8628222 0.7033546 -0.1594676 -0.692721 0.4341447 -0.5877535 -0.682689 0.2683162 -0.1536088 -0.9510051 0.682689 -0.4341447 -0.5877535 0.258024 0.434697 -0.8628222 0.7033546 0.1594676 -0.692721 0.4341447 0.5877535 -0.682689 0.2683162 0.1536088 -0.9510051 0.682689 0.4341447 -0.5877535 0.5168605 -3.638527e-17 -0.8560697 0.692721 0.7033546 0.1594676 0.8628222 0.258024 0.434697 0.5877535 0.682689 0.4341447 0.8560697 0.5168605 0 0.692721 -0.7033546 0.1594676 0.8628222 -0.258024 0.434697 0.5877535 -0.682689 0.4341447 0.8560697 -0.5168605 2.728895e-17 0.258024 -0.434697 0.8628222 0.7033546 -0.1594676 0.692721 0.4341447 -0.5877535 0.682689 0.2683162 -0.1536088 0.9510051 0.682689 -0.4341447 0.5877535 0.258024 0.434697 0.8628222 0.7033546 0.1594676 0.692721 0.4341447 0.5877535 0.682689 0.2683162 0.1536088 0.9510051 0.682689 0.4341447 0.5877535 0.5168605 -6.367422e-17 0.8560697 0.9613786 0 -0.2752294 0.9613786 4.536544e-18 0.2752294 0.9510051 0.2683162 -0.1536088 0.9510051 -0.2683162 -0.1536088 0.9510051 0.2683162 0.1536088 0.9510051 -0.2683162 0.1536088 -0.692721 0.7033546 -0.1594676 -0.8628222 0.258024 -0.434697 -0.5877535 0.682689 -0.4341447 -0.692721 -0.7033546 -0.1594676 -0.8628222 -0.258024 -0.434697 -0.5877535 -0.682689 -0.4341447 -0.258024 -0.434697 -0.8628222 -0.7033546 -0.1594676 -0.692721 -0.4341447 -0.5877535 -0.682689 -0.2683162 -0.1536088 -0.9510051 -0.682689 -0.4341447 -0.5877535 -0.258024 0.434697 -0.8628222 -0.7033546 0.1594676 -0.692721 -0.4341447 0.5877535 -0.682689 -0.2683162 0.1536088 -0.9510051 -0.682689 0.4341447 -0.5877535 -0.5168605 -5.45779e-17 -0.8560697 -0.692721 0.7033546 0.1594676 -0.8628222 0.258024 0.434697 -0.5877535 0.682689 0.4341447 -0.8560697 0.5168605 9.096317e-18 -0.692721 -0.7033546 0.1594676 -0.8628222 -0.258024 0.434697 -0.5877535 -0.682689 0.4341447 -0.8560697 -0.5168605 1.364448e-17 -0.258024 -0.434697 0.8628222 -0.7033546 -0.1594676 0.692721 -0.4341447 -0.5877535 0.682689 -0.2683162 -0.1536088 0.9510051 -0.682689 -0.4341447 0.5877535 -0.258024 0.434697 0.8628222 -0.7033546 0.1594676 0.692721 -0.4341447 0.5877535 0.682689 -0.2683162 0.1536088 0.9510051 -0.682689 0.4341447 0.5877535 -0.5168605 -6.367422e-17 0.8560697 -0.9613786 0 -0.2752294 -0.9613786 -4.536544e-18 0.2752294 -0.9510051 0.2683162 -0.1536088 -0.9510051 -0.2683162 -0.1536088 -0.9510051 0.2683162 0.1536088 -0.9510051 -0.2683162 0.1536088 -0.5257311 0.8506508 -1.812964e-17 0.5257311 0.8506508 -9.064821e-18 -0.5257311 -0.8506508 -9.064821e-18 0.5257311 -0.8506508 -1.812964e-17 -4.532411e-18 -0.5257311 0.8506508 4.532411e-18 0.5257311 0.8506508 1.586344e-17 -0.5257311 -0.8506508 -2.039585e-17 0.5257311 -0.8506508 0.8506508 1.812964e-17 -0.5257311 0.8506508 -2.266205e-18 0.5257311 -0.8506508 -1.359723e-17 -0.5257311 -0.8506508 0 0.5257311 -4.542523e-18 1 -4.542523e-18 4.542523e-18 -1 -4.542523e-18 -0.309017 -0.809017 0.5 0.309017 -0.809017 0.5 -0.309017 0.809017 0.5 0.309017 0.809017 0.5 -9.085045e-18 0 1 -0.309017 -0.809017 -0.5 0.309017 -0.809017 -0.5 -0.309017 0.809017 -0.5 0.309017 0.809017 -0.5 -4.542523e-18 0 -1 0.809017 0.5 -0.309017 0.809017 -0.5 -0.309017 0.5 -0.309017 -0.809017 0.5 0.309017 -0.809017 0.809017 0.5 0.309017 0.809017 -0.5 0.309017 0.5 -0.309017 0.809017 0.5 0.309017 0.809017 1 -4.542523e-18 0 -0.809017 0.5 -0.309017 -0.809017 -0.5 -0.309017 -0.5 -0.309017 -0.809017 -0.5 0.309017 -0.809017 -0.809017 0.5 0.309017 -0.809017 -0.5 0.309017 -0.5 -0.309017 0.809017 -0.5 0.309017 0.809017 -1 4.542523e-18 0 -0.2752294 0.9613786 9.073087e-18 0.2752294 0.9613786 0 -0.2752294 -0.9613786 0 0.2752294 -0.9613786 9.073087e-18 -0.434697 -0.8628222 0.258024 -0.1594676 -0.692721 0.7033546 -0.1536088 -0.9510051 0.2683162 0.434697 -0.8628222 0.258024 0.1594676 -0.692721 0.7033546 0.1536088 -0.9510051 0.2683162 1.364448e-17 -0.8560697 0.5168605 -0.434697 0.8628222 0.258024 -0.1594676 0.692721 0.7033546 -0.1536088 0.9510051 0.2683162 0.434697 0.8628222 0.258024 0.1594676 0.692721 0.7033546 0.1536088 0.9510051 0.2683162 -1.364448e-17 0.8560697 0.5168605 -4.536544e-18 -0.2752294 0.9613786 -9.073087e-18 0.2752294 0.9613786 -0.434697 -0.8628222 -0.258024 -0.1594676 -0.692721 -0.7033546 -0.1536088 -0.9510051 -0.2683162 0.434697 -0.8628222 -0.258024 0.1594676 -0.692721 -0.7033546 0.1536088 -0.9510051 -0.2683162 1.364448e-17 -0.8560697 -0.5168605 -0.434697 0.8628222 -0.258024 -0.1594676 0.692721 -0.7033546 -0.1536088 0.9510051 -0.2683162 0.434697 0.8628222 -0.258024 0.1594676 0.692721 -0.7033546 0.1536088 0.9510051 -0.2683162 -1.364448e-17 0.8560697 -0.5168605 1.360963e-17 -0.2752294 -0.9613786 -1.814617e-17 0.2752294 -0.9613786 0.692721 0.7033546 -0.1594676 0.8628222 0.258024 -0.434697 0.5877535 0.682689 -0.4341447 0.692721 -0.7033546 -0.1594676 0.8628222 -0.258024 -0.434697 0.5877535 -0.682689 -0.4341447 0.258024 -0.434697 -0.8628222 0.7033546 -0.1594676 -0.692721 0.4341447 -0.5877535 -0.682689 0.2683162 -0.1536088 -0.9510051 0.682689 -0.4341447 -0.5877535 0.258024 0.434697 -0.8628222 0.7033546 0.1594676 -0.692721 0.4341447 0.5877535 -0.682689 0.2683162 0.1536088 -0.9510051 0.682689 0.4341447 -0.5877535 0.5168605 0 -0.8560697 0.692721 0.7033546 0.1594676 0.8628222 0.258024 0.434697 0.5877535 0.682689 0.4341447 0.8560697 0.5168605 4.548159e-18 0.692721 -0.7033546 0.1594676 0.8628222 -0.258024 0.434697 0.5877535 -0.682689 0.4341447 0.8560697 -0.5168605 1.819263e-17 0.258024 -0.434697 0.8628222 0.7033546 -0.1594676 0.692721 0.4341447 -0.5877535 0.682689 0.2683162 -0.1536088 0.9510051 0.682689 -0.4341447 0.5877535 0.258024 0.434697 0.8628222 0.7033546 0.1594676 0.692721 0.4341447 0.5877535 0.682689 0.2683162 0.1536088 0.9510051 0.682689 0.4341447 0.5877535 0.5168605 4.548159e-18 0.8560697 0.9613786 1.360963e-17 -0.2752294 0.9613786 -4.536544e-18 0.2752294 0.9510051 0.2683162 -0.1536088 0.9510051 -0.2683162 -0.1536088 0.9510051 0.2683162 0.1536088 0.9510051 -0.2683162 0.1536088 -0.692721 0.7033546 -0.1594676 -0.8628222 0.258024 -0.434697 -0.5877535 0.682689 -0.4341447 -0.692721 -0.7033546 -0.1594676 -0.8628222 -0.258024 -0.434697 -0.5877535 -0.682689 -0.4341447 -0.258024 -0.434697 -0.8628222 -0.7033546 -0.1594676 -0.692721 -0.4341447 -0.5877535 -0.682689 -0.2683162 -0.1536088 -0.9510051 -0.682689 -0.4341447 -0.5877535 -0.258024 0.434697 -0.8628222 -0.7033546 0.1594676 -0.692721 -0.4341447 0.5877535 -0.682689 -0.2683162 0.1536088 -0.9510051 -0.682689 0.4341447 -0.5877535 -0.5168605 0 -0.8560697 -0.692721 0.7033546 0.1594676 -0.8628222 0.258024 0.434697 -0.5877535 0.682689 0.4341447 -0.8560697 0.5168605 1.819263e-17 -0.692721 -0.7033546 0.1594676 -0.8628222 -0.258024 0.434697 -0.5877535 -0.682689 0.4341447 -0.8560697 -0.5168605 4.548159e-18 -0.258024 -0.434697 0.8628222 -0.7033546 -0.1594676 0.692721 -0.4341447 -0.5877535 0.682689 -0.2683162 -0.1536088 0.9510051 -0.682689 -0.4341447 0.5877535 -0.258024 0.434697 0.8628222 -0.7033546 0.1594676 0.692721 -0.4341447 0.5877535 0.682689 -0.2683162 0.1536088 0.9510051 -0.682689 0.4341447 0.5877535 -0.5168605 -4.548159e-18 0.8560697 -0.9613786 -1.360963e-17 -0.2752294 -0.9613786 4.536544e-18 0.2752294 -0.9510051 0.2683162 -0.1536088 -0.9510051 -0.2683162 -0.1536088 -0.9510051 0.2683162 0.1536088 -0.9510051 -0.2683162 0.1536088 -0.5257311 0.8506508 -1.812964e-17 0.5257311 0.8506508 -9.064821e-18 -0.5257311 -0.8506508 -4.532411e-18 0.5257311 -0.8506508 -1.359723e-17 9.064821e-18 -0.5257311 0.8506508 9.064821e-18 0.5257311 0.8506508 9.064821e-18 -0.5257311 -0.8506508 -6.798616e-18 0.5257311 -0.8506508 0.8506508 -4.532411e-18 -0.5257311 0.8506508 1.133103e-17 0.5257311 -0.8506508 9.064821e-18 -0.5257311 -0.8506508 -9.064821e-18 0.5257311 -4.542523e-18 1 -4.542523e-18 9.085045e-18 -1 4.542523e-18 -0.309017 -0.809017 0.5 0.309017 -0.809017 0.5 -0.309017 0.809017 0.5 0.309017 0.809017 0.5 -4.542523e-18 6.813784e-17 1 -0.309017 -0.809017 -0.5 0.309017 -0.809017 -0.5 -0.309017 0.809017 -0.5 0.309017 0.809017 -0.5 -1.362757e-17 6.813784e-17 -1 0.809017 0.5 -0.309017 0.809017 -0.5 -0.309017 0.5 -0.309017 -0.809017 0.5 0.309017 -0.809017 0.809017 0.5 0.309017 0.809017 -0.5 0.309017 0.5 -0.309017 0.809017 0.5 0.309017 0.809017 1 4.542523e-18 0 -0.809017 0.5 -0.309017 -0.809017 -0.5 -0.309017 -0.5 -0.309017 -0.809017 -0.5 0.309017 -0.809017 -0.809017 0.5 0.309017 -0.809017 -0.5 0.309017 -0.5 -0.309017 0.809017 -0.5 0.309017 0.809017 -1 -4.542523e-18 0 -0.2752294 0.9613786 9.073087e-18 0.2752294 0.9613786 0 -0.2752294 -0.9613786 9.073087e-18 0.2752294 -0.9613786 -1.360963e-17 -0.434697 -0.8628222 0.258024 -0.1594676 -0.692721 0.7033546 -0.1536088 -0.9510051 0.2683162 0.434697 -0.8628222 0.258024 0.1594676 -0.692721 0.7033546 0.1536088 -0.9510051 0.2683162 4.548159e-18 -0.8560697 0.5168605 -0.434697 0.8628222 0.258024 -0.1594676 0.692721 0.7033546 -0.1536088 0.9510051 0.2683162 0.434697 0.8628222 0.258024 0.1594676 0.692721 0.7033546 0.1536088 0.9510051 0.2683162 -1.364448e-17 0.8560697 0.5168605 -4.536544e-18 -0.2752294 0.9613786 2.268272e-17 0.2752294 0.9613786 -0.434697 -0.8628222 -0.258024 -0.1594676 -0.692721 -0.7033546 -0.1536088 -0.9510051 -0.2683162 0.434697 -0.8628222 -0.258024 0.1594676 -0.692721 -0.7033546 0.1536088 -0.9510051 -0.2683162 4.548159e-18 -0.8560697 -0.5168605 -0.434697 0.8628222 -0.258024 -0.1594676 0.692721 -0.7033546 -0.1536088 0.9510051 -0.2683162 0.434697 0.8628222 -0.258024 0.1594676 0.692721 -0.7033546 0.1536088 0.9510051 -0.2683162 -1.364448e-17 0.8560697 -0.5168605 4.536544e-18 -0.2752294 -0.9613786 -4.536544e-18 0.2752294 -0.9613786 0.692721 0.7033546 -0.1594676 0.8628222 0.258024 -0.434697 0.5877535 0.682689 -0.4341447 0.692721 -0.7033546 -0.1594676 0.8628222 -0.258024 -0.434697 0.5877535 -0.682689 -0.4341447 0.258024 -0.434697 -0.8628222 0.7033546 -0.1594676 -0.692721 0.4341447 -0.5877535 -0.682689 0.2683162 -0.1536088 -0.9510051 0.682689 -0.4341447 -0.5877535 0.258024 0.434697 -0.8628222 0.7033546 0.1594676 -0.692721 0.4341447 0.5877535 -0.682689 0.2683162 0.1536088 -0.9510051 0.682689 0.4341447 -0.5877535 0.5168605 -4.548159e-18 -0.8560697 0.692721 0.7033546 0.1594676 0.8628222 0.258024 0.434697 0.5877535 0.682689 0.4341447 0.8560697 0.5168605 9.096317e-18 0.692721 -0.7033546 0.1594676 0.8628222 -0.258024 0.434697 0.5877535 -0.682689 0.4341447 0.8560697 -0.5168605 9.096317e-18 0.258024 -0.434697 0.8628222 0.7033546 -0.1594676 0.692721 0.4341447 -0.5877535 0.682689 0.2683162 -0.1536088 0.9510051 0.682689 -0.4341447 0.5877535 0.258024 0.434697 0.8628222 0.7033546 0.1594676 0.692721 0.4341447 0.5877535 0.682689 0.2683162 0.1536088 0.9510051 0.682689 0.4341447 0.5877535 0.5168605 -4.548159e-18 0.8560697 0.9613786 1.360963e-17 -0.2752294 0.9613786 4.536544e-18 0.2752294 0.9510051 0.2683162 -0.1536088 0.9510051 -0.2683162 -0.1536088 0.9510051 0.2683162 0.1536088 0.9510051 -0.2683162 0.1536088 -0.692721 0.7033546 -0.1594676 -0.8628222 0.258024 -0.434697 -0.5877535 0.682689 -0.4341447 -0.692721 -0.7033546 -0.1594676 -0.8628222 -0.258024 -0.434697 -0.5877535 -0.682689 -0.4341447 -0.258024 -0.434697 -0.8628222 -0.7033546 -0.1594676 -0.692721 -0.4341447 -0.5877535 -0.682689 -0.2683162 -0.1536088 -0.9510051 -0.682689 -0.4341447 -0.5877535 -0.258024 0.434697 -0.8628222 -0.7033546 0.1594676 -0.692721 -0.4341447 0.5877535 -0.682689 -0.2683162 0.1536088 -0.9510051 -0.682689 0.4341447 -0.5877535 -0.5168605 4.548159e-18 -0.8560697 -0.692721 0.7033546 0.1594676 -0.8628222 0.258024 0.434697 -0.5877535 0.682689 0.4341447 -0.8560697 0.5168605 2.728895e-17 -0.692721 -0.7033546 0.1594676 -0.8628222 -0.258024 0.434697 -0.5877535 -0.682689 0.4341447 -0.8560697 -0.5168605 4.548159e-18 -0.258024 -0.434697 0.8628222 -0.7033546 -0.1594676 0.692721 -0.4341447 -0.5877535 0.682689 -0.2683162 -0.1536088 0.9510051 -0.682689 -0.4341447 0.5877535 -0.258024 0.434697 0.8628222 -0.7033546 0.1594676 0.692721 -0.4341447 0.5877535 0.682689 -0.2683162 0.1536088 0.9510051 -0.682689 0.4341447 0.5877535 -0.5168605 4.548159e-18 0.8560697 -0.9613786 -1.360963e-17 -0.2752294 -0.9613786 -4.536544e-18 0.2752294 -0.9510051 0.2683162 -0.1536088 -0.9510051 -0.2683162 -0.1536088 -0.9510051 0.2683162 0.1536088 -0.9510051 -0.2683162 0.1536088 -0.5257311 0.8506508 9.064821e-18 0.5257311 0.8506508 -4.532411e-18 -0.5257311 -0.8506508 -4.532411e-18 0.5257311 -0.8506508 4.532411e-18 0 -0.5257311 0.8506508 0 0.5257311 0.8506508 4.532411e-18 -0.5257311 -0.8506508 -2.266205e-17 0.5257311 -0.8506508 0.8506508 1.812964e-17 -0.5257311 0.8506508 -1.586344e-17 0.5257311 -0.8506508 -1.359723e-17 -0.5257311 -0.8506508 1.359723e-17 0.5257311 -4.542523e-18 1 -4.542523e-18 4.542523e-18 -1 -4.542523e-18 -0.309017 -0.809017 0.5 0.309017 -0.809017 0.5 -0.309017 0.809017 0.5 0.309017 0.809017 0.5 4.542523e-18 0 1 -0.309017 -0.809017 -0.5 0.309017 -0.809017 -0.5 -0.309017 0.809017 -0.5 0.309017 0.809017 -0.5 4.542523e-18 0 -1 0.809017 0.5 -0.309017 0.809017 -0.5 -0.309017 0.5 -0.309017 -0.809017 0.5 0.309017 -0.809017 0.809017 0.5 0.309017 0.809017 -0.5 0.309017 0.5 -0.309017 0.809017 0.5 0.309017 0.809017 1 9.085045e-18 1.362757e-17 -0.809017 0.5 -0.309017 -0.809017 -0.5 -0.309017 -0.5 -0.309017 -0.809017 -0.5 0.309017 -0.809017 -0.809017 0.5 0.309017 -0.809017 -0.5 0.309017 -0.5 -0.309017 0.809017 -0.5 0.309017 0.809017 -1 -9.085045e-18 1.362757e-17 -0.2752294 0.9613786 -9.073087e-18 0.2752294 0.9613786 0 -0.2752294 -0.9613786 -4.536544e-18 0.2752294 -0.9613786 -1.814617e-17 -0.434697 -0.8628222 0.258024 -0.1594676 -0.692721 0.7033546 -0.1536088 -0.9510051 0.2683162 0.434697 -0.8628222 0.258024 0.1594676 -0.692721 0.7033546 0.1536088 -0.9510051 0.2683162 -4.548159e-18 -0.8560697 0.5168605 -0.434697 0.8628222 0.258024 -0.1594676 0.692721 0.7033546 -0.1536088 0.9510051 0.2683162 0.434697 0.8628222 0.258024 0.1594676 0.692721 0.7033546 0.1536088 0.9510051 0.2683162 1.364448e-17 0.8560697 0.5168605 -4.536544e-18 -0.2752294 0.9613786 -4.536544e-18 0.2752294 0.9613786 -0.434697 -0.8628222 -0.258024 -0.1594676 -0.692721 -0.7033546 -0.1536088 -0.9510051 -0.2683162 0.434697 -0.8628222 -0.258024 0.1594676 -0.692721 -0.7033546 0.1536088 -0.9510051 -0.2683162 -4.548159e-18 -0.8560697 -0.5168605 -0.434697 0.8628222 -0.258024 -0.1594676 0.692721 -0.7033546 -0.1536088 0.9510051 -0.2683162 0.434697 0.8628222 -0.258024 0.1594676 0.692721 -0.7033546 0.1536088 0.9510051 -0.2683162 -4.548159e-18 0.8560697 -0.5168605 -4.536544e-18 -0.2752294 -0.9613786 0 0.2752294 -0.9613786 0.692721 0.7033546 -0.1594676 0.8628222 0.258024 -0.434697 0.5877535 0.682689 -0.4341447 0.692721 -0.7033546 -0.1594676 0.8628222 -0.258024 -0.434697 0.5877535 -0.682689 -0.4341447 0.258024 -0.434697 -0.8628222 0.7033546 -0.1594676 -0.692721 0.4341447 -0.5877535 -0.682689 0.2683162 -0.1536088 -0.9510051 0.682689 -0.4341447 -0.5877535 0.258024 0.434697 -0.8628222 0.7033546 0.1594676 -0.692721 0.4341447 0.5877535 -0.682689 0.2683162 0.1536088 -0.9510051 0.682689 0.4341447 -0.5877535 0.5168605 1.364448e-17 -0.8560697 0.692721 0.7033546 0.1594676 0.8628222 0.258024 0.434697 0.5877535 0.682689 0.4341447 0.8560697 0.5168605 0 0.692721 -0.7033546 0.1594676 0.8628222 -0.258024 0.434697 0.5877535 -0.682689 0.4341447 0.8560697 -0.5168605 9.096317e-18 0.258024 -0.434697 0.8628222 0.7033546 -0.1594676 0.692721 0.4341447 -0.5877535 0.682689 0.2683162 -0.1536088 0.9510051 0.682689 -0.4341447 0.5877535 0.258024 0.434697 0.8628222 0.7033546 0.1594676 0.692721 0.4341447 0.5877535 0.682689 0.2683162 0.1536088 0.9510051 0.682689 0.4341447 0.5877535 0.5168605 9.096317e-18 0.8560697 0.9613786 9.073087e-18 -0.2752294 0.9613786 1.360963e-17 0.2752294 0.9510051 0.2683162 -0.1536088 0.9510051 -0.2683162 -0.1536088 0.9510051 0.2683162 0.1536088 0.9510051 -0.2683162 0.1536088 -0.692721 0.7033546 -0.1594676 -0.8628222 0.258024 -0.434697 -0.5877535 0.682689 -0.4341447 -0.692721 -0.7033546 -0.1594676 -0.8628222 -0.258024 -0.434697 -0.5877535 -0.682689 -0.4341447 -0.258024 -0.434697 -0.8628222 -0.7033546 -0.1594676 -0.692721 -0.4341447 -0.5877535 -0.682689 -0.2683162 -0.1536088 -0.9510051 -0.682689 -0.4341447 -0.5877535 -0.258024 0.434697 -0.8628222 -0.7033546 0.1594676 -0.692721 -0.4341447 0.5877535 -0.682689 -0.2683162 0.1536088 -0.9510051 -0.682689 0.4341447 -0.5877535 -0.5168605 -1.364448e-17 -0.8560697 -0.692721 0.7033546 0.1594676 -0.8628222 0.258024 0.434697 -0.5877535 0.682689 0.4341447 -0.8560697 0.5168605 4.548159e-18 -0.692721 -0.7033546 0.1594676 -0.8628222 -0.258024 0.434697 -0.5877535 -0.682689 0.4341447 -0.8560697 -0.5168605 4.548159e-18 -0.258024 -0.434697 0.8628222 -0.7033546 -0.1594676 0.692721 -0.4341447 -0.5877535 0.682689 -0.2683162 -0.1536088 0.9510051 -0.682689 -0.4341447 0.5877535 -0.258024 0.434697 0.8628222 -0.7033546 0.1594676 0.692721 -0.4341447 0.5877535 0.682689 -0.2683162 0.1536088 0.9510051 -0.682689 0.4341447 0.5877535 -0.5168605 -9.096317e-18 0.8560697 -0.9613786 -9.073087e-18 -0.2752294 -0.9613786 -1.360963e-17 0.2752294 -0.9510051 0.2683162 -0.1536088 -0.9510051 -0.2683162 -0.1536088 -0.9510051 0.2683162 0.1536088 -0.9510051 -0.2683162 0.1536088 -0.5257311 0.8506508 4.532411e-18 0.5257311 0.8506508 0 -0.5257311 -0.8506508 -9.064821e-18 0.5257311 -0.8506508 9.064821e-18 0 -0.5257311 0.8506508 -4.532411e-18 0.5257311 0.8506508 9.064821e-18 -0.5257311 -0.8506508 4.532411e-18 0.5257311 -0.8506508 0.8506508 0 -0.5257311 0.8506508 -1.133103e-17 0.5257311 -0.8506508 -1.359723e-17 -0.5257311 -0.8506508 -4.532411e-18 0.5257311 4.542523e-18 1 -2.271261e-17 -4.542523e-18 -1 -2.271261e-17 -0.309017 -0.809017 0.5 0.309017 -0.809017 0.5 -0.309017 0.809017 0.5 0.309017 0.809017 0.5 9.085045e-18 -4.542523e-18 1 -0.309017 -0.809017 -0.5 0.309017 -0.809017 -0.5 -0.309017 0.809017 -0.5 0.309017 0.809017 -0.5 4.542523e-18 -4.542523e-18 -1 0.809017 0.5 -0.309017 0.809017 -0.5 -0.309017 0.5 -0.309017 -0.809017 0.5 0.309017 -0.809017 0.809017 0.5 0.309017 0.809017 -0.5 0.309017 0.5 -0.309017 0.809017 0.5 0.309017 0.809017 1 3.634018e-17 0 -0.809017 0.5 -0.309017 -0.809017 -0.5 -0.309017 -0.5 -0.309017 -0.809017 -0.5 0.309017 -0.809017 -0.809017 0.5 0.309017 -0.809017 -0.5 0.309017 -0.5 -0.309017 0.809017 -0.5 0.309017 0.809017 -1 3.634018e-17 0 -0.2752294 0.9613786 -1.360963e-17 0.2752294 0.9613786 -1.814617e-17 -0.2752294 -0.9613786 -2.268272e-17 0.2752294 -0.9613786 -1.360963e-17 -0.434697 -0.8628222 0.258024 -0.1594676 -0.692721 0.7033546 -0.1536088 -0.9510051 0.2683162 0.434697 -0.8628222 0.258024 0.1594676 -0.692721 0.7033546 0.1536088 -0.9510051 0.2683162 9.096317e-18 -0.8560697 0.5168605 -0.434697 0.8628222 0.258024 -0.1594676 0.692721 0.7033546 -0.1536088 0.9510051 0.2683162 0.434697 0.8628222 0.258024 0.1594676 0.692721 0.7033546 0.1536088 0.9510051 0.2683162 0 0.8560697 0.5168605 -9.073087e-18 -0.2752294 0.9613786 4.536544e-18 0.2752294 0.9613786 -0.434697 -0.8628222 -0.258024 -0.1594676 -0.692721 -0.7033546 -0.1536088 -0.9510051 -0.2683162 0.434697 -0.8628222 -0.258024 0.1594676 -0.692721 -0.7033546 0.1536088 -0.9510051 -0.2683162 0 -0.8560697 -0.5168605 -0.434697 0.8628222 -0.258024 -0.1594676 0.692721 -0.7033546 -0.1536088 0.9510051 -0.2683162 0.434697 0.8628222 -0.258024 0.1594676 0.692721 -0.7033546 0.1536088 0.9510051 -0.2683162 -4.548159e-18 0.8560697 -0.5168605 -4.536544e-18 -0.2752294 -0.9613786 0 0.2752294 -0.9613786 0.692721 0.7033546 -0.1594676 0.8628222 0.258024 -0.434697 0.5877535 0.682689 -0.4341447 0.692721 -0.7033546 -0.1594676 0.8628222 -0.258024 -0.434697 0.5877535 -0.682689 -0.4341447 0.258024 -0.434697 -0.8628222 0.7033546 -0.1594676 -0.692721 0.4341447 -0.5877535 -0.682689 0.2683162 -0.1536088 -0.9510051 0.682689 -0.4341447 -0.5877535 0.258024 0.434697 -0.8628222 0.7033546 0.1594676 -0.692721 0.4341447 0.5877535 -0.682689 0.2683162 0.1536088 -0.9510051 0.682689 0.4341447 -0.5877535 0.5168605 9.096317e-18 -0.8560697 0.692721 0.7033546 0.1594676 0.8628222 0.258024 0.434697 0.5877535 0.682689 0.4341447 0.8560697 0.5168605 4.548159e-18 0.692721 -0.7033546 0.1594676 0.8628222 -0.258024 0.434697 0.5877535 -0.682689 0.4341447 0.8560697 -0.5168605 1.364448e-17 0.258024 -0.434697 0.8628222 0.7033546 -0.1594676 0.692721 0.4341447 -0.5877535 0.682689 0.2683162 -0.1536088 0.9510051 0.682689 -0.4341447 0.5877535 0.258024 0.434697 0.8628222 0.7033546 0.1594676 0.692721 0.4341447 0.5877535 0.682689 0.2683162 0.1536088 0.9510051 0.682689 0.4341447 0.5877535 0.5168605 0 0.8560697 0.9613786 3.175581e-17 -0.2752294 0.9613786 1.814617e-17 0.2752294 0.9510051 0.2683162 -0.1536088 0.9510051 -0.2683162 -0.1536088 0.9510051 0.2683162 0.1536088 0.9510051 -0.2683162 0.1536088 -0.692721 0.7033546 -0.1594676 -0.8628222 0.258024 -0.434697 -0.5877535 0.682689 -0.4341447 -0.692721 -0.7033546 -0.1594676 -0.8628222 -0.258024 -0.434697 -0.5877535 -0.682689 -0.4341447 -0.258024 -0.434697 -0.8628222 -0.7033546 -0.1594676 -0.692721 -0.4341447 -0.5877535 -0.682689 -0.2683162 -0.1536088 -0.9510051 -0.682689 -0.4341447 -0.5877535 -0.258024 0.434697 -0.8628222 -0.7033546 0.1594676 -0.692721 -0.4341447 0.5877535 -0.682689 -0.2683162 0.1536088 -0.9510051 -0.682689 0.4341447 -0.5877535 -0.5168605 -9.096317e-18 -0.8560697 -0.692721 0.7033546 0.1594676 -0.8628222 0.258024 0.434697 -0.5877535 0.682689 0.4341447 -0.8560697 0.5168605 1.364448e-17 -0.692721 -0.7033546 0.1594676 -0.8628222 -0.258024 0.434697 -0.5877535 -0.682689 0.4341447 -0.8560697 -0.5168605 0 -0.258024 -0.434697 0.8628222 -0.7033546 -0.1594676 0.692721 -0.4341447 -0.5877535 0.682689 -0.2683162 -0.1536088 0.9510051 -0.682689 -0.4341447 0.5877535 -0.258024 0.434697 0.8628222 -0.7033546 0.1594676 0.692721 -0.4341447 0.5877535 0.682689 -0.2683162 0.1536088 0.9510051 -0.682689 0.4341447 0.5877535 -0.5168605 -9.096317e-18 0.8560697 -0.9613786 0 -0.2752294 -0.9613786 1.814617e-17 0.2752294 -0.9510051 0.2683162 -0.1536088 -0.9510051 -0.2683162 -0.1536088 -0.9510051 0.2683162 0.1536088 -0.9510051 -0.2683162 0.1536088 -0.5257311 0.8506508 -1.359723e-17 0.5257311 0.8506508 -1.359723e-17 -0.5257311 -0.8506508 -9.064821e-18 0.5257311 -0.8506508 0 -4.532411e-18 -0.5257311 0.8506508 0 0.5257311 0.8506508 4.532411e-18 -0.5257311 -0.8506508 -2.266205e-18 0.5257311 -0.8506508 0.8506508 -4.532411e-18 -0.5257311 0.8506508 -2.266205e-18 0.5257311 -0.8506508 0 -0.5257311 -0.8506508 -4.532411e-18 0.5257311 4.542523e-18 1 -1.817009e-17 -4.542523e-18 -1 -1.362757e-17 -0.309017 -0.809017 0.5 0.309017 -0.809017 0.5 -0.309017 0.809017 0.5 0.309017 0.809017 0.5 0 0 1 -0.309017 -0.809017 -0.5 0.309017 -0.809017 -0.5 -0.309017 0.809017 -0.5 0.309017 0.809017 -0.5 -4.542523e-18 0 -1 0.809017 0.5 -0.309017 0.809017 -0.5 -0.309017 0.5 -0.309017 -0.809017 0.5 0.309017 -0.809017 0.809017 0.5 0.309017 0.809017 -0.5 0.309017 0.5 -0.309017 0.809017 0.5 0.309017 0.809017 1 4.542523e-18 0 -0.809017 0.5 -0.309017 -0.809017 -0.5 -0.309017 -0.5 -0.309017 -0.809017 -0.5 0.309017 -0.809017 -0.809017 0.5 0.309017 -0.809017 -0.5 0.309017 -0.5 -0.309017 0.809017 -0.5 0.309017 0.809017 -1 -4.542523e-18 0 -0.2752294 0.9613786 4.536544e-18 0.2752294 0.9613786 -9.073087e-18 -0.2752294 -0.9613786 -4.536544e-18 0.2752294 -0.9613786 1.814617e-17 -0.434697 -0.8628222 0.258024 -0.1594676 -0.692721 0.7033546 -0.1536088 -0.9510051 0.2683162 0.434697 -0.8628222 0.258024 0.1594676 -0.692721 0.7033546 0.1536088 -0.9510051 0.2683162 0 -0.8560697 0.5168605 -0.434697 0.8628222 0.258024 -0.1594676 0.692721 0.7033546 -0.1536088 0.9510051 0.2683162 0.434697 0.8628222 0.258024 0.1594676 0.692721 0.7033546 0.1536088 0.9510051 0.2683162 4.548159e-18 0.8560697 0.5168605 0 -0.2752294 0.9613786 -4.536544e-18 0.2752294 0.9613786 -0.434697 -0.8628222 -0.258024 -0.1594676 -0.692721 -0.7033546 -0.1536088 -0.9510051 -0.2683162 0.434697 -0.8628222 -0.258024 0.1594676 -0.692721 -0.7033546 0.1536088 -0.9510051 -0.2683162 3.183711e-17 -0.8560697 -0.5168605 -0.434697 0.8628222 -0.258024 -0.1594676 0.692721 -0.7033546 -0.1536088 0.9510051 -0.2683162 0.434697 0.8628222 -0.258024 0.1594676 0.692721 -0.7033546 0.1536088 0.9510051 -0.2683162 0 0.8560697 -0.5168605 9.073087e-18 -0.2752294 -0.9613786 0 0.2752294 -0.9613786 0.692721 0.7033546 -0.1594676 0.8628222 0.258024 -0.434697 0.5877535 0.682689 -0.4341447 0.692721 -0.7033546 -0.1594676 0.8628222 -0.258024 -0.434697 0.5877535 -0.682689 -0.4341447 0.258024 -0.434697 -0.8628222 0.7033546 -0.1594676 -0.692721 0.4341447 -0.5877535 -0.682689 0.2683162 -0.1536088 -0.9510051 0.682689 -0.4341447 -0.5877535 0.258024 0.434697 -0.8628222 0.7033546 0.1594676 -0.692721 0.4341447 0.5877535 -0.682689 0.2683162 0.1536088 -0.9510051 0.682689 0.4341447 -0.5877535 0.5168605 2.274079e-17 -0.8560697 0.692721 0.7033546 0.1594676 0.8628222 0.258024 0.434697 0.5877535 0.682689 0.4341447 0.8560697 0.5168605 0 0.692721 -0.7033546 0.1594676 0.8628222 -0.258024 0.434697 0.5877535 -0.682689 0.4341447 0.8560697 -0.5168605 9.096317e-18 0.258024 -0.434697 0.8628222 0.7033546 -0.1594676 0.692721 0.4341447 -0.5877535 0.682689 0.2683162 -0.1536088 0.9510051 0.682689 -0.4341447 0.5877535 0.258024 0.434697 0.8628222 0.7033546 0.1594676 0.692721 0.4341447 0.5877535 0.682689 0.2683162 0.1536088 0.9510051 0.682689 0.4341447 0.5877535 0.5168605 4.548159e-18 0.8560697 0.9613786 1.814617e-17 -0.2752294 0.9613786 9.073087e-18 0.2752294 0.9510051 0.2683162 -0.1536088 0.9510051 -0.2683162 -0.1536088 0.9510051 0.2683162 0.1536088 0.9510051 -0.2683162 0.1536088 -0.692721 0.7033546 -0.1594676 -0.8628222 0.258024 -0.434697 -0.5877535 0.682689 -0.4341447 -0.692721 -0.7033546 -0.1594676 -0.8628222 -0.258024 -0.434697 -0.5877535 -0.682689 -0.4341447 -0.258024 -0.434697 -0.8628222 -0.7033546 -0.1594676 -0.692721 -0.4341447 -0.5877535 -0.682689 -0.2683162 -0.1536088 -0.9510051 -0.682689 -0.4341447 -0.5877535 -0.258024 0.434697 -0.8628222 -0.7033546 0.1594676 -0.692721 -0.4341447 0.5877535 -0.682689 -0.2683162 0.1536088 -0.9510051 -0.682689 0.4341447 -0.5877535 -0.5168605 -2.274079e-17 -0.8560697 -0.692721 0.7033546 0.1594676 -0.8628222 0.258024 0.434697 -0.5877535 0.682689 0.4341447 -0.8560697 0.5168605 9.096317e-18 -0.692721 -0.7033546 0.1594676 -0.8628222 -0.258024 0.434697 -0.5877535 -0.682689 0.4341447 -0.8560697 -0.5168605 1.364448e-17 -0.258024 -0.434697 0.8628222 -0.7033546 -0.1594676 0.692721 -0.4341447 -0.5877535 0.682689 -0.2683162 -0.1536088 0.9510051 -0.682689 -0.4341447 0.5877535 -0.258024 0.434697 0.8628222 -0.7033546 0.1594676 0.692721 -0.4341447 0.5877535 0.682689 -0.2683162 0.1536088 0.9510051 -0.682689 0.4341447 0.5877535 -0.5168605 -4.548159e-18 0.8560697 -0.9613786 -1.814617e-17 -0.2752294 -0.9613786 -9.073087e-18 0.2752294 -0.9510051 0.2683162 -0.1536088 -0.9510051 -0.2683162 -0.1536088 -0.9510051 0.2683162 0.1536088 -0.9510051 -0.2683162 0.1536088 -0.5257311 0.8506508 0 0.5257311 0.8506508 -1.359723e-17 -0.5257311 -0.8506508 -9.064821e-18 0.5257311 -0.8506508 -2.266205e-17 0 -0.5257311 0.8506508 0 0.5257311 0.8506508 -2.266205e-18 -0.5257311 -0.8506508 -2.266205e-18 0.5257311 -0.8506508 0.8506508 -4.532411e-18 -0.5257311 0.8506508 -2.266205e-18 0.5257311 -0.8506508 0 -0.5257311 -0.8506508 -4.532411e-18 0.5257311 4.542523e-18 1 -1.362757e-17 -4.542523e-18 -1 -1.362757e-17 -0.309017 -0.809017 0.5 0.309017 -0.809017 0.5 -0.309017 0.809017 0.5 0.309017 0.809017 0.5 0 0 1 -0.309017 -0.809017 -0.5 0.309017 -0.809017 -0.5 -0.309017 0.809017 -0.5 0.309017 0.809017 -0.5 4.542523e-18 0 -1 0.809017 0.5 -0.309017 0.809017 -0.5 -0.309017 0.5 -0.309017 -0.809017 0.5 0.309017 -0.809017 0.809017 0.5 0.309017 0.809017 -0.5 0.309017 0.5 -0.309017 0.809017 0.5 0.309017 0.809017 1 4.542523e-18 0 -0.809017 0.5 -0.309017 -0.809017 -0.5 -0.309017 -0.5 -0.309017 -0.809017 -0.5 0.309017 -0.809017 -0.809017 0.5 0.309017 -0.809017 -0.5 0.309017 -0.5 -0.309017 0.809017 -0.5 0.309017 0.809017 -1 -4.542523e-18 0 -0.2752294 0.9613786 1.814617e-17 0.2752294 0.9613786 -4.536544e-18 -0.2752294 -0.9613786 -4.536544e-18 0.2752294 -0.9613786 1.814617e-17 -0.434697 -0.8628222 0.258024 -0.1594676 -0.692721 0.7033546 -0.1536088 -0.9510051 0.2683162 0.434697 -0.8628222 0.258024 0.1594676 -0.692721 0.7033546 0.1536088 -0.9510051 0.2683162 -4.548159e-18 -0.8560697 0.5168605 -0.434697 0.8628222 0.258024 -0.1594676 0.692721 0.7033546 -0.1536088 0.9510051 0.2683162 0.434697 0.8628222 0.258024 0.1594676 0.692721 0.7033546 0.1536088 0.9510051 0.2683162 4.548159e-18 0.8560697 0.5168605 9.073087e-18 -0.2752294 0.9613786 -9.073087e-18 0.2752294 0.9613786 -0.434697 -0.8628222 -0.258024 -0.1594676 -0.692721 -0.7033546 -0.1536088 -0.9510051 -0.2683162 0.434697 -0.8628222 -0.258024 0.1594676 -0.692721 -0.7033546 0.1536088 -0.9510051 -0.2683162 0 -0.8560697 -0.5168605 -0.434697 0.8628222 -0.258024 -0.1594676 0.692721 -0.7033546 -0.1536088 0.9510051 -0.2683162 0.434697 0.8628222 -0.258024 0.1594676 0.692721 -0.7033546 0.1536088 0.9510051 -0.2683162 -1.819263e-17 0.8560697 -0.5168605 0 -0.2752294 -0.9613786 1.360963e-17 0.2752294 -0.9613786 0.692721 0.7033546 -0.1594676 0.8628222 0.258024 -0.434697 0.5877535 0.682689 -0.4341447 0.692721 -0.7033546 -0.1594676 0.8628222 -0.258024 -0.434697 0.5877535 -0.682689 -0.4341447 0.258024 -0.434697 -0.8628222 0.7033546 -0.1594676 -0.692721 0.4341447 -0.5877535 -0.682689 0.2683162 -0.1536088 -0.9510051 0.682689 -0.4341447 -0.5877535 0.258024 0.434697 -0.8628222 0.7033546 0.1594676 -0.692721 0.4341447 0.5877535 -0.682689 0.2683162 0.1536088 -0.9510051 0.682689 0.4341447 -0.5877535 0.5168605 9.096317e-18 -0.8560697 0.692721 0.7033546 0.1594676 0.8628222 0.258024 0.434697 0.5877535 0.682689 0.4341447 0.8560697 0.5168605 0 0.692721 -0.7033546 0.1594676 0.8628222 -0.258024 0.434697 0.5877535 -0.682689 0.4341447 0.8560697 -0.5168605 9.096317e-18 0.258024 -0.434697 0.8628222 0.7033546 -0.1594676 0.692721 0.4341447 -0.5877535 0.682689 0.2683162 -0.1536088 0.9510051 0.682689 -0.4341447 0.5877535 0.258024 0.434697 0.8628222 0.7033546 0.1594676 0.692721 0.4341447 0.5877535 0.682689 0.2683162 0.1536088 0.9510051 0.682689 0.4341447 0.5877535 0.5168605 4.548159e-18 0.8560697 0.9613786 1.814617e-17 -0.2752294 0.9613786 9.073087e-18 0.2752294 0.9510051 0.2683162 -0.1536088 0.9510051 -0.2683162 -0.1536088 0.9510051 0.2683162 0.1536088 0.9510051 -0.2683162 0.1536088 -0.692721 0.7033546 -0.1594676 -0.8628222 0.258024 -0.434697 -0.5877535 0.682689 -0.4341447 -0.692721 -0.7033546 -0.1594676 -0.8628222 -0.258024 -0.434697 -0.5877535 -0.682689 -0.4341447 -0.258024 -0.434697 -0.8628222 -0.7033546 -0.1594676 -0.692721 -0.4341447 -0.5877535 -0.682689 -0.2683162 -0.1536088 -0.9510051 -0.682689 -0.4341447 -0.5877535 -0.258024 0.434697 -0.8628222 -0.7033546 0.1594676 -0.692721 -0.4341447 0.5877535 -0.682689 -0.2683162 0.1536088 -0.9510051 -0.682689 0.4341447 -0.5877535 -0.5168605 -9.096317e-18 -0.8560697 -0.692721 0.7033546 0.1594676 -0.8628222 0.258024 0.434697 -0.5877535 0.682689 0.4341447 -0.8560697 0.5168605 9.096317e-18 -0.692721 -0.7033546 0.1594676 -0.8628222 -0.258024 0.434697 -0.5877535 -0.682689 0.4341447 -0.8560697 -0.5168605 0 -0.258024 -0.434697 0.8628222 -0.7033546 -0.1594676 0.692721 -0.4341447 -0.5877535 0.682689 -0.2683162 -0.1536088 0.9510051 -0.682689 -0.4341447 0.5877535 -0.258024 0.434697 0.8628222 -0.7033546 0.1594676 0.692721 -0.4341447 0.5877535 0.682689 -0.2683162 0.1536088 0.9510051 -0.682689 0.4341447 0.5877535 -0.5168605 -4.548159e-18 0.8560697 -0.9613786 -1.814617e-17 -0.2752294 -0.9613786 -9.073087e-18 0.2752294 -0.9510051 0.2683162 -0.1536088 -0.9510051 -0.2683162 -0.1536088 -0.9510051 0.2683162 0.1536088 -0.9510051 -0.2683162 0.1536088 -0.5257311 0.8506508 -2.266205e-17 0.5257311 0.8506508 -9.064821e-18 -0.5257311 -0.8506508 -9.064821e-18 0.5257311 -0.8506508 -2.266205e-17 0 -0.5257311 0.8506508 0 0.5257311 0.8506508 4.532411e-18 -0.5257311 -0.8506508 -2.266205e-18 0.5257311 -0.8506508 0.8506508 -9.064821e-18 -0.5257311 0.8506508 -6.798616e-18 0.5257311 -0.8506508 9.064821e-18 -0.5257311 -0.8506508 9.064821e-18 0.5257311 4.542523e-18 1 -4.542523e-18 -4.542523e-18 -1 -4.542523e-18 -0.309017 -0.809017 0.5 0.309017 -0.809017 0.5 -0.309017 0.809017 0.5 0.309017 0.809017 0.5 -9.085045e-18 0 1 -0.309017 -0.809017 -0.5 0.309017 -0.809017 -0.5 -0.309017 0.809017 -0.5 0.309017 0.809017 -0.5 -4.542523e-18 0 -1 0.809017 0.5 -0.309017 0.809017 -0.5 -0.309017 0.5 -0.309017 -0.809017 0.5 0.309017 -0.809017 0.809017 0.5 0.309017 0.809017 -0.5 0.309017 0.5 -0.309017 0.809017 0.5 0.309017 0.809017 1 4.542523e-18 3.179766e-17 -0.809017 0.5 -0.309017 -0.809017 -0.5 -0.309017 -0.5 -0.309017 -0.809017 -0.5 0.309017 -0.809017 -0.809017 0.5 0.309017 -0.809017 -0.5 0.309017 -0.5 -0.309017 0.809017 -0.5 0.309017 0.809017 -1 -4.542523e-18 3.179766e-17 -0.2752294 0.9613786 9.073087e-18 0.2752294 0.9613786 4.536544e-18 -0.2752294 -0.9613786 4.536544e-18 0.2752294 -0.9613786 9.073087e-18 -0.434697 -0.8628222 0.258024 -0.1594676 -0.692721 0.7033546 -0.1536088 -0.9510051 0.2683162 0.434697 -0.8628222 0.258024 0.1594676 -0.692721 0.7033546 0.1536088 -0.9510051 0.2683162 0 -0.8560697 0.5168605 -0.434697 0.8628222 0.258024 -0.1594676 0.692721 0.7033546 -0.1536088 0.9510051 0.2683162 0.434697 0.8628222 0.258024 0.1594676 0.692721 0.7033546 0.1536088 0.9510051 0.2683162 0 0.8560697 0.5168605 -4.536544e-18 -0.2752294 0.9613786 -4.536544e-18 0.2752294 0.9613786 -0.434697 -0.8628222 -0.258024 -0.1594676 -0.692721 -0.7033546 -0.1536088 -0.9510051 -0.2683162 0.434697 -0.8628222 -0.258024 0.1594676 -0.692721 -0.7033546 0.1536088 -0.9510051 -0.2683162 1.364448e-17 -0.8560697 -0.5168605 -0.434697 0.8628222 -0.258024 -0.1594676 0.692721 -0.7033546 -0.1536088 0.9510051 -0.2683162 0.434697 0.8628222 -0.258024 0.1594676 0.692721 -0.7033546 0.1536088 0.9510051 -0.2683162 -1.364448e-17 0.8560697 -0.5168605 9.073087e-18 -0.2752294 -0.9613786 -1.360963e-17 0.2752294 -0.9613786 0.692721 0.7033546 -0.1594676 0.8628222 0.258024 -0.434697 0.5877535 0.682689 -0.4341447 0.692721 -0.7033546 -0.1594676 0.8628222 -0.258024 -0.434697 0.5877535 -0.682689 -0.4341447 0.258024 -0.434697 -0.8628222 0.7033546 -0.1594676 -0.692721 0.4341447 -0.5877535 -0.682689 0.2683162 -0.1536088 -0.9510051 0.682689 -0.4341447 -0.5877535 0.258024 0.434697 -0.8628222 0.7033546 0.1594676 -0.692721 0.4341447 0.5877535 -0.682689 0.2683162 0.1536088 -0.9510051 0.682689 0.4341447 -0.5877535 0.5168605 1.819263e-17 -0.8560697 0.692721 0.7033546 0.1594676 0.8628222 0.258024 0.434697 0.5877535 0.682689 0.4341447 0.8560697 0.5168605 4.548159e-18 0.692721 -0.7033546 0.1594676 0.8628222 -0.258024 0.434697 0.5877535 -0.682689 0.4341447 0.8560697 -0.5168605 2.274079e-17 0.258024 -0.434697 0.8628222 0.7033546 -0.1594676 0.692721 0.4341447 -0.5877535 0.682689 0.2683162 -0.1536088 0.9510051 0.682689 -0.4341447 0.5877535 0.258024 0.434697 0.8628222 0.7033546 0.1594676 0.692721 0.4341447 0.5877535 0.682689 0.2683162 0.1536088 0.9510051 0.682689 0.4341447 0.5877535 0.5168605 0 0.8560697 0.9613786 0 -0.2752294 0.9613786 -1.360963e-17 0.2752294 0.9510051 0.2683162 -0.1536088 0.9510051 -0.2683162 -0.1536088 0.9510051 0.2683162 0.1536088 0.9510051 -0.2683162 0.1536088 -0.692721 0.7033546 -0.1594676 -0.8628222 0.258024 -0.434697 -0.5877535 0.682689 -0.4341447 -0.692721 -0.7033546 -0.1594676 -0.8628222 -0.258024 -0.434697 -0.5877535 -0.682689 -0.4341447 -0.258024 -0.434697 -0.8628222 -0.7033546 -0.1594676 -0.692721 -0.4341447 -0.5877535 -0.682689 -0.2683162 -0.1536088 -0.9510051 -0.682689 -0.4341447 -0.5877535 -0.258024 0.434697 -0.8628222 -0.7033546 0.1594676 -0.692721 -0.4341447 0.5877535 -0.682689 -0.2683162 0.1536088 -0.9510051 -0.682689 0.4341447 -0.5877535 -0.5168605 -1.819263e-17 -0.8560697 -0.692721 0.7033546 0.1594676 -0.8628222 0.258024 0.434697 -0.5877535 0.682689 0.4341447 -0.8560697 0.5168605 2.274079e-17 -0.692721 -0.7033546 0.1594676 -0.8628222 -0.258024 0.434697 -0.5877535 -0.682689 0.4341447 -0.8560697 -0.5168605 4.548159e-18 -0.258024 -0.434697 0.8628222 -0.7033546 -0.1594676 0.692721 -0.4341447 -0.5877535 0.682689 -0.2683162 -0.1536088 0.9510051 -0.682689 -0.4341447 0.5877535 -0.258024 0.434697 0.8628222 -0.7033546 0.1594676 0.692721 -0.4341447 0.5877535 0.682689 -0.2683162 0.1536088 0.9510051 -0.682689 0.4341447 0.5877535 -0.5168605 0 0.8560697 -0.9613786 0 -0.2752294 -0.9613786 1.360963e-17 0.2752294 -0.9510051 0.2683162 -0.1536088 -0.9510051 -0.2683162 -0.1536088 -0.9510051 0.2683162 0.1536088 -0.9510051 -0.2683162 0.1536088 -0.5257311 0.8506508 0 0.5257311 0.8506508 0 -0.5257311 -0.8506508 -4.532411e-18 0.5257311 -0.8506508 -1.359723e-17 0 -0.5257311 0.8506508 -4.532411e-18 0.5257311 0.8506508 4.532411e-18 -0.5257311 -0.8506508 -1.133103e-17 0.5257311 -0.8506508 0.8506508 -9.064821e-18 -0.5257311 0.8506508 -2.266205e-18 0.5257311 -0.8506508 9.064821e-18 -0.5257311 -0.8506508 4.532411e-18 0.5257311 4.542523e-18 1 2.271261e-17 -4.542523e-18 -1 2.271261e-17 -0.309017 -0.809017 0.5 0.309017 -0.809017 0.5 -0.309017 0.809017 0.5 0.309017 0.809017 0.5 -9.085045e-18 0 1 -0.309017 -0.809017 -0.5 0.309017 -0.809017 -0.5 -0.309017 0.809017 -0.5 0.309017 0.809017 -0.5 -4.542523e-18 0 -1 0.809017 0.5 -0.309017 0.809017 -0.5 -0.309017 0.5 -0.309017 -0.809017 0.5 0.309017 -0.809017 0.809017 0.5 0.309017 0.809017 -0.5 0.309017 0.5 -0.309017 0.809017 0.5 0.309017 0.809017 1 4.542523e-18 3.179766e-17 -0.809017 0.5 -0.309017 -0.809017 -0.5 -0.309017 -0.5 -0.309017 -0.809017 -0.5 0.309017 -0.809017 -0.809017 0.5 0.309017 -0.809017 -0.5 0.309017 -0.5 -0.309017 0.809017 -0.5 0.309017 0.809017 -1 -4.542523e-18 3.179766e-17 -0.2752294 0.9613786 1.814617e-17 0.2752294 0.9613786 2.268272e-17 -0.2752294 -0.9613786 2.268272e-17 0.2752294 -0.9613786 1.814617e-17 -0.434697 -0.8628222 0.258024 -0.1594676 -0.692721 0.7033546 -0.1536088 -0.9510051 0.2683162 0.434697 -0.8628222 0.258024 0.1594676 -0.692721 0.7033546 0.1536088 -0.9510051 0.2683162 -4.548159e-18 -0.8560697 0.5168605 -0.434697 0.8628222 0.258024 -0.1594676 0.692721 0.7033546 -0.1536088 0.9510051 0.2683162 0.434697 0.8628222 0.258024 0.1594676 0.692721 0.7033546 0.1536088 0.9510051 0.2683162 4.548159e-18 0.8560697 0.5168605 -4.536544e-18 -0.2752294 0.9613786 -4.536544e-18 0.2752294 0.9613786 -0.434697 -0.8628222 -0.258024 -0.1594676 -0.692721 -0.7033546 -0.1536088 -0.9510051 -0.2683162 0.434697 -0.8628222 -0.258024 0.1594676 -0.692721 -0.7033546 0.1536088 -0.9510051 -0.2683162 9.096317e-18 -0.8560697 -0.5168605 -0.434697 0.8628222 -0.258024 -0.1594676 0.692721 -0.7033546 -0.1536088 0.9510051 -0.2683162 0.434697 0.8628222 -0.258024 0.1594676 0.692721 -0.7033546 0.1536088 0.9510051 -0.2683162 -4.548159e-18 0.8560697 -0.5168605 9.073087e-18 -0.2752294 -0.9613786 -1.360963e-17 0.2752294 -0.9613786 0.692721 0.7033546 -0.1594676 0.8628222 0.258024 -0.434697 0.5877535 0.682689 -0.4341447 0.692721 -0.7033546 -0.1594676 0.8628222 -0.258024 -0.434697 0.5877535 -0.682689 -0.4341447 0.258024 -0.434697 -0.8628222 0.7033546 -0.1594676 -0.692721 0.4341447 -0.5877535 -0.682689 0.2683162 -0.1536088 -0.9510051 0.682689 -0.4341447 -0.5877535 0.258024 0.434697 -0.8628222 0.7033546 0.1594676 -0.692721 0.4341447 0.5877535 -0.682689 0.2683162 0.1536088 -0.9510051 0.682689 0.4341447 -0.5877535 0.5168605 1.819263e-17 -0.8560697 0.692721 0.7033546 0.1594676 0.8628222 0.258024 0.434697 0.5877535 0.682689 0.4341447 0.8560697 0.5168605 9.096317e-18 0.692721 -0.7033546 0.1594676 0.8628222 -0.258024 0.434697 0.5877535 -0.682689 0.4341447 0.8560697 -0.5168605 1.819263e-17 0.258024 -0.434697 0.8628222 0.7033546 -0.1594676 0.692721 0.4341447 -0.5877535 0.682689 0.2683162 -0.1536088 0.9510051 0.682689 -0.4341447 0.5877535 0.258024 0.434697 0.8628222 0.7033546 0.1594676 0.692721 0.4341447 0.5877535 0.682689 0.2683162 0.1536088 0.9510051 0.682689 0.4341447 0.5877535 0.5168605 0 0.8560697 0.9613786 0 -0.2752294 0.9613786 -1.360963e-17 0.2752294 0.9510051 0.2683162 -0.1536088 0.9510051 -0.2683162 -0.1536088 0.9510051 0.2683162 0.1536088 0.9510051 -0.2683162 0.1536088 -0.692721 0.7033546 -0.1594676 -0.8628222 0.258024 -0.434697 -0.5877535 0.682689 -0.4341447 -0.692721 -0.7033546 -0.1594676 -0.8628222 -0.258024 -0.434697 -0.5877535 -0.682689 -0.4341447 -0.258024 -0.434697 -0.8628222 -0.7033546 -0.1594676 -0.692721 -0.4341447 -0.5877535 -0.682689 -0.2683162 -0.1536088 -0.9510051 -0.682689 -0.4341447 -0.5877535 -0.258024 0.434697 -0.8628222 -0.7033546 0.1594676 -0.692721 -0.4341447 0.5877535 -0.682689 -0.2683162 0.1536088 -0.9510051 -0.682689 0.4341447 -0.5877535 -0.5168605 -1.819263e-17 -0.8560697 -0.692721 0.7033546 0.1594676 -0.8628222 0.258024 0.434697 -0.5877535 0.682689 0.4341447 -0.8560697 0.5168605 1.819263e-17 -0.692721 -0.7033546 0.1594676 -0.8628222 -0.258024 0.434697 -0.5877535 -0.682689 0.4341447 -0.8560697 -0.5168605 4.548159e-18 -0.258024 -0.434697 0.8628222 -0.7033546 -0.1594676 0.692721 -0.4341447 -0.5877535 0.682689 -0.2683162 -0.1536088 0.9510051 -0.682689 -0.4341447 0.5877535 -0.258024 0.434697 0.8628222 -0.7033546 0.1594676 0.692721 -0.4341447 0.5877535 0.682689 -0.2683162 0.1536088 0.9510051 -0.682689 0.4341447 0.5877535 -0.5168605 0 0.8560697 -0.9613786 0 -0.2752294 -0.9613786 1.360963e-17 0.2752294 -0.9510051 0.2683162 -0.1536088 -0.9510051 -0.2683162 -0.1536088 -0.9510051 0.2683162 0.1536088 -0.9510051 -0.2683162 0.1536088</float_array>
          <technique_common>
            <accessor count="5508" source="#normals-array-array" stride="3">
              <param type="float" name="X" />
              <param type="float" name="Y" />
              <param type="float" name="Z" />
            </accessor>
          </technique_common>
        </source>
        <vertices id="verts-array-vertices">
          <input semantic="POSITION" source="#verts-array" />
        </vertices>
        <triangles count="10880" material="material0">
          <input offset="0" semantic="VERTEX" source="#verts-array-vertices" />
          <input offset="1" semantic="NORMAL" source="#normals-array" />
          <p>0 0 137 137 53 53 137 137 37 37 139 139 53 53 139 139 16 16 137 137 139 139 53 53 37 37 138 138 154 154 138 138 11 11 151 151 154 154 151 151 40 40 138 138 151 151 154 154 16 16 152 152 54 54 152 152 40 40 150 150 54 54 150 150 5 5 152 152 150 150 54 54 37 37 154 154 139 139 154 154 40 40 152 152 139 139 152 152 16 16 154 154 152 152 139 139 0 0 53 53 42 42 53 53 16 16 55 55 42 42 55 55 12 12 53 53 55 55 42 42 16 16 54 54 59 59 54 54 5 5 57 57 59 59 57 57 17 17 54 54 57 57 59 59 12 12 58 58 43 43 58 58 17 17 56 56 43 43 56 56 1 1 58 58 56 56 43 43 16 16 59 59 55 55 59 59 17 17 58 58 55 55 58 58 12 12 59 59 58 58 55 55 0 0 42 42 69 69 42 42 12 12 71 71 69 69 71 71 21 21 42 42 71 71 69 69 12 12 43 43 74 74 43 43 1 1 72 72 74 74 72 72 22 22 43 43 72 72 74 74 21 21 75 75 70 70 75 75 22 22 73 73 70 70 73 73 7 7 75 75 73 73 70 70 12 12 74 74 71 71 74 74 22 22 75 75 71 71 75 75 21 21 74 74 75 75 71 71 0 0 69 69 120 120 69 69 21 21 122 122 120 120 122 122 33 33 69 69 122 122 120 120 21 21 70 70 133 133 70 70 7 7 131 131 133 133 131 131 36 36 70 70 131 131 133 133 33 33 135 135 121 121 135 135 36 36 132 132 121 121 132 132 10 10 135 135 132 132 121 121 21 21 133 133 122 122 133 133 36 36 135 135 122 122 135 135 33 33 133 133 135 135 122 122 0 0 120 120 137 137 120 120 33 33 140 140 137 137 140 140 37 37 120 120 140 140 137 137 33 33 121 121 158 158 121 121 10 10 156 156 158 158 156 156 41 41 121 121 156 156 158 158 37 37 160 160 138 138 160 160 41 41 157 157 138 138 157 157 11 11 160 160 157 157 138 138 33 33 158 158 140 140 158 158 41 41 160 160 140 140 160 160 37 37 158 158 160 160 140 140 1 1 56 56 95 95 56 56 17 17 97 97 95 95 97 97 28 28 56 56 97 97 95 95 17 17 57 57 110 110 57 57 5 5 108 108 110 110 108 108 31 31 57 57 108 108 110 110 28 28 112 112 96 96 112 112 31 31 109 109 96 96 109 109 9 9 112 112 109 109 96 96 17 17 110 110 97 97 110 110 31 31 112 112 97 97 112 112 28 28 110 110 112 112 97 97 5 5 150 150 61 61 150 150 40 40 153 153 61 61 153 153 18 18 150 150 153 153 61 61 40 40 151 151 155 155 151 151 11 11 146 146 155 155 146 146 39 39 151 151 146 146 155 155 18 18 148 148 60 60 148 148 39 39 145 145 60 60 145 145 4 4 148 148 145 145 60 60 40 40 155 155 153 153 155 155 39 39 148 148 153 153 148 148 18 18 155 155 148 148 153 153 11 11 157 157 142 142 157 157 41 41 161 161 142 142 161 161 38 38 157 157 161 161 142 142 41 41 156 156 159 159 156 156 10 10 124 124 159 159 124 124 34 34 156 156 124 124 159 159 38 38 144 144 141 141 144 144 34 34 123 123 141 141 123 123 2 2 144 144 123 123 141 141 41 41 159 159 161 161 159 159 34 34 144 144 161 161 144 144 38 38 159 159 144 144 161 161 10 10 132 132 127 127 132 132 36 36 136 136 127 127 136 136 35 35 132 132 136 136 127 127 36 36 131 131 134 134 131 131 7 7 77 77 134 134 77 77 23 23 131 131 77 77 134 134 35 35 129 129 126 126 129 129 23 23 76 76 126 126 76 76 6 6 129 129 76 76 126 126 36 36 134 134 136 136 134 134 23 23 129 129 136 136 129 129 35 35 134 134 129 129 136 136 7 7 73 73 89 89 73 73 22 22 91 91 89 89 91 91 27 27 73 73 91 91 89 89 22 22 72 72 80 80 72 72 1 1 78 78 80 80 78 78 24 24 72 72 78 78 80 80 27 27 93 93 90 90 93 93 24 24 79 79 90 90 79 79 8 8 93 93 79 79 90 90 22 22 80 80 91 91 80 80 24 24 93 93 91 91 93 93 27 27 80 80 93 93 91 91 3 3 99 99 49 49 99 99 29 29 101 101 49 49 101 101 15 15 99 99 101 101 49 49 29 29 100 100 107 107 100 100 9 9 104 104 107 107 104 104 30 30 100 100 104 104 107 107 15 15 105 105 50 50 105 105 30 30 103 103 50 50 103 103 4 4 105 105 103 103 50 50 29 29 107 107 101 101 107 107 30 30 105 105 101 101 105 105 15 15 107 107 105 105 101 101 3 3 49 49 45 45 49 49 15 15 51 51 45 45 51 51 13 13 49 49 51 51 45 45 15 15 50 50 52 52 50 50 4 4 47 47 52 52 47 47 14 14 50 50 47 47 52 52 13 13 48 48 44 44 48 48 14 14 46 46 44 44 46 46 2 2 48 48 46 46 44 44 15 15 52 52 51 51 52 52 14 14 48 48 51 51 48 48 13 13 52 52 48 48 51 51 3 3 45 45 65 65 45 45 13 13 67 67 65 65 67 67 20 20 45 45 67 67 65 65 13 13 44 44 64 64 44 44 2 2 62 62 64 64 62 62 19 19 44 44 62 62 64 64 20 20 68 68 66 66 68 68 19 19 63 63 66 66 63 63 6 6 68 68 63 63 66 66 13 13 64 64 67 67 64 64 19 19 68 68 67 67 68 68 20 20 64 64 68 68 67 67 3 3 65 65 81 81 65 65 20 20 83 83 81 81 83 83 25 25 65 65 83 83 81 81 20 20 66 66 86 86 66 66 6 6 84 84 86 86 84 84 26 26 66 66 84 84 86 86 25 25 88 88 82 82 88 88 26 26 85 85 82 82 85 85 8 8 88 88 85 85 82 82 20 20 86 86 83 83 86 86 26 26 88 88 83 83 88 88 25 25 86 86 88 88 83 83 3 3 81 81 99 99 81 81 25 25 102 102 99 99 102 102 29 29 81 81 102 102 99 99 25 25 82 82 117 117 82 82 8 8 114 114 117 117 114 114 32 32 82 82 114 114 117 117 29 29 119 119 100 100 119 119 32 32 115 115 100 100 115 115 9 9 119 119 115 115 100 100 25 25 117 117 102 102 117 117 32 32 119 119 102 102 119 119 29 29 117 117 119 119 102 102 4 4 103 103 60 60 103 103 30 30 106 106 60 60 106 106 18 18 103 103 106 106 60 60 30 30 104 104 113 113 104 104 9 9 109 109 113 113 109 109 31 31 104 104 109 109 113 113 18 18 111 111 61 61 111 111 31 31 108 108 61 61 108 108 5 5 111 111 108 108 61 61 30 30 113 113 106 106 113 113 31 31 111 111 106 106 111 111 18 18 113 113 111 111 106 106 2 2 46 46 141 141 46 46 14 14 143 143 141 141 143 143 38 38 46 46 143 143 141 141 14 14 47 47 147 147 47 47 4 4 145 145 147 147 145 145 39 39 47 47 145 145 147 147 38 38 149 149 142 142 149 149 39 39 146 146 142 142 146 146 11 11 149 149 146 146 142 142 14 14 147 147 143 143 147 147 39 39 149 149 143 143 149 149 38 38 147 147 149 149 143 143 6 6 63 63 126 126 63 63 19 19 128 128 126 126 128 128 35 35 63 63 128 128 126 126 19 19 62 62 125 125 62 62 2 2 123 123 125 125 123 123 34 34 62 62 123 123 125 125 35 35 130 130 127 127 130 130 34 34 124 124 127 127 124 124 10 10 130 130 124 124 127 127 19 19 125 125 128 128 125 125 34 34 130 130 128 128 130 130 35 35 125 125 130 130 128 128 8 8 85 85 90 90 85 85 26 26 94 94 90 90 94 94 27 27 85 85 94 94 90 90 26 26 84 84 87 87 84 84 6 6 76 76 87 87 76 76 23 23 84 84 76 76 87 87 27 27 92 92 89 89 92 92 23 23 77 77 89 89 77 77 7 7 92 92 77 77 89 89 26 26 87 87 94 94 87 87 23 23 92 92 94 94 92 92 27 27 87 87 92 92 94 94 9 9 115 115 96 96 115 115 32 32 118 118 96 96 118 118 28 28 115 115 118 118 96 96 32 32 114 114 116 116 114 114 8 8 79 79 116 116 79 79 24 24 114 114 79 79 116 116 28 28 98 98 95 95 98 98 24 24 78 78 95 95 78 78 1 1 98 98 78 78 95 95 32 32 116 116 118 118 116 116 24 24 98 98 118 118 98 98 28 28 116 116 98 98 118 118 162 162 299 299 215 215 299 299 199 199 301 301 215 215 301 301 178 178 299 299 301 301 215 215 199 199 300 300 316 316 300 300 173 173 313 313 316 316 313 313 202 202 300 300 313 313 316 316 178 178 314 314 216 216 314 314 202 202 312 312 216 216 312 312 167 167 314 314 312 312 216 216 199 199 316 316 301 301 316 316 202 202 314 314 301 301 314 314 178 178 316 316 314 314 301 301 162 162 215 215 204 204 215 215 178 178 217 217 204 204 217 217 174 174 215 215 217 217 204 204 178 178 216 216 221 221 216 216 167 167 219 219 221 221 219 219 179 179 216 216 219 219 221 221 174 174 220 220 205 205 220 220 179 179 218 218 205 205 218 218 163 163 220 220 218 218 205 205 178 178 221 221 217 217 221 221 179 179 220 220 217 217 220 220 174 174 221 221 220 220 217 217 162 162 204 204 231 231 204 204 174 174 233 233 231 231 233 233 183 183 204 204 233 233 231 231 174 174 205 205 236 236 205 205 163 163 234 234 236 236 234 234 184 184 205 205 234 234 236 236 183 183 237 237 232 232 237 237 184 184 235 235 232 232 235 235 169 169 237 237 235 235 232 232 174 174 236 236 233 233 236 236 184 184 237 237 233 233 237 237 183 183 236 236 237 237 233 233 162 162 231 231 282 282 231 231 183 183 284 284 282 282 284 284 195 195 231 231 284 284 282 282 183 183 232 232 295 295 232 232 169 169 293 293 295 295 293 293 198 198 232 232 293 293 295 295 195 195 297 297 283 283 297 297 198 198 294 294 283 283 294 294 172 172 297 297 294 294 283 283 183 183 295 295 284 284 295 295 198 198 297 297 284 284 297 297 195 195 295 295 297 297 284 284 162 162 282 282 299 299 282 282 195 195 302 302 299 299 302 302 199 199 282 282 302 302 299 299 195 195 283 283 320 320 283 283 172 172 318 318 320 320 318 318 203 203 283 283 318 318 320 320 199 199 322 322 300 300 322 322 203 203 319 319 300 300 319 319 173 173 322 322 319 319 300 300 195 195 320 320 302 302 320 320 203 203 322 322 302 302 322 322 199 199 320 320 322 322 302 302 163 163 218 218 257 257 218 218 179 179 259 259 257 257 259 259 190 190 218 218 259 259 257 257 179 179 219 219 272 272 219 219 167 167 270 270 272 272 270 270 193 193 219 219 270 270 272 272 190 190 274 274 258 258 274 274 193 193 271 271 258 258 271 271 171 171 274 274 271 271 258 258 179 179 272 272 259 259 272 272 193 193 274 274 259 259 274 274 190 190 272 272 274 274 259 259 167 167 312 312 223 223 312 312 202 202 315 315 223 223 315 315 180 180 312 312 315 315 223 223 202 202 313 313 317 317 313 313 173 173 308 308 317 317 308 308 201 201 313 313 308 308 317 317 180 180 310 310 222 222 310 310 201 201 307 307 222 222 307 307 166 166 310 310 307 307 222 222 202 202 317 317 315 315 317 317 201 201 310 310 315 315 310 310 180 180 317 317 310 310 315 315 173 173 319 319 304 304 319 319 203 203 323 323 304 304 323 323 200 200 319 319 323 323 304 304 203 203 318 318 321 321 318 318 172 172 286 286 321 321 286 286 196 196 318 318 286 286 321 321 200 200 306 306 303 303 306 306 196 196 285 285 303 303 285 285 164 164 306 306 285 285 303 303 203 203 321 321 323 323 321 321 196 196 306 306 323 323 306 306 200 200 321 321 306 306 323 323 172 172 294 294 289 289 294 294 198 198 298 298 289 289 298 298 197 197 294 294 298 298 289 289 198 198 293 293 296 296 293 293 169 169 239 239 296 296 239 239 185 185 293 293 239 239 296 296 197 197 291 291 288 288 291 291 185 185 238 238 288 288 238 238 168 168 291 291 238 238 288 288 198 198 296 296 298 298 296 296 185 185 291 291 298 298 291 291 197 197 296 296 291 291 298 298 169 169 235 235 251 251 235 235 184 184 253 253 251 251 253 253 189 189 235 235 253 253 251 251 184 184 234 234 242 242 234 234 163 163 240 240 242 242 240 240 186 186 234 234 240 240 242 242 189 189 255 255 252 252 255 255 186 186 241 241 252 252 241 241 170 170 255 255 241 241 252 252 184 184 242 242 253 253 242 242 186 186 255 255 253 253 255 255 189 189 242 242 255 255 253 253 165 165 261 261 211 211 261 261 191 191 263 263 211 211 263 263 177 177 261 261 263 263 211 211 191 191 262 262 269 269 262 262 171 171 266 266 269 269 266 266 192 192 262 262 266 266 269 269 177 177 267 267 212 212 267 267 192 192 265 265 212 212 265 265 166 166 267 267 265 265 212 212 191 191 269 269 263 263 269 269 192 192 267 267 263 263 267 267 177 177 269 269 267 267 263 263 165 165 211 211 207 207 211 211 177 177 213 213 207 207 213 213 175 175 211 211 213 213 207 207 177 177 212 212 214 214 212 212 166 166 209 209 214 214 209 209 176 176 212 212 209 209 214 214 175 175 210 210 206 206 210 210 176 176 208 208 206 206 208 208 164 164 210 210 208 208 206 206 177 177 214 214 213 213 214 214 176 176 210 210 213 213 210 210 175 175 214 214 210 210 213 213 165 165 207 207 227 227 207 207 175 175 229 229 227 227 229 229 182 182 207 207 229 229 227 227 175 175 206 206 226 226 206 206 164 164 224 224 226 226 224 224 181 181 206 206 224 224 226 226 182 182 230 230 228 228 230 230 181 181 225 225 228 228 225 225 168 168 230 230 225 225 228 228 175 175 226 226 229 229 226 226 181 181 230 230 229 229 230 230 182 182 226 226 230 230 229 229 165 165 227 227 243 243 227 227 182 182 245 245 243 243 245 245 187 187 227 227 245 245 243 243 182 182 228 228 248 248 228 228 168 168 246 246 248 248 246 246 188 188 228 228 246 246 248 248 187 187 250 250 244 244 250 250 188 188 247 247 244 244 247 247 170 170 250 250 247 247 244 244 182 182 248 248 245 245 248 248 188 188 250 250 245 245 250 250 187 187 248 248 250 250 245 245 165 165 243 243 261 261 243 243 187 187 264 264 261 261 264 264 191 191 243 243 264 264 261 261 187 187 244 244 279 279 244 244 170 170 276 276 279 279 276 276 194 194 244 244 276 276 279 279 191 191 281 281 262 262 281 281 194 194 277 277 262 262 277 277 171 171 281 281 277 277 262 262 187 187 279 279 264 264 279 279 194 194 281 281 264 264 281 281 191 191 279 279 281 281 264 264 166 166 265 265 222 222 265 265 192 192 268 268 222 222 268 268 180 180 265 265 268 268 222 222 192 192 266 266 275 275 266 266 171 171 271 271 275 275 271 271 193 193 266 266 271 271 275 275 180 180 273 273 223 223 273 273 193 193 270 270 223 223 270 270 167 167 273 273 270 270 223 223 192 192 275 275 268 268 275 275 193 193 273 273 268 268 273 273 180 180 275 275 273 273 268 268 164 164 208 208 303 303 208 208 176 176 305 305 303 303 305 305 200 200 208 208 305 305 303 303 176 176 209 209 309 309 209 209 166 166 307 307 309 309 307 307 201 201 209 209 307 307 309 309 200 200 311 311 304 304 311 311 201 201 308 308 304 304 308 308 173 173 311 311 308 308 304 304 176 176 309 309 305 305 309 309 201 201 311 311 305 305 311 311 200 200 309 309 311 311 305 305 168 168 225 225 288 288 225 225 181 181 290 290 288 288 290 290 197 197 225 225 290 290 288 288 181 181 224 224 287 287 224 224 164 164 285 285 287 287 285 285 196 196 224 224 285 285 287 287 197 197 292 292 289 289 292 292 196 196 286 286 289 289 286 286 172 172 292 292 286 286 289 289 181 181 287 287 290 290 287 287 196 196 292 292 290 290 292 292 197 197 287 287 292 292 290 290 170 170 247 247 252 252 247 247 188 188 256 256 252 252 256 256 189 189 247 247 256 256 252 252 188 188 246 246 249 249 246 246 168 168 238 238 249 249 238 238 185 185 246 246 238 238 249 249 189 189 254 254 251 251 254 254 185 185 239 239 251 251 239 239 169 169 254 254 239 239 251 251 188 188 249 249 256 256 249 249 185 185 254 254 256 256 254 254 189 189 249 249 254 254 256 256 171 171 277 277 258 258 277 277 194 194 280 280 258 258 280 280 190 190 277 277 280 280 258 258 194 194 276 276 278 278 276 276 170 170 241 241 278 278 241 241 186 186 276 276 241 241 278 278 190 190 260 260 257 257 260 260 186 186 240 240 257 257 240 240 163 163 260 260 240 240 257 257 194 194 278 278 280 280 278 278 186 186 260 260 280 280 260 260 190 190 278 278 260 260 280 280 324 324 461 461 377 377 461 461 361 361 463 463 377 377 463 463 340 340 461 461 463 463 377 377 361 361 462 462 478 478 462 462 335 335 475 475 478 478 475 475 364 364 462 462 475 475 478 478 340 340 476 476 378 378 476 476 364 364 474 474 378 378 474 474 329 329 476 476 474 474 378 378 361 361 478 478 463 463 478 478 364 364 476 476 463 463 476 476 340 340 478 478 476 476 463 463 324 324 377 377 366 366 377 377 340 340 379 379 366 366 379 379 336 336 377 377 379 379 366 366 340 340 378 378 383 383 378 378 329 329 381 381 383 383 381 381 341 341 378 378 381 381 383 383 336 336 382 382 367 367 382 382 341 341 380 380 367 367 380 380 325 325 382 382 380 380 367 367 340 340 383 383 379 379 383 383 341 341 382 382 379 379 382 382 336 336 383 383 382 382 379 379 324 324 366 366 393 393 366 366 336 336 395 395 393 393 395 395 345 345 366 366 395 395 393 393 336 336 367 367 398 398 367 367 325 325 396 396 398 398 396 396 346 346 367 367 396 396 398 398 345 345 399 399 394 394 399 399 346 346 397 397 394 394 397 397 331 331 399 399 397 397 394 394 336 336 398 398 395 395 398 398 346 346 399 399 395 395 399 399 345 345 398 398 399 399 395 395 324 324 393 393 444 444 393 393 345 345 446 446 444 444 446 446 357 357 393 393 446 446 444 444 345 345 394 394 457 457 394 394 331 331 455 455 457 457 455 455 360 360 394 394 455 455 457 457 357 357 459 459 445 445 459 459 360 360 456 456 445 445 456 456 334 334 459 459 456 456 445 445 345 345 457 457 446 446 457 457 360 360 459 459 446 446 459 459 357 357 457 457 459 459 446 446 324 324 444 444 461 461 444 444 357 357 464 464 461 461 464 464 361 361 444 444 464 464 461 461 357 357 445 445 482 482 445 445 334 334 480 480 482 482 480 480 365 365 445 445 480 480 482 482 361 361 484 484 462 462 484 484 365 365 481 481 462 462 481 481 335 335 484 484 481 481 462 462 357 357 482 482 464 464 482 482 365 365 484 484 464 464 484 484 361 361 482 482 484 484 464 464 325 325 380 380 419 419 380 380 341 341 421 421 419 419 421 421 352 352 380 380 421 421 419 419 341 341 381 381 434 434 381 381 329 329 432 432 434 434 432 432 355 355 381 381 432 432 434 434 352 352 436 436 420 420 436 436 355 355 433 433 420 420 433 433 333 333 436 436 433 433 420 420 341 341 434 434 421 421 434 434 355 355 436 436 421 421 436 436 352 352 434 434 436 436 421 421 329 329 474 474 385 385 474 474 364 364 477 477 385 385 477 477 342 342 474 474 477 477 385 385 364 364 475 475 479 479 475 475 335 335 470 470 479 479 470 470 363 363 475 475 470 470 479 479 342 342 472 472 384 384 472 472 363 363 469 469 384 384 469 469 328 328 472 472 469 469 384 384 364 364 479 479 477 477 479 479 363 363 472 472 477 477 472 472 342 342 479 479 472 472 477 477 335 335 481 481 466 466 481 481 365 365 485 485 466 466 485 485 362 362 481 481 485 485 466 466 365 365 480 480 483 483 480 480 334 334 448 448 483 483 448 448 358 358 480 480 448 448 483 483 362 362 468 468 465 465 468 468 358 358 447 447 465 465 447 447 326 326 468 468 447 447 465 465 365 365 483 483 485 485 483 483 358 358 468 468 485 485 468 468 362 362 483 483 468 468 485 485 334 334 456 456 451 451 456 456 360 360 460 460 451 451 460 460 359 359 456 456 460 460 451 451 360 360 455 455 458 458 455 455 331 331 401 401 458 458 401 401 347 347 455 455 401 401 458 458 359 359 453 453 450 450 453 453 347 347 400 400 450 450 400 400 330 330 453 453 400 400 450 450 360 360 458 458 460 460 458 458 347 347 453 453 460 460 453 453 359 359 458 458 453 453 460 460 331 331 397 397 413 413 397 397 346 346 415 415 413 413 415 415 351 351 397 397 415 415 413 413 346 346 396 396 404 404 396 396 325 325 402 402 404 404 402 402 348 348 396 396 402 402 404 404 351 351 417 417 414 414 417 417 348 348 403 403 414 414 403 403 332 332 417 417 403 403 414 414 346 346 404 404 415 415 404 404 348 348 417 417 415 415 417 417 351 351 404 404 417 417 415 415 327 327 423 423 373 373 423 423 353 353 425 425 373 373 425 425 339 339 423 423 425 425 373 373 353 353 424 424 431 431 424 424 333 333 428 428 431 431 428 428 354 354 424 424 428 428 431 431 339 339 429 429 374 374 429 429 354 354 427 427 374 374 427 427 328 328 429 429 427 427 374 374 353 353 431 431 425 425 431 431 354 354 429 429 425 425 429 429 339 339 431 431 429 429 425 425 327 327 373 373 369 369 373 373 339 339 375 375 369 369 375 375 337 337 373 373 375 375 369 369 339 339 374 374 376 376 374 374 328 328 371 371 376 376 371 371 338 338 374 374 371 371 376 376 337 337 372 372 368 368 372 372 338 338 370 370 368 368 370 370 326 326 372 372 370 370 368 368 339 339 376 376 375 375 376 376 338 338 372 372 375 375 372 372 337 337 376 376 372 372 375 375 327 327 369 369 389 389 369 369 337 337 391 391 389 389 391 391 344 344 369 369 391 391 389 389 337 337 368 368 388 388 368 368 326 326 386 386 388 388 386 386 343 343 368 368 386 386 388 388 344 344 392 392 390 390 392 392 343 343 387 387 390 390 387 387 330 330 392 392 387 387 390 390 337 337 388 388 391 391 388 388 343 343 392 392 391 391 392 392 344 344 388 388 392 392 391 391 327 327 389 389 405 405 389 389 344 344 407 407 405 405 407 407 349 349 389 389 407 407 405 405 344 344 390 390 410 410 390 390 330 330 408 408 410 410 408 408 350 350 390 390 408 408 410 410 349 349 412 412 406 406 412 412 350 350 409 409 406 406 409 409 332 332 412 412 409 409 406 406 344 344 410 410 407 407 410 410 350 350 412 412 407 407 412 412 349 349 410 410 412 412 407 407 327 327 405 405 423 423 405 405 349 349 426 426 423 423 426 426 353 353 405 405 426 426 423 423 349 349 406 406 441 441 406 406 332 332 438 438 441 441 438 438 356 356 406 406 438 438 441 441 353 353 443 443 424 424 443 443 356 356 439 439 424 424 439 439 333 333 443 443 439 439 424 424 349 349 441 441 426 426 441 441 356 356 443 443 426 426 443 443 353 353 441 441 443 443 426 426 328 328 427 427 384 384 427 427 354 354 430 430 384 384 430 430 342 342 427 427 430 430 384 384 354 354 428 428 437 437 428 428 333 333 433 433 437 437 433 433 355 355 428 428 433 433 437 437 342 342 435 435 385 385 435 435 355 355 432 432 385 385 432 432 329 329 435 435 432 432 385 385 354 354 437 437 430 430 437 437 355 355 435 435 430 430 435 435 342 342 437 437 435 435 430 430 326 326 370 370 465 465 370 370 338 338 467 467 465 465 467 467 362 362 370 370 467 467 465 465 338 338 371 371 471 471 371 371 328 328 469 469 471 471 469 469 363 363 371 371 469 469 471 471 362 362 473 473 466 466 473 473 363 363 470 470 466 466 470 470 335 335 473 473 470 470 466 466 338 338 471 471 467 467 471 471 363 363 473 473 467 467 473 473 362 362 471 471 473 473 467 467 330 330 387 387 450 450 387 387 343 343 452 452 450 450 452 452 359 359 387 387 452 452 450 450 343 343 386 386 449 449 386 386 326 326 447 447 449 449 447 447 358 358 386 386 447 447 449 449 359 359 454 454 451 451 454 454 358 358 448 448 451 451 448 448 334 334 454 454 448 448 451 451 343 343 449 449 452 452 449 449 358 358 454 454 452 452 454 454 359 359 449 449 454 454 452 452 332 332 409 409 414 414 409 409 350 350 418 418 414 414 418 418 351 351 409 409 418 418 414 414 350 350 408 408 411 411 408 408 330 330 400 400 411 411 400 400 347 347 408 408 400 400 411 411 351 351 416 416 413 413 416 416 347 347 401 401 413 413 401 401 331 331 416 416 401 401 413 413 350 350 411 411 418 418 411 411 347 347 416 416 418 418 416 416 351 351 411 411 416 416 418 418 333 333 439 439 420 420 439 439 356 356 442 442 420 420 442 442 352 352 439 439 442 442 420 420 356 356 438 438 440 440 438 438 332 332 403 403 440 440 403 403 348 348 438 438 403 403 440 440 352 352 422 422 419 419 422 422 348 348 402 402 419 419 402 402 325 325 422 422 402 402 419 419 356 356 440 440 442 442 440 440 348 348 422 422 442 442 422 422 352 352 440 440 422 422 442 442 486 486 623 623 539 539 623 623 523 523 625 625 539 539 625 625 502 502 623 623 625 625 539 539 523 523 624 624 640 640 624 624 497 497 637 637 640 640 637 637 526 526 624 624 637 637 640 640 502 502 638 638 540 540 638 638 526 526 636 636 540 540 636 636 491 491 638 638 636 636 540 540 523 523 640 640 625 625 640 640 526 526 638 638 625 625 638 638 502 502 640 640 638 638 625 625 486 486 539 539 528 528 539 539 502 502 541 541 528 528 541 541 498 498 539 539 541 541 528 528 502 502 540 540 545 545 540 540 491 491 543 543 545 545 543 543 503 503 540 540 543 543 545 545 498 498 544 544 529 529 544 544 503 503 542 542 529 529 542 542 487 487 544 544 542 542 529 529 502 502 545 545 541 541 545 545 503 503 544 544 541 541 544 544 498 498 545 545 544 544 541 541 486 486 528 528 555 555 528 528 498 498 557 557 555 555 557 557 507 507 528 528 557 557 555 555 498 498 529 529 560 560 529 529 487 487 558 558 560 560 558 558 508 508 529 529 558 558 560 560 507 507 561 561 556 556 561 561 508 508 559 559 556 556 559 559 493 493 561 561 559 559 556 556 498 498 560 560 557 557 560 560 508 508 561 561 557 557 561 561 507 507 560 560 561 561 557 557 486 486 555 555 606 606 555 555 507 507 608 608 606 606 608 608 519 519 555 555 608 608 606 606 507 507 556 556 619 619 556 556 493 493 617 617 619 619 617 617 522 522 556 556 617 617 619 619 519 519 621 621 607 607 621 621 522 522 618 618 607 607 618 618 496 496 621 621 618 618 607 607 507 507 619 619 608 608 619 619 522 522 621 621 608 608 621 621 519 519 619 619 621 621 608 608 486 486 606 606 623 623 606 606 519 519 626 626 623 623 626 626 523 523 606 606 626 626 623 623 519 519 607 607 644 644 607 607 496 496 642 642 644 644 642 642 527 527 607 607 642 642 644 644 523 523 646 646 624 624 646 646 527 527 643 643 624 624 643 643 497 497 646 646 643 643 624 624 519 519 644 644 626 626 644 644 527 527 646 646 626 626 646 646 523 523 644 644 646 646 626 626 487 487 542 542 581 581 542 542 503 503 583 583 581 581 583 583 514 514 542 542 583 583 581 581 503 503 543 543 596 596 543 543 491 491 594 594 596 596 594 594 517 517 543 543 594 594 596 596 514 514 598 598 582 582 598 598 517 517 595 595 582 582 595 595 495 495 598 598 595 595 582 582 503 503 596 596 583 583 596 596 517 517 598 598 583 583 598 598 514 514 596 596 598 598 583 583 491 491 636 636 547 547 636 636 526 526 639 639 547 547 639 639 504 504 636 636 639 639 547 547 526 526 637 637 641 641 637 637 497 497 632 632 641 641 632 632 525 525 637 637 632 632 641 641 504 504 634 634 546 546 634 634 525 525 631 631 546 546 631 631 490 490 634 634 631 631 546 546 526 526 641 641 639 639 641 641 525 525 634 634 639 639 634 634 504 504 641 641 634 634 639 639 497 497 643 643 628 628 643 643 527 527 647 647 628 628 647 647 524 524 643 643 647 647 628 628 527 527 642 642 645 645 642 642 496 496 610 610 645 645 610 610 520 520 642 642 610 610 645 645 524 524 630 630 627 627 630 630 520 520 609 609 627 627 609 609 488 488 630 630 609 609 627 627 527 527 645 645 647 647 645 645 520 520 630 630 647 647 630 630 524 524 645 645 630 630 647 647 496 496 618 618 613 613 618 618 522 522 622 622 613 613 622 622 521 521 618 618 622 622 613 613 522 522 617 617 620 620 617 617 493 493 563 563 620 620 563 563 509 509 617 617 563 563 620 620 521 521 615 615 612 612 615 615 509 509 562 562 612 612 562 562 492 492 615 615 562 562 612 612 522 522 620 620 622 622 620 620 509 509 615 615 622 622 615 615 521 521 620 620 615 615 622 622 493 493 559 559 575 575 559 559 508 508 577 577 575 575 577 577 513 513 559 559 577 577 575 575 508 508 558 558 566 566 558 558 487 487 564 564 566 566 564 564 510 510 558 558 564 564 566 566 513 513 579 579 576 576 579 579 510 510 565 565 576 576 565 565 494 494 579 579 565 565 576 576 508 508 566 566 577 577 566 566 510 510 579 579 577 577 579 579 513 513 566 566 579 579 577 577 489 489 585 585 535 535 585 585 515 515 587 587 535 535 587 587 501 501 585 585 587 587 535 535 515 515 586 586 593 593 586 586 495 495 590 590 593 593 590 590 516 516 586 586 590 590 593 593 501 501 591 591 536 536 591 591 516 516 589 589 536 536 589 589 490 490 591 591 589 589 536 536 515 515 593 593 587 587 593 593 516 516 591 591 587 587 591 591 501 501 593 593 591 591 587 587 489 489 535 535 531 531 535 535 501 501 537 537 531 531 537 537 499 499 535 535 537 537 531 531 501 501 536 536 538 538 536 536 490 490 533 533 538 538 533 533 500 500 536 536 533 533 538 538 499 499 534 534 530 530 534 534 500 500 532 532 530 530 532 532 488 488 534 534 532 532 530 530 501 501 538 538 537 537 538 538 500 500 534 534 537 537 534 534 499 499 538 538 534 534 537 537 489 489 531 531 551 551 531 531 499 499 553 553 551 551 553 553 506 506 531 531 553 553 551 551 499 499 530 530 550 550 530 530 488 488 548 548 550 550 548 548 505 505 530 530 548 548 550 550 506 506 554 554 552 552 554 554 505 505 549 549 552 552 549 549 492 492 554 554 549 549 552 552 499 499 550 550 553 553 550 550 505 505 554 554 553 553 554 554 506 506 550 550 554 554 553 553 489 489 551 551 567 567 551 551 506 506 569 569 567 567 569 569 511 511 551 551 569 569 567 567 506 506 552 552 572 572 552 552 492 492 570 570 572 572 570 570 512 512 552 552 570 570 572 572 511 511 574 574 568 568 574 574 512 512 571 571 568 568 571 571 494 494 574 574 571 571 568 568 506 506 572 572 569 569 572 572 512 512 574 574 569 569 574 574 511 511 572 572 574 574 569 569 489 489 567 567 585 585 567 567 511 511 588 588 585 585 588 588 515 515 567 567 588 588 585 585 511 511 568 568 603 603 568 568 494 494 600 600 603 603 600 600 518 518 568 568 600 600 603 603 515 515 605 605 586 586 605 605 518 518 601 601 586 586 601 601 495 495 605 605 601 601 586 586 511 511 603 603 588 588 603 603 518 518 605 605 588 588 605 605 515 515 603 603 605 605 588 588 490 490 589 589 546 546 589 589 516 516 592 592 546 546 592 592 504 504 589 589 592 592 546 546 516 516 590 590 599 599 590 590 495 495 595 595 599 599 595 595 517 517 590 590 595 595 599 599 504 504 597 597 547 547 597 597 517 517 594 594 547 547 594 594 491 491 597 597 594 594 547 547 516 516 599 599 592 592 599 599 517 517 597 597 592 592 597 597 504 504 599 599 597 597 592 592 488 488 532 532 627 627 532 532 500 500 629 629 627 627 629 629 524 524 532 532 629 629 627 627 500 500 533 533 633 633 533 533 490 490 631 631 633 633 631 631 525 525 533 533 631 631 633 633 524 524 635 635 628 628 635 635 525 525 632 632 628 628 632 632 497 497 635 635 632 632 628 628 500 500 633 633 629 629 633 633 525 525 635 635 629 629 635 635 524 524 633 633 635 635 629 629 492 492 549 549 612 612 549 549 505 505 614 614 612 612 614 614 521 521 549 549 614 614 612 612 505 505 548 548 611 611 548 548 488 488 609 609 611 611 609 609 520 520 548 548 609 609 611 611 521 521 616 616 613 613 616 616 520 520 610 610 613 613 610 610 496 496 616 616 610 610 613 613 505 505 611 611 614 614 611 611 520 520 616 616 614 614 616 616 521 521 611 611 616 616 614 614 494 494 571 571 576 576 571 571 512 512 580 580 576 576 580 580 513 513 571 571 580 580 576 576 512 512 570 570 573 573 570 570 492 492 562 562 573 573 562 562 509 509 570 570 562 562 573 573 513 513 578 578 575 575 578 578 509 509 563 563 575 575 563 563 493 493 578 578 563 563 575 575 512 512 573 573 580 580 573 573 509 509 578 578 580 580 578 578 513 513 573 573 578 578 580 580 495 495 601 601 582 582 601 601 518 518 604 604 582 582 604 604 514 514 601 601 604 604 582 582 518 518 600 600 602 602 600 600 494 494 565 565 602 602 565 565 510 510 600 600 565 565 602 602 514 514 584 584 581 581 584 584 510 510 564 564 581 581 564 564 487 487 584 584 564 564 581 581 518 518 602 602 604 604 602 602 510 510 584 584 604 604 584 584 514 514 602 602 584 584 604 604 648 648 785 785 701 701 785 785 685 685 787 787 701 701 787 787 664 664 785 785 787 787 701 701 685 685 786 786 802 802 786 786 659 659 799 799 802 802 799 799 688 688 786 786 799 799 802 802 664 664 800 800 702 702 800 800 688 688 798 798 702 702 798 798 653 653 800 800 798 798 702 702 685 685 802 802 787 787 802 802 688 688 800 800 787 787 800 800 664 664 802 802 800 800 787 787 648 648 701 701 690 690 701 701 664 664 703 703 690 690 703 703 660 660 701 701 703 703 690 690 664 664 702 702 707 707 702 702 653 653 705 705 707 707 705 705 665 665 702 702 705 705 707 707 660 660 706 706 691 691 706 706 665 665 704 704 691 691 704 704 649 649 706 706 704 704 691 691 664 664 707 707 703 703 707 707 665 665 706 706 703 703 706 706 660 660 707 707 706 706 703 703 648 648 690 690 717 717 690 690 660 660 719 719 717 717 719 719 669 669 690 690 719 719 717 717 660 660 691 691 722 722 691 691 649 649 720 720 722 722 720 720 670 670 691 691 720 720 722 722 669 669 723 723 718 718 723 723 670 670 721 721 718 718 721 721 655 655 723 723 721 721 718 718 660 660 722 722 719 719 722 722 670 670 723 723 719 719 723 723 669 669 722 722 723 723 719 719 648 648 717 717 768 768 717 717 669 669 770 770 768 768 770 770 681 681 717 717 770 770 768 768 669 669 718 718 781 781 718 718 655 655 779 779 781 781 779 779 684 684 718 718 779 779 781 781 681 681 783 783 769 769 783 783 684 684 780 780 769 769 780 780 658 658 783 783 780 780 769 769 669 669 781 781 770 770 781 781 684 684 783 783 770 770 783 783 681 681 781 781 783 783 770 770 648 648 768 768 785 785 768 768 681 681 788 788 785 785 788 788 685 685 768 768 788 788 785 785 681 681 769 769 806 806 769 769 658 658 804 804 806 806 804 804 689 689 769 769 804 804 806 806 685 685 808 808 786 786 808 808 689 689 805 805 786 786 805 805 659 659 808 808 805 805 786 786 681 681 806 806 788 788 806 806 689 689 808 808 788 788 808 808 685 685 806 806 808 808 788 788 649 649 704 704 743 743 704 704 665 665 745 745 743 743 745 745 676 676 704 704 745 745 743 743 665 665 705 705 758 758 705 705 653 653 756 756 758 758 756 756 679 679 705 705 756 756 758 758 676 676 760 760 744 744 760 760 679 679 757 757 744 744 757 757 657 657 760 760 757 757 744 744 665 665 758 758 745 745 758 758 679 679 760 760 745 745 760 760 676 676 758 758 760 760 745 745 653 653 798 798 709 709 798 798 688 688 801 801 709 709 801 801 666 666 798 798 801 801 709 709 688 688 799 799 803 803 799 799 659 659 794 794 803 803 794 794 687 687 799 799 794 794 803 803 666 666 796 796 708 708 796 796 687 687 793 793 708 708 793 793 652 652 796 796 793 793 708 708 688 688 803 803 801 801 803 803 687 687 796 796 801 801 796 796 666 666 803 803 796 796 801 801 659 659 805 805 790 790 805 805 689 689 809 809 790 790 809 809 686 686 805 805 809 809 790 790 689 689 804 804 807 807 804 804 658 658 772 772 807 807 772 772 682 682 804 804 772 772 807 807 686 686 792 792 789 789 792 792 682 682 771 771 789 789 771 771 650 650 792 792 771 771 789 789 689 689 807 807 809 809 807 807 682 682 792 792 809 809 792 792 686 686 807 807 792 792 809 809 658 658 780 780 775 775 780 780 684 684 784 784 775 775 784 784 683 683 780 780 784 784 775 775 684 684 779 779 782 782 779 779 655 655 725 725 782 782 725 725 671 671 779 779 725 725 782 782 683 683 777 777 774 774 777 777 671 671 724 724 774 774 724 724 654 654 777 777 724 724 774 774 684 684 782 782 784 784 782 782 671 671 777 777 784 784 777 777 683 683 782 782 777 777 784 784 655 655 721 721 737 737 721 721 670 670 739 739 737 737 739 739 675 675 721 721 739 739 737 737 670 670 720 720 728 728 720 720 649 649 726 726 728 728 726 726 672 672 720 720 726 726 728 728 675 675 741 741 738 738 741 741 672 672 727 727 738 738 727 727 656 656 741 741 727 727 738 738 670 670 728 728 739 739 728 728 672 672 741 741 739 739 741 741 675 675 728 728 741 741 739 739 651 651 747 747 697 697 747 747 677 677 749 749 697 697 749 749 663 663 747 747 749 749 697 697 677 677 748 748 755 755 748 748 657 657 752 752 755 755 752 752 678 678 748 748 752 752 755 755 663 663 753 753 698 698 753 753 678 678 751 751 698 698 751 751 652 652 753 753 751 751 698 698 677 677 755 755 749 749 755 755 678 678 753 753 749 749 753 753 663 663 755 755 753 753 749 749 651 651 697 697 693 693 697 697 663 663 699 699 693 693 699 699 661 661 697 697 699 699 693 693 663 663 698 698 700 700 698 698 652 652 695 695 700 700 695 695 662 662 698 698 695 695 700 700 661 661 696 696 692 692 696 696 662 662 694 694 692 692 694 694 650 650 696 696 694 694 692 692 663 663 700 700 699 699 700 700 662 662 696 696 699 699 696 696 661 661 700 700 696 696 699 699 651 651 693 693 713 713 693 693 661 661 715 715 713 713 715 715 668 668 693 693 715 715 713 713 661 661 692 692 712 712 692 692 650 650 710 710 712 712 710 710 667 667 692 692 710 710 712 712 668 668 716 716 714 714 716 716 667 667 711 711 714 714 711 711 654 654 716 716 711 711 714 714 661 661 712 712 715 715 712 712 667 667 716 716 715 715 716 716 668 668 712 712 716 716 715 715 651 651 713 713 729 729 713 713 668 668 731 731 729 729 731 731 673 673 713 713 731 731 729 729 668 668 714 714 734 734 714 714 654 654 732 732 734 734 732 732 674 674 714 714 732 732 734 734 673 673 736 736 730 730 736 736 674 674 733 733 730 730 733 733 656 656 736 736 733 733 730 730 668 668 734 734 731 731 734 734 674 674 736 736 731 731 736 736 673 673 734 734 736 736 731 731 651 651 729 729 747 747 729 729 673 673 750 750 747 747 750 750 677 677 729 729 750 750 747 747 673 673 730 730 765 765 730 730 656 656 762 762 765 765 762 762 680 680 730 730 762 762 765 765 677 677 767 767 748 748 767 767 680 680 763 763 748 748 763 763 657 657 767 767 763 763 748 748 673 673 765 765 750 750 765 765 680 680 767 767 750 750 767 767 677 677 765 765 767 767 750 750 652 652 751 751 708 708 751 751 678 678 754 754 708 708 754 754 666 666 751 751 754 754 708 708 678 678 752 752 761 761 752 752 657 657 757 757 761 761 757 757 679 679 752 752 757 757 761 761 666 666 759 759 709 709 759 759 679 679 756 756 709 709 756 756 653 653 759 759 756 756 709 709 678 678 761 761 754 754 761 761 679 679 759 759 754 754 759 759 666 666 761 761 759 759 754 754 650 650 694 694 789 789 694 694 662 662 791 791 789 789 791 791 686 686 694 694 791 791 789 789 662 662 695 695 795 795 695 695 652 652 793 793 795 795 793 793 687 687 695 695 793 793 795 795 686 686 797 797 790 790 797 797 687 687 794 794 790 790 794 794 659 659 797 797 794 794 790 790 662 662 795 795 791 791 795 795 687 687 797 797 791 791 797 797 686 686 795 795 797 797 791 791 654 654 711 711 774 774 711 711 667 667 776 776 774 774 776 776 683 683 711 711 776 776 774 774 667 667 710 710 773 773 710 710 650 650 771 771 773 773 771 771 682 682 710 710 771 771 773 773 683 683 778 778 775 775 778 778 682 682 772 772 775 775 772 772 658 658 778 778 772 772 775 775 667 667 773 773 776 776 773 773 682 682 778 778 776 776 778 778 683 683 773 773 778 778 776 776 656 656 733 733 738 738 733 733 674 674 742 742 738 738 742 742 675 675 733 733 742 742 738 738 674 674 732 732 735 735 732 732 654 654 724 724 735 735 724 724 671 671 732 732 724 724 735 735 675 675 740 740 737 737 740 740 671 671 725 725 737 737 725 725 655 655 740 740 725 725 737 737 674 674 735 735 742 742 735 735 671 671 740 740 742 742 740 740 675 675 735 735 740 740 742 742 657 657 763 763 744 744 763 763 680 680 766 766 744 744 766 766 676 676 763 763 766 766 744 744 680 680 762 762 764 764 762 762 656 656 727 727 764 764 727 727 672 672 762 762 727 727 764 764 676 676 746 746 743 743 746 746 672 672 726 726 743 743 726 726 649 649 746 746 726 726 743 743 680 680 764 764 766 766 764 764 672 672 746 746 766 766 746 746 676 676 764 764 746 746 766 766 810 810 947 947 863 863 947 947 847 847 949 949 863 863 949 949 826 826 947 947 949 949 863 863 847 847 948 948 964 964 948 948 821 821 961 961 964 964 961 961 850 850 948 948 961 961 964 964 826 826 962 962 864 864 962 962 850 850 960 960 864 864 960 960 815 815 962 962 960 960 864 864 847 847 964 964 949 949 964 964 850 850 962 962 949 949 962 962 826 826 964 964 962 962 949 949 810 810 863 863 852 852 863 863 826 826 865 865 852 852 865 865 822 822 863 863 865 865 852 852 826 826 864 864 869 869 864 864 815 815 867 867 869 869 867 867 827 827 864 864 867 867 869 869 822 822 868 868 853 853 868 868 827 827 866 866 853 853 866 866 811 811 868 868 866 866 853 853 826 826 869 869 865 865 869 869 827 827 868 868 865 865 868 868 822 822 869 869 868 868 865 865 810 810 852 852 879 879 852 852 822 822 881 881 879 879 881 881 831 831 852 852 881 881 879 879 822 822 853 853 884 884 853 853 811 811 882 882 884 884 882 882 832 832 853 853 882 882 884 884 831 831 885 885 880 880 885 885 832 832 883 883 880 880 883 883 817 817 885 885 883 883 880 880 822 822 884 884 881 881 884 884 832 832 885 885 881 881 885 885 831 831 884 884 885 885 881 881 810 810 879 879 930 930 879 879 831 831 932 932 930 930 932 932 843 843 879 879 932 932 930 930 831 831 880 880 943 943 880 880 817 817 941 941 943 943 941 941 846 846 880 880 941 941 943 943 843 843 945 945 931 931 945 945 846 846 942 942 931 931 942 942 820 820 945 945 942 942 931 931 831 831 943 943 932 932 943 943 846 846 945 945 932 932 945 945 843 843 943 943 945 945 932 932 810 810 930 930 947 947 930 930 843 843 950 950 947 947 950 950 847 847 930 930 950 950 947 947 843 843 931 931 968 968 931 931 820 820 966 966 968 968 966 966 851 851 931 931 966 966 968 968 847 847 970 970 948 948 970 970 851 851 967 967 948 948 967 967 821 821 970 970 967 967 948 948 843 843 968 968 950 950 968 968 851 851 970 970 950 950 970 970 847 847 968 968 970 970 950 950 811 811 866 866 905 905 866 866 827 827 907 907 905 905 907 907 838 838 866 866 907 907 905 905 827 827 867 867 920 920 867 867 815 815 918 918 920 920 918 918 841 841 867 867 918 918 920 920 838 838 922 922 906 906 922 922 841 841 919 919 906 906 919 919 819 819 922 922 919 919 906 906 827 827 920 920 907 907 920 920 841 841 922 922 907 907 922 922 838 838 920 920 922 922 907 907 815 815 960 960 871 871 960 960 850 850 963 963 871 871 963 963 828 828 960 960 963 963 871 871 850 850 961 961 965 965 961 961 821 821 956 956 965 965 956 956 849 849 961 961 956 956 965 965 828 828 958 958 870 870 958 958 849 849 955 955 870 870 955 955 814 814 958 958 955 955 870 870 850 850 965 965 963 963 965 965 849 849 958 958 963 963 958 958 828 828 965 965 958 958 963 963 821 821 967 967 952 952 967 967 851 851 971 971 952 952 971 971 848 848 967 967 971 971 952 952 851 851 966 966 969 969 966 966 820 820 934 934 969 969 934 934 844 844 966 966 934 934 969 969 848 848 954 954 951 951 954 954 844 844 933 933 951 951 933 933 812 812 954 954 933 933 951 951 851 851 969 969 971 971 969 969 844 844 954 954 971 971 954 954 848 848 969 969 954 954 971 971 820 820 942 942 937 937 942 942 846 846 946 946 937 937 946 946 845 845 942 942 946 946 937 937 846 846 941 941 944 944 941 941 817 817 887 887 944 944 887 887 833 833 941 941 887 887 944 944 845 845 939 939 936 936 939 939 833 833 886 886 936 936 886 886 816 816 939 939 886 886 936 936 846 846 944 944 946 946 944 944 833 833 939 939 946 946 939 939 845 845 944 944 939 939 946 946 817 817 883 883 899 899 883 883 832 832 901 901 899 899 901 901 837 837 883 883 901 901 899 899 832 832 882 882 890 890 882 882 811 811 888 888 890 890 888 888 834 834 882 882 888 888 890 890 837 837 903 903 900 900 903 903 834 834 889 889 900 900 889 889 818 818 903 903 889 889 900 900 832 832 890 890 901 901 890 890 834 834 903 903 901 901 903 903 837 837 890 890 903 903 901 901 813 813 909 909 859 859 909 909 839 839 911 911 859 859 911 911 825 825 909 909 911 911 859 859 839 839 910 910 917 917 910 910 819 819 914 914 917 917 914 914 840 840 910 910 914 914 917 917 825 825 915 915 860 860 915 915 840 840 913 913 860 860 913 913 814 814 915 915 913 913 860 860 839 839 917 917 911 911 917 917 840 840 915 915 911 911 915 915 825 825 917 917 915 915 911 911 813 813 859 859 855 855 859 859 825 825 861 861 855 855 861 861 823 823 859 859 861 861 855 855 825 825 860 860 862 862 860 860 814 814 857 857 862 862 857 857 824 824 860 860 857 857 862 862 823 823 858 858 854 854 858 858 824 824 856 856 854 854 856 856 812 812 858 858 856 856 854 854 825 825 862 862 861 861 862 862 824 824 858 858 861 861 858 858 823 823 862 862 858 858 861 861 813 813 855 855 875 875 855 855 823 823 877 877 875 875 877 877 830 830 855 855 877 877 875 875 823 823 854 854 874 874 854 854 812 812 872 872 874 874 872 872 829 829 854 854 872 872 874 874 830 830 878 878 876 876 878 878 829 829 873 873 876 876 873 873 816 816 878 878 873 873 876 876 823 823 874 874 877 877 874 874 829 829 878 878 877 877 878 878 830 830 874 874 878 878 877 877 813 813 875 875 891 891 875 875 830 830 893 893 891 891 893 893 835 835 875 875 893 893 891 891 830 830 876 876 896 896 876 876 816 816 894 894 896 896 894 894 836 836 876 876 894 894 896 896 835 835 898 898 892 892 898 898 836 836 895 895 892 892 895 895 818 818 898 898 895 895 892 892 830 830 896 896 893 893 896 896 836 836 898 898 893 893 898 898 835 835 896 896 898 898 893 893 813 813 891 891 909 909 891 891 835 835 912 912 909 909 912 912 839 839 891 891 912 912 909 909 835 835 892 892 927 927 892 892 818 818 924 924 927 927 924 924 842 842 892 892 924 924 927 927 839 839 929 929 910 910 929 929 842 842 925 925 910 910 925 925 819 819 929 929 925 925 910 910 835 835 927 927 912 912 927 927 842 842 929 929 912 912 929 929 839 839 927 927 929 929 912 912 814 814 913 913 870 870 913 913 840 840 916 916 870 870 916 916 828 828 913 913 916 916 870 870 840 840 914 914 923 923 914 914 819 819 919 919 923 923 919 919 841 841 914 914 919 919 923 923 828 828 921 921 871 871 921 921 841 841 918 918 871 871 918 918 815 815 921 921 918 918 871 871 840 840 923 923 916 916 923 923 841 841 921 921 916 916 921 921 828 828 923 923 921 921 916 916 812 812 856 856 951 951 856 856 824 824 953 953 951 951 953 953 848 848 856 856 953 953 951 951 824 824 857 857 957 957 857 857 814 814 955 955 957 957 955 955 849 849 857 857 955 955 957 957 848 848 959 959 952 952 959 959 849 849 956 956 952 952 956 956 821 821 959 959 956 956 952 952 824 824 957 957 953 953 957 957 849 849 959 959 953 953 959 959 848 848 957 957 959 959 953 953 816 816 873 873 936 936 873 873 829 829 938 938 936 936 938 938 845 845 873 873 938 938 936 936 829 829 872 872 935 935 872 872 812 812 933 933 935 935 933 933 844 844 872 872 933 933 935 935 845 845 940 940 937 937 940 940 844 844 934 934 937 937 934 934 820 820 940 940 934 934 937 937 829 829 935 935 938 938 935 935 844 844 940 940 938 938 940 940 845 845 935 935 940 940 938 938 818 818 895 895 900 900 895 895 836 836 904 904 900 900 904 904 837 837 895 895 904 904 900 900 836 836 894 894 897 897 894 894 816 816 886 886 897 897 886 886 833 833 894 894 886 886 897 897 837 837 902 902 899 899 902 902 833 833 887 887 899 899 887 887 817 817 902 902 887 887 899 899 836 836 897 897 904 904 897 897 833 833 902 902 904 904 902 902 837 837 897 897 902 902 904 904 819 819 925 925 906 906 925 925 842 842 928 928 906 906 928 928 838 838 925 925 928 928 906 906 842 842 924 924 926 926 924 924 818 818 889 889 926 926 889 889 834 834 924 924 889 889 926 926 838 838 908 908 905 905 908 908 834 834 888 888 905 905 888 888 811 811 908 908 888 888 905 905 842 842 926 926 928 928 926 926 834 834 908 908 928 928 908 908 838 838 926 926 908 908 928 928 972 972 1109 1109 1025 1025 1109 1109 1009 1009 1111 1111 1025 1025 1111 1111 988 988 1109 1109 1111 1111 1025 1025 1009 1009 1110 1110 1126 1126 1110 1110 983 983 1123 1123 1126 1126 1123 1123 1012 1012 1110 1110 1123 1123 1126 1126 988 988 1124 1124 1026 1026 1124 1124 1012 1012 1122 1122 1026 1026 1122 1122 977 977 1124 1124 1122 1122 1026 1026 1009 1009 1126 1126 1111 1111 1126 1126 1012 1012 1124 1124 1111 1111 1124 1124 988 988 1126 1126 1124 1124 1111 1111 972 972 1025 1025 1014 1014 1025 1025 988 988 1027 1027 1014 1014 1027 1027 984 984 1025 1025 1027 1027 1014 1014 988 988 1026 1026 1031 1031 1026 1026 977 977 1029 1029 1031 1031 1029 1029 989 989 1026 1026 1029 1029 1031 1031 984 984 1030 1030 1015 1015 1030 1030 989 989 1028 1028 1015 1015 1028 1028 973 973 1030 1030 1028 1028 1015 1015 988 988 1031 1031 1027 1027 1031 1031 989 989 1030 1030 1027 1027 1030 1030 984 984 1031 1031 1030 1030 1027 1027 972 972 1014 1014 1041 1041 1014 1014 984 984 1043 1043 1041 1041 1043 1043 993 993 1014 1014 1043 1043 1041 1041 984 984 1015 1015 1046 1046 1015 1015 973 973 1044 1044 1046 1046 1044 1044 994 994 1015 1015 1044 1044 1046 1046 993 993 1047 1047 1042 1042 1047 1047 994 994 1045 1045 1042 1042 1045 1045 979 979 1047 1047 1045 1045 1042 1042 984 984 1046 1046 1043 1043 1046 1046 994 994 1047 1047 1043 1043 1047 1047 993 993 1046 1046 1047 1047 1043 1043 972 972 1041 1041 1092 1092 1041 1041 993 993 1094 1094 1092 1092 1094 1094 1005 1005 1041 1041 1094 1094 1092 1092 993 993 1042 1042 1105 1105 1042 1042 979 979 1103 1103 1105 1105 1103 1103 1008 1008 1042 1042 1103 1103 1105 1105 1005 1005 1107 1107 1093 1093 1107 1107 1008 1008 1104 1104 1093 1093 1104 1104 982 982 1107 1107 1104 1104 1093 1093 993 993 1105 1105 1094 1094 1105 1105 1008 1008 1107 1107 1094 1094 1107 1107 1005 1005 1105 1105 1107 1107 1094 1094 972 972 1092 1092 1109 1109 1092 1092 1005 1005 1112 1112 1109 1109 1112 1112 1009 1009 1092 1092 1112 1112 1109 1109 1005 1005 1093 1093 1130 1130 1093 1093 982 982 1128 1128 1130 1130 1128 1128 1013 1013 1093 1093 1128 1128 1130 1130 1009 1009 1132 1132 1110 1110 1132 1132 1013 1013 1129 1129 1110 1110 1129 1129 983 983 1132 1132 1129 1129 1110 1110 1005 1005 1130 1130 1112 1112 1130 1130 1013 1013 1132 1132 1112 1112 1132 1132 1009 1009 1130 1130 1132 1132 1112 1112 973 973 1028 1028 1067 1067 1028 1028 989 989 1069 1069 1067 1067 1069 1069 1000 1000 1028 1028 1069 1069 1067 1067 989 989 1029 1029 1082 1082 1029 1029 977 977 1080 1080 1082 1082 1080 1080 1003 1003 1029 1029 1080 1080 1082 1082 1000 1000 1084 1084 1068 1068 1084 1084 1003 1003 1081 1081 1068 1068 1081 1081 981 981 1084 1084 1081 1081 1068 1068 989 989 1082 1082 1069 1069 1082 1082 1003 1003 1084 1084 1069 1069 1084 1084 1000 1000 1082 1082 1084 1084 1069 1069 977 977 1122 1122 1033 1033 1122 1122 1012 1012 1125 1125 1033 1033 1125 1125 990 990 1122 1122 1125 1125 1033 1033 1012 1012 1123 1123 1127 1127 1123 1123 983 983 1118 1118 1127 1127 1118 1118 1011 1011 1123 1123 1118 1118 1127 1127 990 990 1120 1120 1032 1032 1120 1120 1011 1011 1117 1117 1032 1032 1117 1117 976 976 1120 1120 1117 1117 1032 1032 1012 1012 1127 1127 1125 1125 1127 1127 1011 1011 1120 1120 1125 1125 1120 1120 990 990 1127 1127 1120 1120 1125 1125 983 983 1129 1129 1114 1114 1129 1129 1013 1013 1133 1133 1114 1114 1133 1133 1010 1010 1129 1129 1133 1133 1114 1114 1013 1013 1128 1128 1131 1131 1128 1128 982 982 1096 1096 1131 1131 1096 1096 1006 1006 1128 1128 1096 1096 1131 1131 1010 1010 1116 1116 1113 1113 1116 1116 1006 1006 1095 1095 1113 1113 1095 1095 974 974 1116 1116 1095 1095 1113 1113 1013 1013 1131 1131 1133 1133 1131 1131 1006 1006 1116 1116 1133 1133 1116 1116 1010 1010 1131 1131 1116 1116 1133 1133 982 982 1104 1104 1099 1099 1104 1104 1008 1008 1108 1108 1099 1099 1108 1108 1007 1007 1104 1104 1108 1108 1099 1099 1008 1008 1103 1103 1106 1106 1103 1103 979 979 1049 1049 1106 1106 1049 1049 995 995 1103 1103 1049 1049 1106 1106 1007 1007 1101 1101 1098 1098 1101 1101 995 995 1048 1048 1098 1098 1048 1048 978 978 1101 1101 1048 1048 1098 1098 1008 1008 1106 1106 1108 1108 1106 1106 995 995 1101 1101 1108 1108 1101 1101 1007 1007 1106 1106 1101 1101 1108 1108 979 979 1045 1045 1061 1061 1045 1045 994 994 1063 1063 1061 1061 1063 1063 999 999 1045 1045 1063 1063 1061 1061 994 994 1044 1044 1052 1052 1044 1044 973 973 1050 1050 1052 1052 1050 1050 996 996 1044 1044 1050 1050 1052 1052 999 999 1065 1065 1062 1062 1065 1065 996 996 1051 1051 1062 1062 1051 1051 980 980 1065 1065 1051 1051 1062 1062 994 994 1052 1052 1063 1063 1052 1052 996 996 1065 1065 1063 1063 1065 1065 999 999 1052 1052 1065 1065 1063 1063 975 975 1071 1071 1021 1021 1071 1071 1001 1001 1073 1073 1021 1021 1073 1073 987 987 1071 1071 1073 1073 1021 1021 1001 1001 1072 1072 1079 1079 1072 1072 981 981 1076 1076 1079 1079 1076 1076 1002 1002 1072 1072 1076 1076 1079 1079 987 987 1077 1077 1022 1022 1077 1077 1002 1002 1075 1075 1022 1022 1075 1075 976 976 1077 1077 1075 1075 1022 1022 1001 1001 1079 1079 1073 1073 1079 1079 1002 1002 1077 1077 1073 1073 1077 1077 987 987 1079 1079 1077 1077 1073 1073 975 975 1021 1021 1017 1017 1021 1021 987 987 1023 1023 1017 1017 1023 1023 985 985 1021 1021 1023 1023 1017 1017 987 987 1022 1022 1024 1024 1022 1022 976 976 1019 1019 1024 1024 1019 1019 986 986 1022 1022 1019 1019 1024 1024 985 985 1020 1020 1016 1016 1020 1020 986 986 1018 1018 1016 1016 1018 1018 974 974 1020 1020 1018 1018 1016 1016 987 987 1024 1024 1023 1023 1024 1024 986 986 1020 1020 1023 1023 1020 1020 985 985 1024 1024 1020 1020 1023 1023 975 975 1017 1017 1037 1037 1017 1017 985 985 1039 1039 1037 1037 1039 1039 992 992 1017 1017 1039 1039 1037 1037 985 985 1016 1016 1036 1036 1016 1016 974 974 1034 1034 1036 1036 1034 1034 991 991 1016 1016 1034 1034 1036 1036 992 992 1040 1040 1038 1038 1040 1040 991 991 1035 1035 1038 1038 1035 1035 978 978 1040 1040 1035 1035 1038 1038 985 985 1036 1036 1039 1039 1036 1036 991 991 1040 1040 1039 1039 1040 1040 992 992 1036 1036 1040 1040 1039 1039 975 975 1037 1037 1053 1053 1037 1037 992 992 1055 1055 1053 1053 1055 1055 997 997 1037 1037 1055 1055 1053 1053 992 992 1038 1038 1058 1058 1038 1038 978 978 1056 1056 1058 1058 1056 1056 998 998 1038 1038 1056 1056 1058 1058 997 997 1060 1060 1054 1054 1060 1060 998 998 1057 1057 1054 1054 1057 1057 980 980 1060 1060 1057 1057 1054 1054 992 992 1058 1058 1055 1055 1058 1058 998 998 1060 1060 1055 1055 1060 1060 997 997 1058 1058 1060 1060 1055 1055 975 975 1053 1053 1071 1071 1053 1053 997 997 1074 1074 1071 1071 1074 1074 1001 1001 1053 1053 1074 1074 1071 1071 997 997 1054 1054 1089 1089 1054 1054 980 980 1086 1086 1089 1089 1086 1086 1004 1004 1054 1054 1086 1086 1089 1089 1001 1001 1091 1091 1072 1072 1091 1091 1004 1004 1087 1087 1072 1072 1087 1087 981 981 1091 1091 1087 1087 1072 1072 997 997 1089 1089 1074 1074 1089 1089 1004 1004 1091 1091 1074 1074 1091 1091 1001 1001 1089 1089 1091 1091 1074 1074 976 976 1075 1075 1032 1032 1075 1075 1002 1002 1078 1078 1032 1032 1078 1078 990 990 1075 1075 1078 1078 1032 1032 1002 1002 1076 1076 1085 1085 1076 1076 981 981 1081 1081 1085 1085 1081 1081 1003 1003 1076 1076 1081 1081 1085 1085 990 990 1083 1083 1033 1033 1083 1083 1003 1003 1080 1080 1033 1033 1080 1080 977 977 1083 1083 1080 1080 1033 1033 1002 1002 1085 1085 1078 1078 1085 1085 1003 1003 1083 1083 1078 1078 1083 1083 990 990 1085 1085 1083 1083 1078 1078 974 974 1018 1018 1113 1113 1018 1018 986 986 1115 1115 1113 1113 1115 1115 1010 1010 1018 1018 1115 1115 1113 1113 986 986 1019 1019 1119 1119 1019 1019 976 976 1117 1117 1119 1119 1117 1117 1011 1011 1019 1019 1117 1117 1119 1119 1010 1010 1121 1121 1114 1114 1121 1121 1011 1011 1118 1118 1114 1114 1118 1118 983 983 1121 1121 1118 1118 1114 1114 986 986 1119 1119 1115 1115 1119 1119 1011 1011 1121 1121 1115 1115 1121 1121 1010 1010 1119 1119 1121 1121 1115 1115 978 978 1035 1035 1098 1098 1035 1035 991 991 1100 1100 1098 1098 1100 1100 1007 1007 1035 1035 1100 1100 1098 1098 991 991 1034 1034 1097 1097 1034 1034 974 974 1095 1095 1097 1097 1095 1095 1006 1006 1034 1034 1095 1095 1097 1097 1007 1007 1102 1102 1099 1099 1102 1102 1006 1006 1096 1096 1099 1099 1096 1096 982 982 1102 1102 1096 1096 1099 1099 991 991 1097 1097 1100 1100 1097 1097 1006 1006 1102 1102 1100 1100 1102 1102 1007 1007 1097 1097 1102 1102 1100 1100 980 980 1057 1057 1062 1062 1057 1057 998 998 1066 1066 1062 1062 1066 1066 999 999 1057 1057 1066 1066 1062 1062 998 998 1056 1056 1059 1059 1056 1056 978 978 1048 1048 1059 1059 1048 1048 995 995 1056 1056 1048 1048 1059 1059 999 999 1064 1064 1061 1061 1064 1064 995 995 1049 1049 1061 1061 1049 1049 979 979 1064 1064 1049 1049 1061 1061 998 998 1059 1059 1066 1066 1059 1059 995 995 1064 1064 1066 1066 1064 1064 999 999 1059 1059 1064 1064 1066 1066 981 981 1087 1087 1068 1068 1087 1087 1004 1004 1090 1090 1068 1068 1090 1090 1000 1000 1087 1087 1090 1090 1068 1068 1004 1004 1086 1086 1088 1088 1086 1086 980 980 1051 1051 1088 1088 1051 1051 996 996 1086 1086 1051 1051 1088 1088 1000 1000 1070 1070 1067 1067 1070 1070 996 996 1050 1050 1067 1067 1050 1050 973 973 1070 1070 1050 1050 1067 1067 1004 1004 1088 1088 1090 1090 1088 1088 996 996 1070 1070 1090 1090 1070 1070 1000 1000 1088 1088 1070 1070 1090 1090 1134 1134 1271 1271 1187 1187 1271 1271 1171 1171 1273 1273 1187 1187 1273 1273 1150 1150 1271 1271 1273 1273 1187 1187 1171 1171 1272 1272 1288 1288 1272 1272 1145 1145 1285 1285 1288 1288 1285 1285 1174 1174 1272 1272 1285 1285 1288 1288 1150 1150 1286 1286 1188 1188 1286 1286 1174 1174 1284 1284 1188 1188 1284 1284 1139 1139 1286 1286 1284 1284 1188 1188 1171 1171 1288 1288 1273 1273 1288 1288 1174 1174 1286 1286 1273 1273 1286 1286 1150 1150 1288 1288 1286 1286 1273 1273 1134 1134 1187 1187 1176 1176 1187 1187 1150 1150 1189 1189 1176 1176 1189 1189 1146 1146 1187 1187 1189 1189 1176 1176 1150 1150 1188 1188 1193 1193 1188 1188 1139 1139 1191 1191 1193 1193 1191 1191 1151 1151 1188 1188 1191 1191 1193 1193 1146 1146 1192 1192 1177 1177 1192 1192 1151 1151 1190 1190 1177 1177 1190 1190 1135 1135 1192 1192 1190 1190 1177 1177 1150 1150 1193 1193 1189 1189 1193 1193 1151 1151 1192 1192 1189 1189 1192 1192 1146 1146 1193 1193 1192 1192 1189 1189 1134 1134 1176 1176 1203 1203 1176 1176 1146 1146 1205 1205 1203 1203 1205 1205 1155 1155 1176 1176 1205 1205 1203 1203 1146 1146 1177 1177 1208 1208 1177 1177 1135 1135 1206 1206 1208 1208 1206 1206 1156 1156 1177 1177 1206 1206 1208 1208 1155 1155 1209 1209 1204 1204 1209 1209 1156 1156 1207 1207 1204 1204 1207 1207 1141 1141 1209 1209 1207 1207 1204 1204 1146 1146 1208 1208 1205 1205 1208 1208 1156 1156 1209 1209 1205 1205 1209 1209 1155 1155 1208 1208 1209 1209 1205 1205 1134 1134 1203 1203 1254 1254 1203 1203 1155 1155 1256 1256 1254 1254 1256 1256 1167 1167 1203 1203 1256 1256 1254 1254 1155 1155 1204 1204 1267 1267 1204 1204 1141 1141 1265 1265 1267 1267 1265 1265 1170 1170 1204 1204 1265 1265 1267 1267 1167 1167 1269 1269 1255 1255 1269 1269 1170 1170 1266 1266 1255 1255 1266 1266 1144 1144 1269 1269 1266 1266 1255 1255 1155 1155 1267 1267 1256 1256 1267 1267 1170 1170 1269 1269 1256 1256 1269 1269 1167 1167 1267 1267 1269 1269 1256 1256 1134 1134 1254 1254 1271 1271 1254 1254 1167 1167 1274 1274 1271 1271 1274 1274 1171 1171 1254 1254 1274 1274 1271 1271 1167 1167 1255 1255 1292 1292 1255 1255 1144 1144 1290 1290 1292 1292 1290 1290 1175 1175 1255 1255 1290 1290 1292 1292 1171 1171 1294 1294 1272 1272 1294 1294 1175 1175 1291 1291 1272 1272 1291 1291 1145 1145 1294 1294 1291 1291 1272 1272 1167 1167 1292 1292 1274 1274 1292 1292 1175 1175 1294 1294 1274 1274 1294 1294 1171 1171 1292 1292 1294 1294 1274 1274 1135 1135 1190 1190 1229 1229 1190 1190 1151 1151 1231 1231 1229 1229 1231 1231 1162 1162 1190 1190 1231 1231 1229 1229 1151 1151 1191 1191 1244 1244 1191 1191 1139 1139 1242 1242 1244 1244 1242 1242 1165 1165 1191 1191 1242 1242 1244 1244 1162 1162 1246 1246 1230 1230 1246 1246 1165 1165 1243 1243 1230 1230 1243 1243 1143 1143 1246 1246 1243 1243 1230 1230 1151 1151 1244 1244 1231 1231 1244 1244 1165 1165 1246 1246 1231 1231 1246 1246 1162 1162 1244 1244 1246 1246 1231 1231 1139 1139 1284 1284 1195 1195 1284 1284 1174 1174 1287 1287 1195 1195 1287 1287 1152 1152 1284 1284 1287 1287 1195 1195 1174 1174 1285 1285 1289 1289 1285 1285 1145 1145 1280 1280 1289 1289 1280 1280 1173 1173 1285 1285 1280 1280 1289 1289 1152 1152 1282 1282 1194 1194 1282 1282 1173 1173 1279 1279 1194 1194 1279 1279 1138 1138 1282 1282 1279 1279 1194 1194 1174 1174 1289 1289 1287 1287 1289 1289 1173 1173 1282 1282 1287 1287 1282 1282 1152 1152 1289 1289 1282 1282 1287 1287 1145 1145 1291 1291 1276 1276 1291 1291 1175 1175 1295 1295 1276 1276 1295 1295 1172 1172 1291 1291 1295 1295 1276 1276 1175 1175 1290 1290 1293 1293 1290 1290 1144 1144 1258 1258 1293 1293 1258 1258 1168 1168 1290 1290 1258 1258 1293 1293 1172 1172 1278 1278 1275 1275 1278 1278 1168 1168 1257 1257 1275 1275 1257 1257 1136 1136 1278 1278 1257 1257 1275 1275 1175 1175 1293 1293 1295 1295 1293 1293 1168 1168 1278 1278 1295 1295 1278 1278 1172 1172 1293 1293 1278 1278 1295 1295 1144 1144 1266 1266 1261 1261 1266 1266 1170 1170 1270 1270 1261 1261 1270 1270 1169 1169 1266 1266 1270 1270 1261 1261 1170 1170 1265 1265 1268 1268 1265 1265 1141 1141 1211 1211 1268 1268 1211 1211 1157 1157 1265 1265 1211 1211 1268 1268 1169 1169 1263 1263 1260 1260 1263 1263 1157 1157 1210 1210 1260 1260 1210 1210 1140 1140 1263 1263 1210 1210 1260 1260 1170 1170 1268 1268 1270 1270 1268 1268 1157 1157 1263 1263 1270 1270 1263 1263 1169 1169 1268 1268 1263 1263 1270 1270 1141 1141 1207 1207 1223 1223 1207 1207 1156 1156 1225 1225 1223 1223 1225 1225 1161 1161 1207 1207 1225 1225 1223 1223 1156 1156 1206 1206 1214 1214 1206 1206 1135 1135 1212 1212 1214 1214 1212 1212 1158 1158 1206 1206 1212 1212 1214 1214 1161 1161 1227 1227 1224 1224 1227 1227 1158 1158 1213 1213 1224 1224 1213 1213 1142 1142 1227 1227 1213 1213 1224 1224 1156 1156 1214 1214 1225 1225 1214 1214 1158 1158 1227 1227 1225 1225 1227 1227 1161 1161 1214 1214 1227 1227 1225 1225 1137 1137 1233 1233 1183 1183 1233 1233 1163 1163 1235 1235 1183 1183 1235 1235 1149 1149 1233 1233 1235 1235 1183 1183 1163 1163 1234 1234 1241 1241 1234 1234 1143 1143 1238 1238 1241 1241 1238 1238 1164 1164 1234 1234 1238 1238 1241 1241 1149 1149 1239 1239 1184 1184 1239 1239 1164 1164 1237 1237 1184 1184 1237 1237 1138 1138 1239 1239 1237 1237 1184 1184 1163 1163 1241 1241 1235 1235 1241 1241 1164 1164 1239 1239 1235 1235 1239 1239 1149 1149 1241 1241 1239 1239 1235 1235 1137 1137 1183 1183 1179 1179 1183 1183 1149 1149 1185 1185 1179 1179 1185 1185 1147 1147 1183 1183 1185 1185 1179 1179 1149 1149 1184 1184 1186 1186 1184 1184 1138 1138 1181 1181 1186 1186 1181 1181 1148 1148 1184 1184 1181 1181 1186 1186 1147 1147 1182 1182 1178 1178 1182 1182 1148 1148 1180 1180 1178 1178 1180 1180 1136 1136 1182 1182 1180 1180 1178 1178 1149 1149 1186 1186 1185 1185 1186 1186 1148 1148 1182 1182 1185 1185 1182 1182 1147 1147 1186 1186 1182 1182 1185 1185 1137 1137 1179 1179 1199 1199 1179 1179 1147 1147 1201 1201 1199 1199 1201 1201 1154 1154 1179 1179 1201 1201 1199 1199 1147 1147 1178 1178 1198 1198 1178 1178 1136 1136 1196 1196 1198 1198 1196 1196 1153 1153 1178 1178 1196 1196 1198 1198 1154 1154 1202 1202 1200 1200 1202 1202 1153 1153 1197 1197 1200 1200 1197 1197 1140 1140 1202 1202 1197 1197 1200 1200 1147 1147 1198 1198 1201 1201 1198 1198 1153 1153 1202 1202 1201 1201 1202 1202 1154 1154 1198 1198 1202 1202 1201 1201 1137 1137 1199 1199 1215 1215 1199 1199 1154 1154 1217 1217 1215 1215 1217 1217 1159 1159 1199 1199 1217 1217 1215 1215 1154 1154 1200 1200 1220 1220 1200 1200 1140 1140 1218 1218 1220 1220 1218 1218 1160 1160 1200 1200 1218 1218 1220 1220 1159 1159 1222 1222 1216 1216 1222 1222 1160 1160 1219 1219 1216 1216 1219 1219 1142 1142 1222 1222 1219 1219 1216 1216 1154 1154 1220 1220 1217 1217 1220 1220 1160 1160 1222 1222 1217 1217 1222 1222 1159 1159 1220 1220 1222 1222 1217 1217 1137 1137 1215 1215 1233 1233 1215 1215 1159 1159 1236 1236 1233 1233 1236 1236 1163 1163 1215 1215 1236 1236 1233 1233 1159 1159 1216 1216 1251 1251 1216 1216 1142 1142 1248 1248 1251 1251 1248 1248 1166 1166 1216 1216 1248 1248 1251 1251 1163 1163 1253 1253 1234 1234 1253 1253 1166 1166 1249 1249 1234 1234 1249 1249 1143 1143 1253 1253 1249 1249 1234 1234 1159 1159 1251 1251 1236 1236 1251 1251 1166 1166 1253 1253 1236 1236 1253 1253 1163 1163 1251 1251 1253 1253 1236 1236 1138 1138 1237 1237 1194 1194 1237 1237 1164 1164 1240 1240 1194 1194 1240 1240 1152 1152 1237 1237 1240 1240 1194 1194 1164 1164 1238 1238 1247 1247 1238 1238 1143 1143 1243 1243 1247 1247 1243 1243 1165 1165 1238 1238 1243 1243 1247 1247 1152 1152 1245 1245 1195 1195 1245 1245 1165 1165 1242 1242 1195 1195 1242 1242 1139 1139 1245 1245 1242 1242 1195 1195 1164 1164 1247 1247 1240 1240 1247 1247 1165 1165 1245 1245 1240 1240 1245 1245 1152 1152 1247 1247 1245 1245 1240 1240 1136 1136 1180 1180 1275 1275 1180 1180 1148 1148 1277 1277 1275 1275 1277 1277 1172 1172 1180 1180 1277 1277 1275 1275 1148 1148 1181 1181 1281 1281 1181 1181 1138 1138 1279 1279 1281 1281 1279 1279 1173 1173 1181 1181 1279 1279 1281 1281 1172 1172 1283 1283 1276 1276 1283 1283 1173 1173 1280 1280 1276 1276 1280 1280 1145 1145 1283 1283 1280 1280 1276 1276 1148 1148 1281 1281 1277 1277 1281 1281 1173 1173 1283 1283 1277 1277 1283 1283 1172 1172 1281 1281 1283 1283 1277 1277 1140 1140 1197 1197 1260 1260 1197 1197 1153 1153 1262 1262 1260 1260 1262 1262 1169 1169 1197 1197 1262 1262 1260 1260 1153 1153 1196 1196 1259 1259 1196 1196 1136 1136 1257 1257 1259 1259 1257 1257 1168 1168 1196 1196 1257 1257 1259 1259 1169 1169 1264 1264 1261 1261 1264 1264 1168 1168 1258 1258 1261 1261 1258 1258 1144 1144 1264 1264 1258 1258 1261 1261 1153 1153 1259 1259 1262 1262 1259 1259 1168 1168 1264 1264 1262 1262 1264 1264 1169 1169 1259 1259 1264 1264 1262 1262 1142 1142 1219 1219 1224 1224 1219 1219 1160 1160 1228 1228 1224 1224 1228 1228 1161 1161 1219 1219 1228 1228 1224 1224 1160 1160 1218 1218 1221 1221 1218 1218 1140 1140 1210 1210 1221 1221 1210 1210 1157 1157 1218 1218 1210 1210 1221 1221 1161 1161 1226 1226 1223 1223 1226 1226 1157 1157 1211 1211 1223 1223 1211 1211 1141 1141 1226 1226 1211 1211 1223 1223 1160 1160 1221 1221 1228 1228 1221 1221 1157 1157 1226 1226 1228 1228 1226 1226 1161 1161 1221 1221 1226 1226 1228 1228 1143 1143 1249 1249 1230 1230 1249 1249 1166 1166 1252 1252 1230 1230 1252 1252 1162 1162 1249 1249 1252 1252 1230 1230 1166 1166 1248 1248 1250 1250 1248 1248 1142 1142 1213 1213 1250 1250 1213 1213 1158 1158 1248 1248 1213 1213 1250 1250 1162 1162 1232 1232 1229 1229 1232 1232 1158 1158 1212 1212 1229 1229 1212 1212 1135 1135 1232 1232 1212 1212 1229 1229 1166 1166 1250 1250 1252 1252 1250 1250 1158 1158 1232 1232 1252 1252 1232 1232 1162 1162 1250 1250 1232 1232 1252 1252 1296 1296 1433 1433 1349 1349 1433 1433 1333 1333 1435 1435 1349 1349 1435 1435 1312 1312 1433 1433 1435 1435 1349 1349 1333 1333 1434 1434 1450 1450 1434 1434 1307 1307 1447 1447 1450 1450 1447 1447 1336 1336 1434 1434 1447 1447 1450 1450 1312 1312 1448 1448 1350 1350 1448 1448 1336 1336 1446 1446 1350 1350 1446 1446 1301 1301 1448 1448 1446 1446 1350 1350 1333 1333 1450 1450 1435 1435 1450 1450 1336 1336 1448 1448 1435 1435 1448 1448 1312 1312 1450 1450 1448 1448 1435 1435 1296 1296 1349 1349 1338 1338 1349 1349 1312 1312 1351 1351 1338 1338 1351 1351 1308 1308 1349 1349 1351 1351 1338 1338 1312 1312 1350 1350 1355 1355 1350 1350 1301 1301 1353 1353 1355 1355 1353 1353 1313 1313 1350 1350 1353 1353 1355 1355 1308 1308 1354 1354 1339 1339 1354 1354 1313 1313 1352 1352 1339 1339 1352 1352 1297 1297 1354 1354 1352 1352 1339 1339 1312 1312 1355 1355 1351 1351 1355 1355 1313 1313 1354 1354 1351 1351 1354 1354 1308 1308 1355 1355 1354 1354 1351 1351 1296 1296 1338 1338 1365 1365 1338 1338 1308 1308 1367 1367 1365 1365 1367 1367 1317 1317 1338 1338 1367 1367 1365 1365 1308 1308 1339 1339 1370 1370 1339 1339 1297 1297 1368 1368 1370 1370 1368 1368 1318 1318 1339 1339 1368 1368 1370 1370 1317 1317 1371 1371 1366 1366 1371 1371 1318 1318 1369 1369 1366 1366 1369 1369 1303 1303 1371 1371 1369 1369 1366 1366 1308 1308 1370 1370 1367 1367 1370 1370 1318 1318 1371 1371 1367 1367 1371 1371 1317 1317 1370 1370 1371 1371 1367 1367 1296 1296 1365 1365 1416 1416 1365 1365 1317 1317 1418 1418 1416 1416 1418 1418 1329 1329 1365 1365 1418 1418 1416 1416 1317 1317 1366 1366 1429 1429 1366 1366 1303 1303 1427 1427 1429 1429 1427 1427 1332 1332 1366 1366 1427 1427 1429 1429 1329 1329 1431 1431 1417 1417 1431 1431 1332 1332 1428 1428 1417 1417 1428 1428 1306 1306 1431 1431 1428 1428 1417 1417 1317 1317 1429 1429 1418 1418 1429 1429 1332 1332 1431 1431 1418 1418 1431 1431 1329 1329 1429 1429 1431 1431 1418 1418 1296 1296 1416 1416 1433 1433 1416 1416 1329 1329 1436 1436 1433 1433 1436 1436 1333 1333 1416 1416 1436 1436 1433 1433 1329 1329 1417 1417 1454 1454 1417 1417 1306 1306 1452 1452 1454 1454 1452 1452 1337 1337 1417 1417 1452 1452 1454 1454 1333 1333 1456 1456 1434 1434 1456 1456 1337 1337 1453 1453 1434 1434 1453 1453 1307 1307 1456 1456 1453 1453 1434 1434 1329 1329 1454 1454 1436 1436 1454 1454 1337 1337 1456 1456 1436 1436 1456 1456 1333 1333 1454 1454 1456 1456 1436 1436 1297 1297 1352 1352 1391 1391 1352 1352 1313 1313 1393 1393 1391 1391 1393 1393 1324 1324 1352 1352 1393 1393 1391 1391 1313 1313 1353 1353 1406 1406 1353 1353 1301 1301 1404 1404 1406 1406 1404 1404 1327 1327 1353 1353 1404 1404 1406 1406 1324 1324 1408 1408 1392 1392 1408 1408 1327 1327 1405 1405 1392 1392 1405 1405 1305 1305 1408 1408 1405 1405 1392 1392 1313 1313 1406 1406 1393 1393 1406 1406 1327 1327 1408 1408 1393 1393 1408 1408 1324 1324 1406 1406 1408 1408 1393 1393 1301 1301 1446 1446 1357 1357 1446 1446 1336 1336 1449 1449 1357 1357 1449 1449 1314 1314 1446 1446 1449 1449 1357 1357 1336 1336 1447 1447 1451 1451 1447 1447 1307 1307 1442 1442 1451 1451 1442 1442 1335 1335 1447 1447 1442 1442 1451 1451 1314 1314 1444 1444 1356 1356 1444 1444 1335 1335 1441 1441 1356 1356 1441 1441 1300 1300 1444 1444 1441 1441 1356 1356 1336 1336 1451 1451 1449 1449 1451 1451 1335 1335 1444 1444 1449 1449 1444 1444 1314 1314 1451 1451 1444 1444 1449 1449 1307 1307 1453 1453 1438 1438 1453 1453 1337 1337 1457 1457 1438 1438 1457 1457 1334 1334 1453 1453 1457 1457 1438 1438 1337 1337 1452 1452 1455 1455 1452 1452 1306 1306 1420 1420 1455 1455 1420 1420 1330 1330 1452 1452 1420 1420 1455 1455 1334 1334 1440 1440 1437 1437 1440 1440 1330 1330 1419 1419 1437 1437 1419 1419 1298 1298 1440 1440 1419 1419 1437 1437 1337 1337 1455 1455 1457 1457 1455 1455 1330 1330 1440 1440 1457 1457 1440 1440 1334 1334 1455 1455 1440 1440 1457 1457 1306 1306 1428 1428 1423 1423 1428 1428 1332 1332 1432 1432 1423 1423 1432 1432 1331 1331 1428 1428 1432 1432 1423 1423 1332 1332 1427 1427 1430 1430 1427 1427 1303 1303 1373 1373 1430 1430 1373 1373 1319 1319 1427 1427 1373 1373 1430 1430 1331 1331 1425 1425 1422 1422 1425 1425 1319 1319 1372 1372 1422 1422 1372 1372 1302 1302 1425 1425 1372 1372 1422 1422 1332 1332 1430 1430 1432 1432 1430 1430 1319 1319 1425 1425 1432 1432 1425 1425 1331 1331 1430 1430 1425 1425 1432 1432 1303 1303 1369 1369 1385 1385 1369 1369 1318 1318 1387 1387 1385 1385 1387 1387 1323 1323 1369 1369 1387 1387 1385 1385 1318 1318 1368 1368 1376 1376 1368 1368 1297 1297 1374 1374 1376 1376 1374 1374 1320 1320 1368 1368 1374 1374 1376 1376 1323 1323 1389 1389 1386 1386 1389 1389 1320 1320 1375 1375 1386 1386 1375 1375 1304 1304 1389 1389 1375 1375 1386 1386 1318 1318 1376 1376 1387 1387 1376 1376 1320 1320 1389 1389 1387 1387 1389 1389 1323 1323 1376 1376 1389 1389 1387 1387 1299 1299 1395 1395 1345 1345 1395 1395 1325 1325 1397 1397 1345 1345 1397 1397 1311 1311 1395 1395 1397 1397 1345 1345 1325 1325 1396 1396 1403 1403 1396 1396 1305 1305 1400 1400 1403 1403 1400 1400 1326 1326 1396 1396 1400 1400 1403 1403 1311 1311 1401 1401 1346 1346 1401 1401 1326 1326 1399 1399 1346 1346 1399 1399 1300 1300 1401 1401 1399 1399 1346 1346 1325 1325 1403 1403 1397 1397 1403 1403 1326 1326 1401 1401 1397 1397 1401 1401 1311 1311 1403 1403 1401 1401 1397 1397 1299 1299 1345 1345 1341 1341 1345 1345 1311 1311 1347 1347 1341 1341 1347 1347 1309 1309 1345 1345 1347 1347 1341 1341 1311 1311 1346 1346 1348 1348 1346 1346 1300 1300 1343 1343 1348 1348 1343 1343 1310 1310 1346 1346 1343 1343 1348 1348 1309 1309 1344 1344 1340 1340 1344 1344 1310 1310 1342 1342 1340 1340 1342 1342 1298 1298 1344 1344 1342 1342 1340 1340 1311 1311 1348 1348 1347 1347 1348 1348 1310 1310 1344 1344 1347 1347 1344 1344 1309 1309 1348 1348 1344 1344 1347 1347 1299 1299 1341 1341 1361 1361 1341 1341 1309 1309 1363 1363 1361 1361 1363 1363 1316 1316 1341 1341 1363 1363 1361 1361 1309 1309 1340 1340 1360 1360 1340 1340 1298 1298 1358 1358 1360 1360 1358 1358 1315 1315 1340 1340 1358 1358 1360 1360 1316 1316 1364 1364 1362 1362 1364 1364 1315 1315 1359 1359 1362 1362 1359 1359 1302 1302 1364 1364 1359 1359 1362 1362 1309 1309 1360 1360 1363 1363 1360 1360 1315 1315 1364 1364 1363 1363 1364 1364 1316 1316 1360 1360 1364 1364 1363 1363 1299 1299 1361 1361 1377 1377 1361 1361 1316 1316 1379 1379 1377 1377 1379 1379 1321 1321 1361 1361 1379 1379 1377 1377 1316 1316 1362 1362 1382 1382 1362 1362 1302 1302 1380 1380 1382 1382 1380 1380 1322 1322 1362 1362 1380 1380 1382 1382 1321 1321 1384 1384 1378 1378 1384 1384 1322 1322 1381 1381 1378 1378 1381 1381 1304 1304 1384 1384 1381 1381 1378 1378 1316 1316 1382 1382 1379 1379 1382 1382 1322 1322 1384 1384 1379 1379 1384 1384 1321 1321 1382 1382 1384 1384 1379 1379 1299 1299 1377 1377 1395 1395 1377 1377 1321 1321 1398 1398 1395 1395 1398 1398 1325 1325 1377 1377 1398 1398 1395 1395 1321 1321 1378 1378 1413 1413 1378 1378 1304 1304 1410 1410 1413 1413 1410 1410 1328 1328 1378 1378 1410 1410 1413 1413 1325 1325 1415 1415 1396 1396 1415 1415 1328 1328 1411 1411 1396 1396 1411 1411 1305 1305 1415 1415 1411 1411 1396 1396 1321 1321 1413 1413 1398 1398 1413 1413 1328 1328 1415 1415 1398 1398 1415 1415 1325 1325 1413 1413 1415 1415 1398 1398 1300 1300 1399 1399 1356 1356 1399 1399 1326 1326 1402 1402 1356 1356 1402 1402 1314 1314 1399 1399 1402 1402 1356 1356 1326 1326 1400 1400 1409 1409 1400 1400 1305 1305 1405 1405 1409 1409 1405 1405 1327 1327 1400 1400 1405 1405 1409 1409 1314 1314 1407 1407 1357 1357 1407 1407 1327 1327 1404 1404 1357 1357 1404 1404 1301 1301 1407 1407 1404 1404 1357 1357 1326 1326 1409 1409 1402 1402 1409 1409 1327 1327 1407 1407 1402 1402 1407 1407 1314 1314 1409 1409 1407 1407 1402 1402 1298 1298 1342 1342 1437 1437 1342 1342 1310 1310 1439 1439 1437 1437 1439 1439 1334 1334 1342 1342 1439 1439 1437 1437 1310 1310 1343 1343 1443 1443 1343 1343 1300 1300 1441 1441 1443 1443 1441 1441 1335 1335 1343 1343 1441 1441 1443 1443 1334 1334 1445 1445 1438 1438 1445 1445 1335 1335 1442 1442 1438 1438 1442 1442 1307 1307 1445 1445 1442 1442 1438 1438 1310 1310 1443 1443 1439 1439 1443 1443 1335 1335 1445 1445 1439 1439 1445 1445 1334 1334 1443 1443 1445 1445 1439 1439 1302 1302 1359 1359 1422 1422 1359 1359 1315 1315 1424 1424 1422 1422 1424 1424 1331 1331 1359 1359 1424 1424 1422 1422 1315 1315 1358 1358 1421 1421 1358 1358 1298 1298 1419 1419 1421 1421 1419 1419 1330 1330 1358 1358 1419 1419 1421 1421 1331 1331 1426 1426 1423 1423 1426 1426 1330 1330 1420 1420 1423 1423 1420 1420 1306 1306 1426 1426 1420 1420 1423 1423 1315 1315 1421 1421 1424 1424 1421 1421 1330 1330 1426 1426 1424 1424 1426 1426 1331 1331 1421 1421 1426 1426 1424 1424 1304 1304 1381 1381 1386 1386 1381 1381 1322 1322 1390 1390 1386 1386 1390 1390 1323 1323 1381 1381 1390 1390 1386 1386 1322 1322 1380 1380 1383 1383 1380 1380 1302 1302 1372 1372 1383 1383 1372 1372 1319 1319 1380 1380 1372 1372 1383 1383 1323 1323 1388 1388 1385 1385 1388 1388 1319 1319 1373 1373 1385 1385 1373 1373 1303 1303 1388 1388 1373 1373 1385 1385 1322 1322 1383 1383 1390 1390 1383 1383 1319 1319 1388 1388 1390 1390 1388 1388 1323 1323 1383 1383 1388 1388 1390 1390 1305 1305 1411 1411 1392 1392 1411 1411 1328 1328 1414 1414 1392 1392 1414 1414 1324 1324 1411 1411 1414 1414 1392 1392 1328 1328 1410 1410 1412 1412 1410 1410 1304 1304 1375 1375 1412 1412 1375 1375 1320 1320 1410 1410 1375 1375 1412 1412 1324 1324 1394 1394 1391 1391 1394 1394 1320 1320 1374 1374 1391 1391 1374 1374 1297 1297 1394 1394 1374 1374 1391 1391 1328 1328 1412 1412 1414 1414 1412 1412 1320 1320 1394 1394 1414 1414 1394 1394 1324 1324 1412 1412 1394 1394 1414 1414 1458 1458 1595 1595 1511 1511 1595 1595 1495 1495 1597 1597 1511 1511 1597 1597 1474 1474 1595 1595 1597 1597 1511 1511 1495 1495 1596 1596 1612 1612 1596 1596 1469 1469 1609 1609 1612 1612 1609 1609 1498 1498 1596 1596 1609 1609 1612 1612 1474 1474 1610 1610 1512 1512 1610 1610 1498 1498 1608 1608 1512 1512 1608 1608 1463 1463 1610 1610 1608 1608 1512 1512 1495 1495 1612 1612 1597 1597 1612 1612 1498 1498 1610 1610 1597 1597 1610 1610 1474 1474 1612 1612 1610 1610 1597 1597 1458 1458 1511 1511 1500 1500 1511 1511 1474 1474 1513 1513 1500 1500 1513 1513 1470 1470 1511 1511 1513 1513 1500 1500 1474 1474 1512 1512 1517 1517 1512 1512 1463 1463 1515 1515 1517 1517 1515 1515 1475 1475 1512 1512 1515 1515 1517 1517 1470 1470 1516 1516 1501 1501 1516 1516 1475 1475 1514 1514 1501 1501 1514 1514 1459 1459 1516 1516 1514 1514 1501 1501 1474 1474 1517 1517 1513 1513 1517 1517 1475 1475 1516 1516 1513 1513 1516 1516 1470 1470 1517 1517 1516 1516 1513 1513 1458 1458 1500 1500 1527 1527 1500 1500 1470 1470 1529 1529 1527 1527 1529 1529 1479 1479 1500 1500 1529 1529 1527 1527 1470 1470 1501 1501 1532 1532 1501 1501 1459 1459 1530 1530 1532 1532 1530 1530 1480 1480 1501 1501 1530 1530 1532 1532 1479 1479 1533 1533 1528 1528 1533 1533 1480 1480 1531 1531 1528 1528 1531 1531 1465 1465 1533 1533 1531 1531 1528 1528 1470 1470 1532 1532 1529 1529 1532 1532 1480 1480 1533 1533 1529 1529 1533 1533 1479 1479 1532 1532 1533 1533 1529 1529 1458 1458 1527 1527 1578 1578 1527 1527 1479 1479 1580 1580 1578 1578 1580 1580 1491 1491 1527 1527 1580 1580 1578 1578 1479 1479 1528 1528 1591 1591 1528 1528 1465 1465 1589 1589 1591 1591 1589 1589 1494 1494 1528 1528 1589 1589 1591 1591 1491 1491 1593 1593 1579 1579 1593 1593 1494 1494 1590 1590 1579 1579 1590 1590 1468 1468 1593 1593 1590 1590 1579 1579 1479 1479 1591 1591 1580 1580 1591 1591 1494 1494 1593 1593 1580 1580 1593 1593 1491 1491 1591 1591 1593 1593 1580 1580 1458 1458 1578 1578 1595 1595 1578 1578 1491 1491 1598 1598 1595 1595 1598 1598 1495 1495 1578 1578 1598 1598 1595 1595 1491 1491 1579 1579 1616 1616 1579 1579 1468 1468 1614 1614 1616 1616 1614 1614 1499 1499 1579 1579 1614 1614 1616 1616 1495 1495 1618 1618 1596 1596 1618 1618 1499 1499 1615 1615 1596 1596 1615 1615 1469 1469 1618 1618 1615 1615 1596 1596 1491 1491 1616 1616 1598 1598 1616 1616 1499 1499 1618 1618 1598 1598 1618 1618 1495 1495 1616 1616 1618 1618 1598 1598 1459 1459 1514 1514 1553 1553 1514 1514 1475 1475 1555 1555 1553 1553 1555 1555 1486 1486 1514 1514 1555 1555 1553 1553 1475 1475 1515 1515 1568 1568 1515 1515 1463 1463 1566 1566 1568 1568 1566 1566 1489 1489 1515 1515 1566 1566 1568 1568 1486 1486 1570 1570 1554 1554 1570 1570 1489 1489 1567 1567 1554 1554 1567 1567 1467 1467 1570 1570 1567 1567 1554 1554 1475 1475 1568 1568 1555 1555 1568 1568 1489 1489 1570 1570 1555 1555 1570 1570 1486 1486 1568 1568 1570 1570 1555 1555 1463 1463 1608 1608 1519 1519 1608 1608 1498 1498 1611 1611 1519 1519 1611 1611 1476 1476 1608 1608 1611 1611 1519 1519 1498 1498 1609 1609 1613 1613 1609 1609 1469 1469 1604 1604 1613 1613 1604 1604 1497 1497 1609 1609 1604 1604 1613 1613 1476 1476 1606 1606 1518 1518 1606 1606 1497 1497 1603 1603 1518 1518 1603 1603 1462 1462 1606 1606 1603 1603 1518 1518 1498 1498 1613 1613 1611 1611 1613 1613 1497 1497 1606 1606 1611 1611 1606 1606 1476 1476 1613 1613 1606 1606 1611 1611 1469 1469 1615 1615 1600 1600 1615 1615 1499 1499 1619 1619 1600 1600 1619 1619 1496 1496 1615 1615 1619 1619 1600 1600 1499 1499 1614 1614 1617 1617 1614 1614 1468 1468 1582 1582 1617 1617 1582 1582 1492 1492 1614 1614 1582 1582 1617 1617 1496 1496 1602 1602 1599 1599 1602 1602 1492 1492 1581 1581 1599 1599 1581 1581 1460 1460 1602 1602 1581 1581 1599 1599 1499 1499 1617 1617 1619 1619 1617 1617 1492 1492 1602 1602 1619 1619 1602 1602 1496 1496 1617 1617 1602 1602 1619 1619 1468 1468 1590 1590 1585 1585 1590 1590 1494 1494 1594 1594 1585 1585 1594 1594 1493 1493 1590 1590 1594 1594 1585 1585 1494 1494 1589 1589 1592 1592 1589 1589 1465 1465 1535 1535 1592 1592 1535 1535 1481 1481 1589 1589 1535 1535 1592 1592 1493 1493 1587 1587 1584 1584 1587 1587 1481 1481 1534 1534 1584 1584 1534 1534 1464 1464 1587 1587 1534 1534 1584 1584 1494 1494 1592 1592 1594 1594 1592 1592 1481 1481 1587 1587 1594 1594 1587 1587 1493 1493 1592 1592 1587 1587 1594 1594 1465 1465 1531 1531 1547 1547 1531 1531 1480 1480 1549 1549 1547 1547 1549 1549 1485 1485 1531 1531 1549 1549 1547 1547 1480 1480 1530 1530 1538 1538 1530 1530 1459 1459 1536 1536 1538 1538 1536 1536 1482 1482 1530 1530 1536 1536 1538 1538 1485 1485 1551 1551 1548 1548 1551 1551 1482 1482 1537 1537 1548 1548 1537 1537 1466 1466 1551 1551 1537 1537 1548 1548 1480 1480 1538 1538 1549 1549 1538 1538 1482 1482 1551 1551 1549 1549 1551 1551 1485 1485 1538 1538 1551 1551 1549 1549 1461 1461 1557 1557 1507 1507 1557 1557 1487 1487 1559 1559 1507 1507 1559 1559 1473 1473 1557 1557 1559 1559 1507 1507 1487 1487 1558 1558 1565 1565 1558 1558 1467 1467 1562 1562 1565 1565 1562 1562 1488 1488 1558 1558 1562 1562 1565 1565 1473 1473 1563 1563 1508 1508 1563 1563 1488 1488 1561 1561 1508 1508 1561 1561 1462 1462 1563 1563 1561 1561 1508 1508 1487 1487 1565 1565 1559 1559 1565 1565 1488 1488 1563 1563 1559 1559 1563 1563 1473 1473 1565 1565 1563 1563 1559 1559 1461 1461 1507 1507 1503 1503 1507 1507 1473 1473 1509 1509 1503 1503 1509 1509 1471 1471 1507 1507 1509 1509 1503 1503 1473 1473 1508 1508 1510 1510 1508 1508 1462 1462 1505 1505 1510 1510 1505 1505 1472 1472 1508 1508 1505 1505 1510 1510 1471 1471 1506 1506 1502 1502 1506 1506 1472 1472 1504 1504 1502 1502 1504 1504 1460 1460 1506 1506 1504 1504 1502 1502 1473 1473 1510 1510 1509 1509 1510 1510 1472 1472 1506 1506 1509 1509 1506 1506 1471 1471 1510 1510 1506 1506 1509 1509 1461 1461 1503 1503 1523 1523 1503 1503 1471 1471 1525 1525 1523 1523 1525 1525 1478 1478 1503 1503 1525 1525 1523 1523 1471 1471 1502 1502 1522 1522 1502 1502 1460 1460 1520 1520 1522 1522 1520 1520 1477 1477 1502 1502 1520 1520 1522 1522 1478 1478 1526 1526 1524 1524 1526 1526 1477 1477 1521 1521 1524 1524 1521 1521 1464 1464 1526 1526 1521 1521 1524 1524 1471 1471 1522 1522 1525 1525 1522 1522 1477 1477 1526 1526 1525 1525 1526 1526 1478 1478 1522 1522 1526 1526 1525 1525 1461 1461 1523 1523 1539 1539 1523 1523 1478 1478 1541 1541 1539 1539 1541 1541 1483 1483 1523 1523 1541 1541 1539 1539 1478 1478 1524 1524 1544 1544 1524 1524 1464 1464 1542 1542 1544 1544 1542 1542 1484 1484 1524 1524 1542 1542 1544 1544 1483 1483 1546 1546 1540 1540 1546 1546 1484 1484 1543 1543 1540 1540 1543 1543 1466 1466 1546 1546 1543 1543 1540 1540 1478 1478 1544 1544 1541 1541 1544 1544 1484 1484 1546 1546 1541 1541 1546 1546 1483 1483 1544 1544 1546 1546 1541 1541 1461 1461 1539 1539 1557 1557 1539 1539 1483 1483 1560 1560 1557 1557 1560 1560 1487 1487 1539 1539 1560 1560 1557 1557 1483 1483 1540 1540 1575 1575 1540 1540 1466 1466 1572 1572 1575 1575 1572 1572 1490 1490 1540 1540 1572 1572 1575 1575 1487 1487 1577 1577 1558 1558 1577 1577 1490 1490 1573 1573 1558 1558 1573 1573 1467 1467 1577 1577 1573 1573 1558 1558 1483 1483 1575 1575 1560 1560 1575 1575 1490 1490 1577 1577 1560 1560 1577 1577 1487 1487 1575 1575 1577 1577 1560 1560 1462 1462 1561 1561 1518 1518 1561 1561 1488 1488 1564 1564 1518 1518 1564 1564 1476 1476 1561 1561 1564 1564 1518 1518 1488 1488 1562 1562 1571 1571 1562 1562 1467 1467 1567 1567 1571 1571 1567 1567 1489 1489 1562 1562 1567 1567 1571 1571 1476 1476 1569 1569 1519 1519 1569 1569 1489 1489 1566 1566 1519 1519 1566 1566 1463 1463 1569 1569 1566 1566 1519 1519 1488 1488 1571 1571 1564 1564 1571 1571 1489 1489 1569 1569 1564 1564 1569 1569 1476 1476 1571 1571 1569 1569 1564 1564 1460 1460 1504 1504 1599 1599 1504 1504 1472 1472 1601 1601 1599 1599 1601 1601 1496 1496 1504 1504 1601 1601 1599 1599 1472 1472 1505 1505 1605 1605 1505 1505 1462 1462 1603 1603 1605 1605 1603 1603 1497 1497 1505 1505 1603 1603 1605 1605 1496 1496 1607 1607 1600 1600 1607 1607 1497 1497 1604 1604 1600 1600 1604 1604 1469 1469 1607 1607 1604 1604 1600 1600 1472 1472 1605 1605 1601 1601 1605 1605 1497 1497 1607 1607 1601 1601 1607 1607 1496 1496 1605 1605 1607 1607 1601 1601 1464 1464 1521 1521 1584 1584 1521 1521 1477 1477 1586 1586 1584 1584 1586 1586 1493 1493 1521 1521 1586 1586 1584 1584 1477 1477 1520 1520 1583 1583 1520 1520 1460 1460 1581 1581 1583 1583 1581 1581 1492 1492 1520 1520 1581 1581 1583 1583 1493 1493 1588 1588 1585 1585 1588 1588 1492 1492 1582 1582 1585 1585 1582 1582 1468 1468 1588 1588 1582 1582 1585 1585 1477 1477 1583 1583 1586 1586 1583 1583 1492 1492 1588 1588 1586 1586 1588 1588 1493 1493 1583 1583 1588 1588 1586 1586 1466 1466 1543 1543 1548 1548 1543 1543 1484 1484 1552 1552 1548 1548 1552 1552 1485 1485 1543 1543 1552 1552 1548 1548 1484 1484 1542 1542 1545 1545 1542 1542 1464 1464 1534 1534 1545 1545 1534 1534 1481 1481 1542 1542 1534 1534 1545 1545 1485 1485 1550 1550 1547 1547 1550 1550 1481 1481 1535 1535 1547 1547 1535 1535 1465 1465 1550 1550 1535 1535 1547 1547 1484 1484 1545 1545 1552 1552 1545 1545 1481 1481 1550 1550 1552 1552 1550 1550 1485 1485 1545 1545 1550 1550 1552 1552 1467 1467 1573 1573 1554 1554 1573 1573 1490 1490 1576 1576 1554 1554 1576 1576 1486 1486 1573 1573 1576 1576 1554 1554 1490 1490 1572 1572 1574 1574 1572 1572 1466 1466 1537 1537 1574 1574 1537 1537 1482 1482 1572 1572 1537 1537 1574 1574 1486 1486 1556 1556 1553 1553 1556 1556 1482 1482 1536 1536 1553 1553 1536 1536 1459 1459 1556 1556 1536 1536 1553 1553 1490 1490 1574 1574 1576 1576 1574 1574 1482 1482 1556 1556 1576 1576 1556 1556 1486 1486 1574 1574 1556 1556 1576 1576 1620 1620 1757 1757 1673 1673 1757 1757 1657 1657 1759 1759 1673 1673 1759 1759 1636 1636 1757 1757 1759 1759 1673 1673 1657 1657 1758 1758 1774 1774 1758 1758 1631 1631 1771 1771 1774 1774 1771 1771 1660 1660 1758 1758 1771 1771 1774 1774 1636 1636 1772 1772 1674 1674 1772 1772 1660 1660 1770 1770 1674 1674 1770 1770 1625 1625 1772 1772 1770 1770 1674 1674 1657 1657 1774 1774 1759 1759 1774 1774 1660 1660 1772 1772 1759 1759 1772 1772 1636 1636 1774 1774 1772 1772 1759 1759 1620 1620 1673 1673 1662 1662 1673 1673 1636 1636 1675 1675 1662 1662 1675 1675 1632 1632 1673 1673 1675 1675 1662 1662 1636 1636 1674 1674 1679 1679 1674 1674 1625 1625 1677 1677 1679 1679 1677 1677 1637 1637 1674 1674 1677 1677 1679 1679 1632 1632 1678 1678 1663 1663 1678 1678 1637 1637 1676 1676 1663 1663 1676 1676 1621 1621 1678 1678 1676 1676 1663 1663 1636 1636 1679 1679 1675 1675 1679 1679 1637 1637 1678 1678 1675 1675 1678 1678 1632 1632 1679 1679 1678 1678 1675 1675 1620 1620 1662 1662 1689 1689 1662 1662 1632 1632 1691 1691 1689 1689 1691 1691 1641 1641 1662 1662 1691 1691 1689 1689 1632 1632 1663 1663 1694 1694 1663 1663 1621 1621 1692 1692 1694 1694 1692 1692 1642 1642 1663 1663 1692 1692 1694 1694 1641 1641 1695 1695 1690 1690 1695 1695 1642 1642 1693 1693 1690 1690 1693 1693 1627 1627 1695 1695 1693 1693 1690 1690 1632 1632 1694 1694 1691 1691 1694 1694 1642 1642 1695 1695 1691 1691 1695 1695 1641 1641 1694 1694 1695 1695 1691 1691 1620 1620 1689 1689 1740 1740 1689 1689 1641 1641 1742 1742 1740 1740 1742 1742 1653 1653 1689 1689 1742 1742 1740 1740 1641 1641 1690 1690 1753 1753 1690 1690 1627 1627 1751 1751 1753 1753 1751 1751 1656 1656 1690 1690 1751 1751 1753 1753 1653 1653 1755 1755 1741 1741 1755 1755 1656 1656 1752 1752 1741 1741 1752 1752 1630 1630 1755 1755 1752 1752 1741 1741 1641 1641 1753 1753 1742 1742 1753 1753 1656 1656 1755 1755 1742 1742 1755 1755 1653 1653 1753 1753 1755 1755 1742 1742 1620 1620 1740 1740 1757 1757 1740 1740 1653 1653 1760 1760 1757 1757 1760 1760 1657 1657 1740 1740 1760 1760 1757 1757 1653 1653 1741 1741 1778 1778 1741 1741 1630 1630 1776 1776 1778 1778 1776 1776 1661 1661 1741 1741 1776 1776 1778 1778 1657 1657 1780 1780 1758 1758 1780 1780 1661 1661 1777 1777 1758 1758 1777 1777 1631 1631 1780 1780 1777 1777 1758 1758 1653 1653 1778 1778 1760 1760 1778 1778 1661 1661 1780 1780 1760 1760 1780 1780 1657 1657 1778 1778 1780 1780 1760 1760 1621 1621 1676 1676 1715 1715 1676 1676 1637 1637 1717 1717 1715 1715 1717 1717 1648 1648 1676 1676 1717 1717 1715 1715 1637 1637 1677 1677 1730 1730 1677 1677 1625 1625 1728 1728 1730 1730 1728 1728 1651 1651 1677 1677 1728 1728 1730 1730 1648 1648 1732 1732 1716 1716 1732 1732 1651 1651 1729 1729 1716 1716 1729 1729 1629 1629 1732 1732 1729 1729 1716 1716 1637 1637 1730 1730 1717 1717 1730 1730 1651 1651 1732 1732 1717 1717 1732 1732 1648 1648 1730 1730 1732 1732 1717 1717 1625 1625 1770 1770 1681 1681 1770 1770 1660 1660 1773 1773 1681 1681 1773 1773 1638 1638 1770 1770 1773 1773 1681 1681 1660 1660 1771 1771 1775 1775 1771 1771 1631 1631 1766 1766 1775 1775 1766 1766 1659 1659 1771 1771 1766 1766 1775 1775 1638 1638 1768 1768 1680 1680 1768 1768 1659 1659 1765 1765 1680 1680 1765 1765 1624 1624 1768 1768 1765 1765 1680 1680 1660 1660 1775 1775 1773 1773 1775 1775 1659 1659 1768 1768 1773 1773 1768 1768 1638 1638 1775 1775 1768 1768 1773 1773 1631 1631 1777 1777 1762 1762 1777 1777 1661 1661 1781 1781 1762 1762 1781 1781 1658 1658 1777 1777 1781 1781 1762 1762 1661 1661 1776 1776 1779 1779 1776 1776 1630 1630 1744 1744 1779 1779 1744 1744 1654 1654 1776 1776 1744 1744 1779 1779 1658 1658 1764 1764 1761 1761 1764 1764 1654 1654 1743 1743 1761 1761 1743 1743 1622 1622 1764 1764 1743 1743 1761 1761 1661 1661 1779 1779 1781 1781 1779 1779 1654 1654 1764 1764 1781 1781 1764 1764 1658 1658 1779 1779 1764 1764 1781 1781 1630 1630 1752 1752 1747 1747 1752 1752 1656 1656 1756 1756 1747 1747 1756 1756 1655 1655 1752 1752 1756 1756 1747 1747 1656 1656 1751 1751 1754 1754 1751 1751 1627 1627 1697 1697 1754 1754 1697 1697 1643 1643 1751 1751 1697 1697 1754 1754 1655 1655 1749 1749 1746 1746 1749 1749 1643 1643 1696 1696 1746 1746 1696 1696 1626 1626 1749 1749 1696 1696 1746 1746 1656 1656 1754 1754 1756 1756 1754 1754 1643 1643 1749 1749 1756 1756 1749 1749 1655 1655 1754 1754 1749 1749 1756 1756 1627 1627 1693 1693 1709 1709 1693 1693 1642 1642 1711 1711 1709 1709 1711 1711 1647 1647 1693 1693 1711 1711 1709 1709 1642 1642 1692 1692 1700 1700 1692 1692 1621 1621 1698 1698 1700 1700 1698 1698 1644 1644 1692 1692 1698 1698 1700 1700 1647 1647 1713 1713 1710 1710 1713 1713 1644 1644 1699 1699 1710 1710 1699 1699 1628 1628 1713 1713 1699 1699 1710 1710 1642 1642 1700 1700 1711 1711 1700 1700 1644 1644 1713 1713 1711 1711 1713 1713 1647 1647 1700 1700 1713 1713 1711 1711 1623 1623 1719 1719 1669 1669 1719 1719 1649 1649 1721 1721 1669 1669 1721 1721 1635 1635 1719 1719 1721 1721 1669 1669 1649 1649 1720 1720 1727 1727 1720 1720 1629 1629 1724 1724 1727 1727 1724 1724 1650 1650 1720 1720 1724 1724 1727 1727 1635 1635 1725 1725 1670 1670 1725 1725 1650 1650 1723 1723 1670 1670 1723 1723 1624 1624 1725 1725 1723 1723 1670 1670 1649 1649 1727 1727 1721 1721 1727 1727 1650 1650 1725 1725 1721 1721 1725 1725 1635 1635 1727 1727 1725 1725 1721 1721 1623 1623 1669 1669 1665 1665 1669 1669 1635 1635 1671 1671 1665 1665 1671 1671 1633 1633 1669 1669 1671 1671 1665 1665 1635 1635 1670 1670 1672 1672 1670 1670 1624 1624 1667 1667 1672 1672 1667 1667 1634 1634 1670 1670 1667 1667 1672 1672 1633 1633 1668 1668 1664 1664 1668 1668 1634 1634 1666 1666 1664 1664 1666 1666 1622 1622 1668 1668 1666 1666 1664 1664 1635 1635 1672 1672 1671 1671 1672 1672 1634 1634 1668 1668 1671 1671 1668 1668 1633 1633 1672 1672 1668 1668 1671 1671 1623 1623 1665 1665 1685 1685 1665 1665 1633 1633 1687 1687 1685 1685 1687 1687 1640 1640 1665 1665 1687 1687 1685 1685 1633 1633 1664 1664 1684 1684 1664 1664 1622 1622 1682 1682 1684 1684 1682 1682 1639 1639 1664 1664 1682 1682 1684 1684 1640 1640 1688 1688 1686 1686 1688 1688 1639 1639 1683 1683 1686 1686 1683 1683 1626 1626 1688 1688 1683 1683 1686 1686 1633 1633 1684 1684 1687 1687 1684 1684 1639 1639 1688 1688 1687 1687 1688 1688 1640 1640 1684 1684 1688 1688 1687 1687 1623 1623 1685 1685 1701 1701 1685 1685 1640 1640 1703 1703 1701 1701 1703 1703 1645 1645 1685 1685 1703 1703 1701 1701 1640 1640 1686 1686 1706 1706 1686 1686 1626 1626 1704 1704 1706 1706 1704 1704 1646 1646 1686 1686 1704 1704 1706 1706 1645 1645 1708 1708 1702 1702 1708 1708 1646 1646 1705 1705 1702 1702 1705 1705 1628 1628 1708 1708 1705 1705 1702 1702 1640 1640 1706 1706 1703 1703 1706 1706 1646 1646 1708 1708 1703 1703 1708 1708 1645 1645 1706 1706 1708 1708 1703 1703 1623 1623 1701 1701 1719 1719 1701 1701 1645 1645 1722 1722 1719 1719 1722 1722 1649 1649 1701 1701 1722 1722 1719 1719 1645 1645 1702 1702 1737 1737 1702 1702 1628 1628 1734 1734 1737 1737 1734 1734 1652 1652 1702 1702 1734 1734 1737 1737 1649 1649 1739 1739 1720 1720 1739 1739 1652 1652 1735 1735 1720 1720 1735 1735 1629 1629 1739 1739 1735 1735 1720 1720 1645 1645 1737 1737 1722 1722 1737 1737 1652 1652 1739 1739 1722 1722 1739 1739 1649 1649 1737 1737 1739 1739 1722 1722 1624 1624 1723 1723 1680 1680 1723 1723 1650 1650 1726 1726 1680 1680 1726 1726 1638 1638 1723 1723 1726 1726 1680 1680 1650 1650 1724 1724 1733 1733 1724 1724 1629 1629 1729 1729 1733 1733 1729 1729 1651 1651 1724 1724 1729 1729 1733 1733 1638 1638 1731 1731 1681 1681 1731 1731 1651 1651 1728 1728 1681 1681 1728 1728 1625 1625 1731 1731 1728 1728 1681 1681 1650 1650 1733 1733 1726 1726 1733 1733 1651 1651 1731 1731 1726 1726 1731 1731 1638 1638 1733 1733 1731 1731 1726 1726 1622 1622 1666 1666 1761 1761 1666 1666 1634 1634 1763 1763 1761 1761 1763 1763 1658 1658 1666 1666 1763 1763 1761 1761 1634 1634 1667 1667 1767 1767 1667 1667 1624 1624 1765 1765 1767 1767 1765 1765 1659 1659 1667 1667 1765 1765 1767 1767 1658 1658 1769 1769 1762 1762 1769 1769 1659 1659 1766 1766 1762 1762 1766 1766 1631 1631 1769 1769 1766 1766 1762 1762 1634 1634 1767 1767 1763 1763 1767 1767 1659 1659 1769 1769 1763 1763 1769 1769 1658 1658 1767 1767 1769 1769 1763 1763 1626 1626 1683 1683 1746 1746 1683 1683 1639 1639 1748 1748 1746 1746 1748 1748 1655 1655 1683 1683 1748 1748 1746 1746 1639 1639 1682 1682 1745 1745 1682 1682 1622 1622 1743 1743 1745 1745 1743 1743 1654 1654 1682 1682 1743 1743 1745 1745 1655 1655 1750 1750 1747 1747 1750 1750 1654 1654 1744 1744 1747 1747 1744 1744 1630 1630 1750 1750 1744 1744 1747 1747 1639 1639 1745 1745 1748 1748 1745 1745 1654 1654 1750 1750 1748 1748 1750 1750 1655 1655 1745 1745 1750 1750 1748 1748 1628 1628 1705 1705 1710 1710 1705 1705 1646 1646 1714 1714 1710 1710 1714 1714 1647 1647 1705 1705 1714 1714 1710 1710 1646 1646 1704 1704 1707 1707 1704 1704 1626 1626 1696 1696 1707 1707 1696 1696 1643 1643 1704 1704 1696 1696 1707 1707 1647 1647 1712 1712 1709 1709 1712 1712 1643 1643 1697 1697 1709 1709 1697 1697 1627 1627 1712 1712 1697 1697 1709 1709 1646 1646 1707 1707 1714 1714 1707 1707 1643 1643 1712 1712 1714 1714 1712 1712 1647 1647 1707 1707 1712 1712 1714 1714 1629 1629 1735 1735 1716 1716 1735 1735 1652 1652 1738 1738 1716 1716 1738 1738 1648 1648 1735 1735 1738 1738 1716 1716 1652 1652 1734 1734 1736 1736 1734 1734 1628 1628 1699 1699 1736 1736 1699 1699 1644 1644 1734 1734 1699 1699 1736 1736 1648 1648 1718 1718 1715 1715 1718 1718 1644 1644 1698 1698 1715 1715 1698 1698 1621 1621 1718 1718 1698 1698 1715 1715 1652 1652 1736 1736 1738 1738 1736 1736 1644 1644 1718 1718 1738 1738 1718 1718 1648 1648 1736 1736 1718 1718 1738 1738 1782 1782 1919 1919 1835 1835 1919 1919 1819 1819 1921 1921 1835 1835 1921 1921 1798 1798 1919 1919 1921 1921 1835 1835 1819 1819 1920 1920 1936 1936 1920 1920 1793 1793 1933 1933 1936 1936 1933 1933 1822 1822 1920 1920 1933 1933 1936 1936 1798 1798 1934 1934 1836 1836 1934 1934 1822 1822 1932 1932 1836 1836 1932 1932 1787 1787 1934 1934 1932 1932 1836 1836 1819 1819 1936 1936 1921 1921 1936 1936 1822 1822 1934 1934 1921 1921 1934 1934 1798 1798 1936 1936 1934 1934 1921 1921 1782 1782 1835 1835 1824 1824 1835 1835 1798 1798 1837 1837 1824 1824 1837 1837 1794 1794 1835 1835 1837 1837 1824 1824 1798 1798 1836 1836 1841 1841 1836 1836 1787 1787 1839 1839 1841 1841 1839 1839 1799 1799 1836 1836 1839 1839 1841 1841 1794 1794 1840 1840 1825 1825 1840 1840 1799 1799 1838 1838 1825 1825 1838 1838 1783 1783 1840 1840 1838 1838 1825 1825 1798 1798 1841 1841 1837 1837 1841 1841 1799 1799 1840 1840 1837 1837 1840 1840 1794 1794 1841 1841 1840 1840 1837 1837 1782 1782 1824 1824 1851 1851 1824 1824 1794 1794 1853 1853 1851 1851 1853 1853 1803 1803 1824 1824 1853 1853 1851 1851 1794 1794 1825 1825 1856 1856 1825 1825 1783 1783 1854 1854 1856 1856 1854 1854 1804 1804 1825 1825 1854 1854 1856 1856 1803 1803 1857 1857 1852 1852 1857 1857 1804 1804 1855 1855 1852 1852 1855 1855 1789 1789 1857 1857 1855 1855 1852 1852 1794 1794 1856 1856 1853 1853 1856 1856 1804 1804 1857 1857 1853 1853 1857 1857 1803 1803 1856 1856 1857 1857 1853 1853 1782 1782 1851 1851 1902 1902 1851 1851 1803 1803 1904 1904 1902 1902 1904 1904 1815 1815 1851 1851 1904 1904 1902 1902 1803 1803 1852 1852 1915 1915 1852 1852 1789 1789 1913 1913 1915 1915 1913 1913 1818 1818 1852 1852 1913 1913 1915 1915 1815 1815 1917 1917 1903 1903 1917 1917 1818 1818 1914 1914 1903 1903 1914 1914 1792 1792 1917 1917 1914 1914 1903 1903 1803 1803 1915 1915 1904 1904 1915 1915 1818 1818 1917 1917 1904 1904 1917 1917 1815 1815 1915 1915 1917 1917 1904 1904 1782 1782 1902 1902 1919 1919 1902 1902 1815 1815 1922 1922 1919 1919 1922 1922 1819 1819 1902 1902 1922 1922 1919 1919 1815 1815 1903 1903 1940 1940 1903 1903 1792 1792 1938 1938 1940 1940 1938 1938 1823 1823 1903 1903 1938 1938 1940 1940 1819 1819 1942 1942 1920 1920 1942 1942 1823 1823 1939 1939 1920 1920 1939 1939 1793 1793 1942 1942 1939 1939 1920 1920 1815 1815 1940 1940 1922 1922 1940 1940 1823 1823 1942 1942 1922 1922 1942 1942 1819 1819 1940 1940 1942 1942 1922 1922 1783 1783 1838 1838 1877 1877 1838 1838 1799 1799 1879 1879 1877 1877 1879 1879 1810 1810 1838 1838 1879 1879 1877 1877 1799 1799 1839 1839 1892 1892 1839 1839 1787 1787 1890 1890 1892 1892 1890 1890 1813 1813 1839 1839 1890 1890 1892 1892 1810 1810 1894 1894 1878 1878 1894 1894 1813 1813 1891 1891 1878 1878 1891 1891 1791 1791 1894 1894 1891 1891 1878 1878 1799 1799 1892 1892 1879 1879 1892 1892 1813 1813 1894 1894 1879 1879 1894 1894 1810 1810 1892 1892 1894 1894 1879 1879 1787 1787 1932 1932 1843 1843 1932 1932 1822 1822 1935 1935 1843 1843 1935 1935 1800 1800 1932 1932 1935 1935 1843 1843 1822 1822 1933 1933 1937 1937 1933 1933 1793 1793 1928 1928 1937 1937 1928 1928 1821 1821 1933 1933 1928 1928 1937 1937 1800 1800 1930 1930 1842 1842 1930 1930 1821 1821 1927 1927 1842 1842 1927 1927 1786 1786 1930 1930 1927 1927 1842 1842 1822 1822 1937 1937 1935 1935 1937 1937 1821 1821 1930 1930 1935 1935 1930 1930 1800 1800 1937 1937 1930 1930 1935 1935 1793 1793 1939 1939 1924 1924 1939 1939 1823 1823 1943 1943 1924 1924 1943 1943 1820 1820 1939 1939 1943 1943 1924 1924 1823 1823 1938 1938 1941 1941 1938 1938 1792 1792 1906 1906 1941 1941 1906 1906 1816 1816 1938 1938 1906 1906 1941 1941 1820 1820 1926 1926 1923 1923 1926 1926 1816 1816 1905 1905 1923 1923 1905 1905 1784 1784 1926 1926 1905 1905 1923 1923 1823 1823 1941 1941 1943 1943 1941 1941 1816 1816 1926 1926 1943 1943 1926 1926 1820 1820 1941 1941 1926 1926 1943 1943 1792 1792 1914 1914 1909 1909 1914 1914 1818 1818 1918 1918 1909 1909 1918 1918 1817 1817 1914 1914 1918 1918 1909 1909 1818 1818 1913 1913 1916 1916 1913 1913 1789 1789 1859 1859 1916 1916 1859 1859 1805 1805 1913 1913 1859 1859 1916 1916 1817 1817 1911 1911 1908 1908 1911 1911 1805 1805 1858 1858 1908 1908 1858 1858 1788 1788 1911 1911 1858 1858 1908 1908 1818 1818 1916 1916 1918 1918 1916 1916 1805 1805 1911 1911 1918 1918 1911 1911 1817 1817 1916 1916 1911 1911 1918 1918 1789 1789 1855 1855 1871 1871 1855 1855 1804 1804 1873 1873 1871 1871 1873 1873 1809 1809 1855 1855 1873 1873 1871 1871 1804 1804 1854 1854 1862 1862 1854 1854 1783 1783 1860 1860 1862 1862 1860 1860 1806 1806 1854 1854 1860 1860 1862 1862 1809 1809 1875 1875 1872 1872 1875 1875 1806 1806 1861 1861 1872 1872 1861 1861 1790 1790 1875 1875 1861 1861 1872 1872 1804 1804 1862 1862 1873 1873 1862 1862 1806 1806 1875 1875 1873 1873 1875 1875 1809 1809 1862 1862 1875 1875 1873 1873 1785 1785 1881 1881 1831 1831 1881 1881 1811 1811 1883 1883 1831 1831 1883 1883 1797 1797 1881 1881 1883 1883 1831 1831 1811 1811 1882 1882 1889 1889 1882 1882 1791 1791 1886 1886 1889 1889 1886 1886 1812 1812 1882 1882 1886 1886 1889 1889 1797 1797 1887 1887 1832 1832 1887 1887 1812 1812 1885 1885 1832 1832 1885 1885 1786 1786 1887 1887 1885 1885 1832 1832 1811 1811 1889 1889 1883 1883 1889 1889 1812 1812 1887 1887 1883 1883 1887 1887 1797 1797 1889 1889 1887 1887 1883 1883 1785 1785 1831 1831 1827 1827 1831 1831 1797 1797 1833 1833 1827 1827 1833 1833 1795 1795 1831 1831 1833 1833 1827 1827 1797 1797 1832 1832 1834 1834 1832 1832 1786 1786 1829 1829 1834 1834 1829 1829 1796 1796 1832 1832 1829 1829 1834 1834 1795 1795 1830 1830 1826 1826 1830 1830 1796 1796 1828 1828 1826 1826 1828 1828 1784 1784 1830 1830 1828 1828 1826 1826 1797 1797 1834 1834 1833 1833 1834 1834 1796 1796 1830 1830 1833 1833 1830 1830 1795 1795 1834 1834 1830 1830 1833 1833 1785 1785 1827 1827 1847 1847 1827 1827 1795 1795 1849 1849 1847 1847 1849 1849 1802 1802 1827 1827 1849 1849 1847 1847 1795 1795 1826 1826 1846 1846 1826 1826 1784 1784 1844 1844 1846 1846 1844 1844 1801 1801 1826 1826 1844 1844 1846 1846 1802 1802 1850 1850 1848 1848 1850 1850 1801 1801 1845 1845 1848 1848 1845 1845 1788 1788 1850 1850 1845 1845 1848 1848 1795 1795 1846 1846 1849 1849 1846 1846 1801 1801 1850 1850 1849 1849 1850 1850 1802 1802 1846 1846 1850 1850 1849 1849 1785 1785 1847 1847 1863 1863 1847 1847 1802 1802 1865 1865 1863 1863 1865 1865 1807 1807 1847 1847 1865 1865 1863 1863 1802 1802 1848 1848 1868 1868 1848 1848 1788 1788 1866 1866 1868 1868 1866 1866 1808 1808 1848 1848 1866 1866 1868 1868 1807 1807 1870 1870 1864 1864 1870 1870 1808 1808 1867 1867 1864 1864 1867 1867 1790 1790 1870 1870 1867 1867 1864 1864 1802 1802 1868 1868 1865 1865 1868 1868 1808 1808 1870 1870 1865 1865 1870 1870 1807 1807 1868 1868 1870 1870 1865 1865 1785 1785 1863 1863 1881 1881 1863 1863 1807 1807 1884 1884 1881 1881 1884 1884 1811 1811 1863 1863 1884 1884 1881 1881 1807 1807 1864 1864 1899 1899 1864 1864 1790 1790 1896 1896 1899 1899 1896 1896 1814 1814 1864 1864 1896 1896 1899 1899 1811 1811 1901 1901 1882 1882 1901 1901 1814 1814 1897 1897 1882 1882 1897 1897 1791 1791 1901 1901 1897 1897 1882 1882 1807 1807 1899 1899 1884 1884 1899 1899 1814 1814 1901 1901 1884 1884 1901 1901 1811 1811 1899 1899 1901 1901 1884 1884 1786 1786 1885 1885 1842 1842 1885 1885 1812 1812 1888 1888 1842 1842 1888 1888 1800 1800 1885 1885 1888 1888 1842 1842 1812 1812 1886 1886 1895 1895 1886 1886 1791 1791 1891 1891 1895 1895 1891 1891 1813 1813 1886 1886 1891 1891 1895 1895 1800 1800 1893 1893 1843 1843 1893 1893 1813 1813 1890 1890 1843 1843 1890 1890 1787 1787 1893 1893 1890 1890 1843 1843 1812 1812 1895 1895 1888 1888 1895 1895 1813 1813 1893 1893 1888 1888 1893 1893 1800 1800 1895 1895 1893 1893 1888 1888 1784 1784 1828 1828 1923 1923 1828 1828 1796 1796 1925 1925 1923 1923 1925 1925 1820 1820 1828 1828 1925 1925 1923 1923 1796 1796 1829 1829 1929 1929 1829 1829 1786 1786 1927 1927 1929 1929 1927 1927 1821 1821 1829 1829 1927 1927 1929 1929 1820 1820 1931 1931 1924 1924 1931 1931 1821 1821 1928 1928 1924 1924 1928 1928 1793 1793 1931 1931 1928 1928 1924 1924 1796 1796 1929 1929 1925 1925 1929 1929 1821 1821 1931 1931 1925 1925 1931 1931 1820 1820 1929 1929 1931 1931 1925 1925 1788 1788 1845 1845 1908 1908 1845 1845 1801 1801 1910 1910 1908 1908 1910 1910 1817 1817 1845 1845 1910 1910 1908 1908 1801 1801 1844 1844 1907 1907 1844 1844 1784 1784 1905 1905 1907 1907 1905 1905 1816 1816 1844 1844 1905 1905 1907 1907 1817 1817 1912 1912 1909 1909 1912 1912 1816 1816 1906 1906 1909 1909 1906 1906 1792 1792 1912 1912 1906 1906 1909 1909 1801 1801 1907 1907 1910 1910 1907 1907 1816 1816 1912 1912 1910 1910 1912 1912 1817 1817 1907 1907 1912 1912 1910 1910 1790 1790 1867 1867 1872 1872 1867 1867 1808 1808 1876 1876 1872 1872 1876 1876 1809 1809 1867 1867 1876 1876 1872 1872 1808 1808 1866 1866 1869 1869 1866 1866 1788 1788 1858 1858 1869 1869 1858 1858 1805 1805 1866 1866 1858 1858 1869 1869 1809 1809 1874 1874 1871 1871 1874 1874 1805 1805 1859 1859 1871 1871 1859 1859 1789 1789 1874 1874 1859 1859 1871 1871 1808 1808 1869 1869 1876 1876 1869 1869 1805 1805 1874 1874 1876 1876 1874 1874 1809 1809 1869 1869 1874 1874 1876 1876 1791 1791 1897 1897 1878 1878 1897 1897 1814 1814 1900 1900 1878 1878 1900 1900 1810 1810 1897 1897 1900 1900 1878 1878 1814 1814 1896 1896 1898 1898 1896 1896 1790 1790 1861 1861 1898 1898 1861 1861 1806 1806 1896 1896 1861 1861 1898 1898 1810 1810 1880 1880 1877 1877 1880 1880 1806 1806 1860 1860 1877 1877 1860 1860 1783 1783 1880 1880 1860 1860 1877 1877 1814 1814 1898 1898 1900 1900 1898 1898 1806 1806 1880 1880 1900 1900 1880 1880 1810 1810 1898 1898 1880 1880 1900 1900 1944 1944 2081 2081 1997 1997 2081 2081 1981 1981 2083 2083 1997 1997 2083 2083 1960 1960 2081 2081 2083 2083 1997 1997 1981 1981 2082 2082 2098 2098 2082 2082 1955 1955 2095 2095 2098 2098 2095 2095 1984 1984 2082 2082 2095 2095 2098 2098 1960 1960 2096 2096 1998 1998 2096 2096 1984 1984 2094 2094 1998 1998 2094 2094 1949 1949 2096 2096 2094 2094 1998 1998 1981 1981 2098 2098 2083 2083 2098 2098 1984 1984 2096 2096 2083 2083 2096 2096 1960 1960 2098 2098 2096 2096 2083 2083 1944 1944 1997 1997 1986 1986 1997 1997 1960 1960 1999 1999 1986 1986 1999 1999 1956 1956 1997 1997 1999 1999 1986 1986 1960 1960 1998 1998 2003 2003 1998 1998 1949 1949 2001 2001 2003 2003 2001 2001 1961 1961 1998 1998 2001 2001 2003 2003 1956 1956 2002 2002 1987 1987 2002 2002 1961 1961 2000 2000 1987 1987 2000 2000 1945 1945 2002 2002 2000 2000 1987 1987 1960 1960 2003 2003 1999 1999 2003 2003 1961 1961 2002 2002 1999 1999 2002 2002 1956 1956 2003 2003 2002 2002 1999 1999 1944 1944 1986 1986 2013 2013 1986 1986 1956 1956 2015 2015 2013 2013 2015 2015 1965 1965 1986 1986 2015 2015 2013 2013 1956 1956 1987 1987 2018 2018 1987 1987 1945 1945 2016 2016 2018 2018 2016 2016 1966 1966 1987 1987 2016 2016 2018 2018 1965 1965 2019 2019 2014 2014 2019 2019 1966 1966 2017 2017 2014 2014 2017 2017 1951 1951 2019 2019 2017 2017 2014 2014 1956 1956 2018 2018 2015 2015 2018 2018 1966 1966 2019 2019 2015 2015 2019 2019 1965 1965 2018 2018 2019 2019 2015 2015 1944 1944 2013 2013 2064 2064 2013 2013 1965 1965 2066 2066 2064 2064 2066 2066 1977 1977 2013 2013 2066 2066 2064 2064 1965 1965 2014 2014 2077 2077 2014 2014 1951 1951 2075 2075 2077 2077 2075 2075 1980 1980 2014 2014 2075 2075 2077 2077 1977 1977 2079 2079 2065 2065 2079 2079 1980 1980 2076 2076 2065 2065 2076 2076 1954 1954 2079 2079 2076 2076 2065 2065 1965 1965 2077 2077 2066 2066 2077 2077 1980 1980 2079 2079 2066 2066 2079 2079 1977 1977 2077 2077 2079 2079 2066 2066 1944 1944 2064 2064 2081 2081 2064 2064 1977 1977 2084 2084 2081 2081 2084 2084 1981 1981 2064 2064 2084 2084 2081 2081 1977 1977 2065 2065 2102 2102 2065 2065 1954 1954 2100 2100 2102 2102 2100 2100 1985 1985 2065 2065 2100 2100 2102 2102 1981 1981 2104 2104 2082 2082 2104 2104 1985 1985 2101 2101 2082 2082 2101 2101 1955 1955 2104 2104 2101 2101 2082 2082 1977 1977 2102 2102 2084 2084 2102 2102 1985 1985 2104 2104 2084 2084 2104 2104 1981 1981 2102 2102 2104 2104 2084 2084 1945 1945 2000 2000 2039 2039 2000 2000 1961 1961 2041 2041 2039 2039 2041 2041 1972 1972 2000 2000 2041 2041 2039 2039 1961 1961 2001 2001 2054 2054 2001 2001 1949 1949 2052 2052 2054 2054 2052 2052 1975 1975 2001 2001 2052 2052 2054 2054 1972 1972 2056 2056 2040 2040 2056 2056 1975 1975 2053 2053 2040 2040 2053 2053 1953 1953 2056 2056 2053 2053 2040 2040 1961 1961 2054 2054 2041 2041 2054 2054 1975 1975 2056 2056 2041 2041 2056 2056 1972 1972 2054 2054 2056 2056 2041 2041 1949 1949 2094 2094 2005 2005 2094 2094 1984 1984 2097 2097 2005 2005 2097 2097 1962 1962 2094 2094 2097 2097 2005 2005 1984 1984 2095 2095 2099 2099 2095 2095 1955 1955 2090 2090 2099 2099 2090 2090 1983 1983 2095 2095 2090 2090 2099 2099 1962 1962 2092 2092 2004 2004 2092 2092 1983 1983 2089 2089 2004 2004 2089 2089 1948 1948 2092 2092 2089 2089 2004 2004 1984 1984 2099 2099 2097 2097 2099 2099 1983 1983 2092 2092 2097 2097 2092 2092 1962 1962 2099 2099 2092 2092 2097 2097 1955 1955 2101 2101 2086 2086 2101 2101 1985 1985 2105 2105 2086 2086 2105 2105 1982 1982 2101 2101 2105 2105 2086 2086 1985 1985 2100 2100 2103 2103 2100 2100 1954 1954 2068 2068 2103 2103 2068 2068 1978 1978 2100 2100 2068 2068 2103 2103 1982 1982 2088 2088 2085 2085 2088 2088 1978 1978 2067 2067 2085 2085 2067 2067 1946 1946 2088 2088 2067 2067 2085 2085 1985 1985 2103 2103 2105 2105 2103 2103 1978 1978 2088 2088 2105 2105 2088 2088 1982 1982 2103 2103 2088 2088 2105 2105 1954 1954 2076 2076 2071 2071 2076 2076 1980 1980 2080 2080 2071 2071 2080 2080 1979 1979 2076 2076 2080 2080 2071 2071 1980 1980 2075 2075 2078 2078 2075 2075 1951 1951 2021 2021 2078 2078 2021 2021 1967 1967 2075 2075 2021 2021 2078 2078 1979 1979 2073 2073 2070 2070 2073 2073 1967 1967 2020 2020 2070 2070 2020 2020 1950 1950 2073 2073 2020 2020 2070 2070 1980 1980 2078 2078 2080 2080 2078 2078 1967 1967 2073 2073 2080 2080 2073 2073 1979 1979 2078 2078 2073 2073 2080 2080 1951 1951 2017 2017 2033 2033 2017 2017 1966 1966 2035 2035 2033 2033 2035 2035 1971 1971 2017 2017 2035 2035 2033 2033 1966 1966 2016 2016 2024 2024 2016 2016 1945 1945 2022 2022 2024 2024 2022 2022 1968 1968 2016 2016 2022 2022 2024 2024 1971 1971 2037 2037 2034 2034 2037 2037 1968 1968 2023 2023 2034 2034 2023 2023 1952 1952 2037 2037 2023 2023 2034 2034 1966 1966 2024 2024 2035 2035 2024 2024 1968 1968 2037 2037 2035 2035 2037 2037 1971 1971 2024 2024 2037 2037 2035 2035 1947 1947 2043 2043 1993 1993 2043 2043 1973 1973 2045 2045 1993 1993 2045 2045 1959 1959 2043 2043 2045 2045 1993 1993 1973 1973 2044 2044 2051 2051 2044 2044 1953 1953 2048 2048 2051 2051 2048 2048 1974 1974 2044 2044 2048 2048 2051 2051 1959 1959 2049 2049 1994 1994 2049 2049 1974 1974 2047 2047 1994 1994 2047 2047 1948 1948 2049 2049 2047 2047 1994 1994 1973 1973 2051 2051 2045 2045 2051 2051 1974 1974 2049 2049 2045 2045 2049 2049 1959 1959 2051 2051 2049 2049 2045 2045 1947 1947 1993 1993 1989 1989 1993 1993 1959 1959 1995 1995 1989 1989 1995 1995 1957 1957 1993 1993 1995 1995 1989 1989 1959 1959 1994 1994 1996 1996 1994 1994 1948 1948 1991 1991 1996 1996 1991 1991 1958 1958 1994 1994 1991 1991 1996 1996 1957 1957 1992 1992 1988 1988 1992 1992 1958 1958 1990 1990 1988 1988 1990 1990 1946 1946 1992 1992 1990 1990 1988 1988 1959 1959 1996 1996 1995 1995 1996 1996 1958 1958 1992 1992 1995 1995 1992 1992 1957 1957 1996 1996 1992 1992 1995 1995 1947 1947 1989 1989 2009 2009 1989 1989 1957 1957 2011 2011 2009 2009 2011 2011 1964 1964 1989 1989 2011 2011 2009 2009 1957 1957 1988 1988 2008 2008 1988 1988 1946 1946 2006 2006 2008 2008 2006 2006 1963 1963 1988 1988 2006 2006 2008 2008 1964 1964 2012 2012 2010 2010 2012 2012 1963 1963 2007 2007 2010 2010 2007 2007 1950 1950 2012 2012 2007 2007 2010 2010 1957 1957 2008 2008 2011 2011 2008 2008 1963 1963 2012 2012 2011 2011 2012 2012 1964 1964 2008 2008 2012 2012 2011 2011 1947 1947 2009 2009 2025 2025 2009 2009 1964 1964 2027 2027 2025 2025 2027 2027 1969 1969 2009 2009 2027 2027 2025 2025 1964 1964 2010 2010 2030 2030 2010 2010 1950 1950 2028 2028 2030 2030 2028 2028 1970 1970 2010 2010 2028 2028 2030 2030 1969 1969 2032 2032 2026 2026 2032 2032 1970 1970 2029 2029 2026 2026 2029 2029 1952 1952 2032 2032 2029 2029 2026 2026 1964 1964 2030 2030 2027 2027 2030 2030 1970 1970 2032 2032 2027 2027 2032 2032 1969 1969 2030 2030 2032 2032 2027 2027 1947 1947 2025 2025 2043 2043 2025 2025 1969 1969 2046 2046 2043 2043 2046 2046 1973 1973 2025 2025 2046 2046 2043 2043 1969 1969 2026 2026 2061 2061 2026 2026 1952 1952 2058 2058 2061 2061 2058 2058 1976 1976 2026 2026 2058 2058 2061 2061 1973 1973 2063 2063 2044 2044 2063 2063 1976 1976 2059 2059 2044 2044 2059 2059 1953 1953 2063 2063 2059 2059 2044 2044 1969 1969 2061 2061 2046 2046 2061 2061 1976 1976 2063 2063 2046 2046 2063 2063 1973 1973 2061 2061 2063 2063 2046 2046 1948 1948 2047 2047 2004 2004 2047 2047 1974 1974 2050 2050 2004 2004 2050 2050 1962 1962 2047 2047 2050 2050 2004 2004 1974 1974 2048 2048 2057 2057 2048 2048 1953 1953 2053 2053 2057 2057 2053 2053 1975 1975 2048 2048 2053 2053 2057 2057 1962 1962 2055 2055 2005 2005 2055 2055 1975 1975 2052 2052 2005 2005 2052 2052 1949 1949 2055 2055 2052 2052 2005 2005 1974 1974 2057 2057 2050 2050 2057 2057 1975 1975 2055 2055 2050 2050 2055 2055 1962 1962 2057 2057 2055 2055 2050 2050 1946 1946 1990 1990 2085 2085 1990 1990 1958 1958 2087 2087 2085 2085 2087 2087 1982 1982 1990 1990 2087 2087 2085 2085 1958 1958 1991 1991 2091 2091 1991 1991 1948 1948 2089 2089 2091 2091 2089 2089 1983 1983 1991 1991 2089 2089 2091 2091 1982 1982 2093 2093 2086 2086 2093 2093 1983 1983 2090 2090 2086 2086 2090 2090 1955 1955 2093 2093 2090 2090 2086 2086 1958 1958 2091 2091 2087 2087 2091 2091 1983 1983 2093 2093 2087 2087 2093 2093 1982 1982 2091 2091 2093 2093 2087 2087 1950 1950 2007 2007 2070 2070 2007 2007 1963 1963 2072 2072 2070 2070 2072 2072 1979 1979 2007 2007 2072 2072 2070 2070 1963 1963 2006 2006 2069 2069 2006 2006 1946 1946 2067 2067 2069 2069 2067 2067 1978 1978 2006 2006 2067 2067 2069 2069 1979 1979 2074 2074 2071 2071 2074 2074 1978 1978 2068 2068 2071 2071 2068 2068 1954 1954 2074 2074 2068 2068 2071 2071 1963 1963 2069 2069 2072 2072 2069 2069 1978 1978 2074 2074 2072 2072 2074 2074 1979 1979 2069 2069 2074 2074 2072 2072 1952 1952 2029 2029 2034 2034 2029 2029 1970 1970 2038 2038 2034 2034 2038 2038 1971 1971 2029 2029 2038 2038 2034 2034 1970 1970 2028 2028 2031 2031 2028 2028 1950 1950 2020 2020 2031 2031 2020 2020 1967 1967 2028 2028 2020 2020 2031 2031 1971 1971 2036 2036 2033 2033 2036 2036 1967 1967 2021 2021 2033 2033 2021 2021 1951 1951 2036 2036 2021 2021 2033 2033 1970 1970 2031 2031 2038 2038 2031 2031 1967 1967 2036 2036 2038 2038 2036 2036 1971 1971 2031 2031 2036 2036 2038 2038 1953 1953 2059 2059 2040 2040 2059 2059 1976 1976 2062 2062 2040 2040 2062 2062 1972 1972 2059 2059 2062 2062 2040 2040 1976 1976 2058 2058 2060 2060 2058 2058 1952 1952 2023 2023 2060 2060 2023 2023 1968 1968 2058 2058 2023 2023 2060 2060 1972 1972 2042 2042 2039 2039 2042 2042 1968 1968 2022 2022 2039 2039 2022 2022 1945 1945 2042 2042 2022 2022 2039 2039 1976 1976 2060 2060 2062 2062 2060 2060 1968 1968 2042 2042 2062 2062 2042 2042 1972 1972 2060 2060 2042 2042 2062 2062 2106 2106 2243 2243 2159 2159 2243 2243 2143 2143 2245 2245 2159 2159 2245 2245 2122 2122 2243 2243 2245 2245 2159 2159 2143 2143 2244 2244 2260 2260 2244 2244 2117 2117 2257 2257 2260 2260 2257 2257 2146 2146 2244 2244 2257 2257 2260 2260 2122 2122 2258 2258 2160 2160 2258 2258 2146 2146 2256 2256 2160 2160 2256 2256 2111 2111 2258 2258 2256 2256 2160 2160 2143 2143 2260 2260 2245 2245 2260 2260 2146 2146 2258 2258 2245 2245 2258 2258 2122 2122 2260 2260 2258 2258 2245 2245 2106 2106 2159 2159 2148 2148 2159 2159 2122 2122 2161 2161 2148 2148 2161 2161 2118 2118 2159 2159 2161 2161 2148 2148 2122 2122 2160 2160 2165 2165 2160 2160 2111 2111 2163 2163 2165 2165 2163 2163 2123 2123 2160 2160 2163 2163 2165 2165 2118 2118 2164 2164 2149 2149 2164 2164 2123 2123 2162 2162 2149 2149 2162 2162 2107 2107 2164 2164 2162 2162 2149 2149 2122 2122 2165 2165 2161 2161 2165 2165 2123 2123 2164 2164 2161 2161 2164 2164 2118 2118 2165 2165 2164 2164 2161 2161 2106 2106 2148 2148 2175 2175 2148 2148 2118 2118 2177 2177 2175 2175 2177 2177 2127 2127 2148 2148 2177 2177 2175 2175 2118 2118 2149 2149 2180 2180 2149 2149 2107 2107 2178 2178 2180 2180 2178 2178 2128 2128 2149 2149 2178 2178 2180 2180 2127 2127 2181 2181 2176 2176 2181 2181 2128 2128 2179 2179 2176 2176 2179 2179 2113 2113 2181 2181 2179 2179 2176 2176 2118 2118 2180 2180 2177 2177 2180 2180 2128 2128 2181 2181 2177 2177 2181 2181 2127 2127 2180 2180 2181 2181 2177 2177 2106 2106 2175 2175 2226 2226 2175 2175 2127 2127 2228 2228 2226 2226 2228 2228 2139 2139 2175 2175 2228 2228 2226 2226 2127 2127 2176 2176 2239 2239 2176 2176 2113 2113 2237 2237 2239 2239 2237 2237 2142 2142 2176 2176 2237 2237 2239 2239 2139 2139 2241 2241 2227 2227 2241 2241 2142 2142 2238 2238 2227 2227 2238 2238 2116 2116 2241 2241 2238 2238 2227 2227 2127 2127 2239 2239 2228 2228 2239 2239 2142 2142 2241 2241 2228 2228 2241 2241 2139 2139 2239 2239 2241 2241 2228 2228 2106 2106 2226 2226 2243 2243 2226 2226 2139 2139 2246 2246 2243 2243 2246 2246 2143 2143 2226 2226 2246 2246 2243 2243 2139 2139 2227 2227 2264 2264 2227 2227 2116 2116 2262 2262 2264 2264 2262 2262 2147 2147 2227 2227 2262 2262 2264 2264 2143 2143 2266 2266 2244 2244 2266 2266 2147 2147 2263 2263 2244 2244 2263 2263 2117 2117 2266 2266 2263 2263 2244 2244 2139 2139 2264 2264 2246 2246 2264 2264 2147 2147 2266 2266 2246 2246 2266 2266 2143 2143 2264 2264 2266 2266 2246 2246 2107 2107 2162 2162 2201 2201 2162 2162 2123 2123 2203 2203 2201 2201 2203 2203 2134 2134 2162 2162 2203 2203 2201 2201 2123 2123 2163 2163 2216 2216 2163 2163 2111 2111 2214 2214 2216 2216 2214 2214 2137 2137 2163 2163 2214 2214 2216 2216 2134 2134 2218 2218 2202 2202 2218 2218 2137 2137 2215 2215 2202 2202 2215 2215 2115 2115 2218 2218 2215 2215 2202 2202 2123 2123 2216 2216 2203 2203 2216 2216 2137 2137 2218 2218 2203 2203 2218 2218 2134 2134 2216 2216 2218 2218 2203 2203 2111 2111 2256 2256 2167 2167 2256 2256 2146 2146 2259 2259 2167 2167 2259 2259 2124 2124 2256 2256 2259 2259 2167 2167 2146 2146 2257 2257 2261 2261 2257 2257 2117 2117 2252 2252 2261 2261 2252 2252 2145 2145 2257 2257 2252 2252 2261 2261 2124 2124 2254 2254 2166 2166 2254 2254 2145 2145 2251 2251 2166 2166 2251 2251 2110 2110 2254 2254 2251 2251 2166 2166 2146 2146 2261 2261 2259 2259 2261 2261 2145 2145 2254 2254 2259 2259 2254 2254 2124 2124 2261 2261 2254 2254 2259 2259 2117 2117 2263 2263 2248 2248 2263 2263 2147 2147 2267 2267 2248 2248 2267 2267 2144 2144 2263 2263 2267 2267 2248 2248 2147 2147 2262 2262 2265 2265 2262 2262 2116 2116 2230 2230 2265 2265 2230 2230 2140 2140 2262 2262 2230 2230 2265 2265 2144 2144 2250 2250 2247 2247 2250 2250 2140 2140 2229 2229 2247 2247 2229 2229 2108 2108 2250 2250 2229 2229 2247 2247 2147 2147 2265 2265 2267 2267 2265 2265 2140 2140 2250 2250 2267 2267 2250 2250 2144 2144 2265 2265 2250 2250 2267 2267 2116 2116 2238 2238 2233 2233 2238 2238 2142 2142 2242 2242 2233 2233 2242 2242 2141 2141 2238 2238 2242 2242 2233 2233 2142 2142 2237 2237 2240 2240 2237 2237 2113 2113 2183 2183 2240 2240 2183 2183 2129 2129 2237 2237 2183 2183 2240 2240 2141 2141 2235 2235 2232 2232 2235 2235 2129 2129 2182 2182 2232 2232 2182 2182 2112 2112 2235 2235 2182 2182 2232 2232 2142 2142 2240 2240 2242 2242 2240 2240 2129 2129 2235 2235 2242 2242 2235 2235 2141 2141 2240 2240 2235 2235 2242 2242 2113 2113 2179 2179 2195 2195 2179 2179 2128 2128 2197 2197 2195 2195 2197 2197 2133 2133 2179 2179 2197 2197 2195 2195 2128 2128 2178 2178 2186 2186 2178 2178 2107 2107 2184 2184 2186 2186 2184 2184 2130 2130 2178 2178 2184 2184 2186 2186 2133 2133 2199 2199 2196 2196 2199 2199 2130 2130 2185 2185 2196 2196 2185 2185 2114 2114 2199 2199 2185 2185 2196 2196 2128 2128 2186 2186 2197 2197 2186 2186 2130 2130 2199 2199 2197 2197 2199 2199 2133 2133 2186 2186 2199 2199 2197 2197 2109 2109 2205 2205 2155 2155 2205 2205 2135 2135 2207 2207 2155 2155 2207 2207 2121 2121 2205 2205 2207 2207 2155 2155 2135 2135 2206 2206 2213 2213 2206 2206 2115 2115 2210 2210 2213 2213 2210 2210 2136 2136 2206 2206 2210 2210 2213 2213 2121 2121 2211 2211 2156 2156 2211 2211 2136 2136 2209 2209 2156 2156 2209 2209 2110 2110 2211 2211 2209 2209 2156 2156 2135 2135 2213 2213 2207 2207 2213 2213 2136 2136 2211 2211 2207 2207 2211 2211 2121 2121 2213 2213 2211 2211 2207 2207 2109 2109 2155 2155 2151 2151 2155 2155 2121 2121 2157 2157 2151 2151 2157 2157 2119 2119 2155 2155 2157 2157 2151 2151 2121 2121 2156 2156 2158 2158 2156 2156 2110 2110 2153 2153 2158 2158 2153 2153 2120 2120 2156 2156 2153 2153 2158 2158 2119 2119 2154 2154 2150 2150 2154 2154 2120 2120 2152 2152 2150 2150 2152 2152 2108 2108 2154 2154 2152 2152 2150 2150 2121 2121 2158 2158 2157 2157 2158 2158 2120 2120 2154 2154 2157 2157 2154 2154 2119 2119 2158 2158 2154 2154 2157 2157 2109 2109 2151 2151 2171 2171 2151 2151 2119 2119 2173 2173 2171 2171 2173 2173 2126 2126 2151 2151 2173 2173 2171 2171 2119 2119 2150 2150 2170 2170 2150 2150 2108 2108 2168 2168 2170 2170 2168 2168 2125 2125 2150 2150 2168 2168 2170 2170 2126 2126 2174 2174 2172 2172 2174 2174 2125 2125 2169 2169 2172 2172 2169 2169 2112 2112 2174 2174 2169 2169 2172 2172 2119 2119 2170 2170 2173 2173 2170 2170 2125 2125 2174 2174 2173 2173 2174 2174 2126 2126 2170 2170 2174 2174 2173 2173 2109 2109 2171 2171 2187 2187 2171 2171 2126 2126 2189 2189 2187 2187 2189 2189 2131 2131 2171 2171 2189 2189 2187 2187 2126 2126 2172 2172 2192 2192 2172 2172 2112 2112 2190 2190 2192 2192 2190 2190 2132 2132 2172 2172 2190 2190 2192 2192 2131 2131 2194 2194 2188 2188 2194 2194 2132 2132 2191 2191 2188 2188 2191 2191 2114 2114 2194 2194 2191 2191 2188 2188 2126 2126 2192 2192 2189 2189 2192 2192 2132 2132 2194 2194 2189 2189 2194 2194 2131 2131 2192 2192 2194 2194 2189 2189 2109 2109 2187 2187 2205 2205 2187 2187 2131 2131 2208 2208 2205 2205 2208 2208 2135 2135 2187 2187 2208 2208 2205 2205 2131 2131 2188 2188 2223 2223 2188 2188 2114 2114 2220 2220 2223 2223 2220 2220 2138 2138 2188 2188 2220 2220 2223 2223 2135 2135 2225 2225 2206 2206 2225 2225 2138 2138 2221 2221 2206 2206 2221 2221 2115 2115 2225 2225 2221 2221 2206 2206 2131 2131 2223 2223 2208 2208 2223 2223 2138 2138 2225 2225 2208 2208 2225 2225 2135 2135 2223 2223 2225 2225 2208 2208 2110 2110 2209 2209 2166 2166 2209 2209 2136 2136 2212 2212 2166 2166 2212 2212 2124 2124 2209 2209 2212 2212 2166 2166 2136 2136 2210 2210 2219 2219 2210 2210 2115 2115 2215 2215 2219 2219 2215 2215 2137 2137 2210 2210 2215 2215 2219 2219 2124 2124 2217 2217 2167 2167 2217 2217 2137 2137 2214 2214 2167 2167 2214 2214 2111 2111 2217 2217 2214 2214 2167 2167 2136 2136 2219 2219 2212 2212 2219 2219 2137 2137 2217 2217 2212 2212 2217 2217 2124 2124 2219 2219 2217 2217 2212 2212 2108 2108 2152 2152 2247 2247 2152 2152 2120 2120 2249 2249 2247 2247 2249 2249 2144 2144 2152 2152 2249 2249 2247 2247 2120 2120 2153 2153 2253 2253 2153 2153 2110 2110 2251 2251 2253 2253 2251 2251 2145 2145 2153 2153 2251 2251 2253 2253 2144 2144 2255 2255 2248 2248 2255 2255 2145 2145 2252 2252 2248 2248 2252 2252 2117 2117 2255 2255 2252 2252 2248 2248 2120 2120 2253 2253 2249 2249 2253 2253 2145 2145 2255 2255 2249 2249 2255 2255 2144 2144 2253 2253 2255 2255 2249 2249 2112 2112 2169 2169 2232 2232 2169 2169 2125 2125 2234 2234 2232 2232 2234 2234 2141 2141 2169 2169 2234 2234 2232 2232 2125 2125 2168 2168 2231 2231 2168 2168 2108 2108 2229 2229 2231 2231 2229 2229 2140 2140 2168 2168 2229 2229 2231 2231 2141 2141 2236 2236 2233 2233 2236 2236 2140 2140 2230 2230 2233 2233 2230 2230 2116 2116 2236 2236 2230 2230 2233 2233 2125 2125 2231 2231 2234 2234 2231 2231 2140 2140 2236 2236 2234 2234 2236 2236 2141 2141 2231 2231 2236 2236 2234 2234 2114 2114 2191 2191 2196 2196 2191 2191 2132 2132 2200 2200 2196 2196 2200 2200 2133 2133 2191 2191 2200 2200 2196 2196 2132 2132 2190 2190 2193 2193 2190 2190 2112 2112 2182 2182 2193 2193 2182 2182 2129 2129 2190 2190 2182 2182 2193 2193 2133 2133 2198 2198 2195 2195 2198 2198 2129 2129 2183 2183 2195 2195 2183 2183 2113 2113 2198 2198 2183 2183 2195 2195 2132 2132 2193 2193 2200 2200 2193 2193 2129 2129 2198 2198 2200 2200 2198 2198 2133 2133 2193 2193 2198 2198 2200 2200 2115 2115 2221 2221 2202 2202 2221 2221 2138 2138 2224 2224 2202 2202 2224 2224 2134 2134 2221 2221 2224 2224 2202 2202 2138 2138 2220 2220 2222 2222 2220 2220 2114 2114 2185 2185 2222 2222 2185 2185 2130 2130 2220 2220 2185 2185 2222 2222 2134 2134 2204 2204 2201 2201 2204 2204 2130 2130 2184 2184 2201 2201 2184 2184 2107 2107 2204 2204 2184 2184 2201 2201 2138 2138 2222 2222 2224 2224 2222 2222 2130 2130 2204 2204 2224 2224 2204 2204 2134 2134 2222 2222 2204 2204 2224 2224 2268 2268 2405 2405 2321 2321 2405 2405 2305 2305 2407 2407 2321 2321 2407 2407 2284 2284 2405 2405 2407 2407 2321 2321 2305 2305 2406 2406 2422 2422 2406 2406 2279 2279 2419 2419 2422 2422 2419 2419 2308 2308 2406 2406 2419 2419 2422 2422 2284 2284 2420 2420 2322 2322 2420 2420 2308 2308 2418 2418 2322 2322 2418 2418 2273 2273 2420 2420 2418 2418 2322 2322 2305 2305 2422 2422 2407 2407 2422 2422 2308 2308 2420 2420 2407 2407 2420 2420 2284 2284 2422 2422 2420 2420 2407 2407 2268 2268 2321 2321 2310 2310 2321 2321 2284 2284 2323 2323 2310 2310 2323 2323 2280 2280 2321 2321 2323 2323 2310 2310 2284 2284 2322 2322 2327 2327 2322 2322 2273 2273 2325 2325 2327 2327 2325 2325 2285 2285 2322 2322 2325 2325 2327 2327 2280 2280 2326 2326 2311 2311 2326 2326 2285 2285 2324 2324 2311 2311 2324 2324 2269 2269 2326 2326 2324 2324 2311 2311 2284 2284 2327 2327 2323 2323 2327 2327 2285 2285 2326 2326 2323 2323 2326 2326 2280 2280 2327 2327 2326 2326 2323 2323 2268 2268 2310 2310 2337 2337 2310 2310 2280 2280 2339 2339 2337 2337 2339 2339 2289 2289 2310 2310 2339 2339 2337 2337 2280 2280 2311 2311 2342 2342 2311 2311 2269 2269 2340 2340 2342 2342 2340 2340 2290 2290 2311 2311 2340 2340 2342 2342 2289 2289 2343 2343 2338 2338 2343 2343 2290 2290 2341 2341 2338 2338 2341 2341 2275 2275 2343 2343 2341 2341 2338 2338 2280 2280 2342 2342 2339 2339 2342 2342 2290 2290 2343 2343 2339 2339 2343 2343 2289 2289 2342 2342 2343 2343 2339 2339 2268 2268 2337 2337 2388 2388 2337 2337 2289 2289 2390 2390 2388 2388 2390 2390 2301 2301 2337 2337 2390 2390 2388 2388 2289 2289 2338 2338 2401 2401 2338 2338 2275 2275 2399 2399 2401 2401 2399 2399 2304 2304 2338 2338 2399 2399 2401 2401 2301 2301 2403 2403 2389 2389 2403 2403 2304 2304 2400 2400 2389 2389 2400 2400 2278 2278 2403 2403 2400 2400 2389 2389 2289 2289 2401 2401 2390 2390 2401 2401 2304 2304 2403 2403 2390 2390 2403 2403 2301 2301 2401 2401 2403 2403 2390 2390 2268 2268 2388 2388 2405 2405 2388 2388 2301 2301 2408 2408 2405 2405 2408 2408 2305 2305 2388 2388 2408 2408 2405 2405 2301 2301 2389 2389 2426 2426 2389 2389 2278 2278 2424 2424 2426 2426 2424 2424 2309 2309 2389 2389 2424 2424 2426 2426 2305 2305 2428 2428 2406 2406 2428 2428 2309 2309 2425 2425 2406 2406 2425 2425 2279 2279 2428 2428 2425 2425 2406 2406 2301 2301 2426 2426 2408 2408 2426 2426 2309 2309 2428 2428 2408 2408 2428 2428 2305 2305 2426 2426 2428 2428 2408 2408 2269 2269 2324 2324 2363 2363 2324 2324 2285 2285 2365 2365 2363 2363 2365 2365 2296 2296 2324 2324 2365 2365 2363 2363 2285 2285 2325 2325 2378 2378 2325 2325 2273 2273 2376 2376 2378 2378 2376 2376 2299 2299 2325 2325 2376 2376 2378 2378 2296 2296 2380 2380 2364 2364 2380 2380 2299 2299 2377 2377 2364 2364 2377 2377 2277 2277 2380 2380 2377 2377 2364 2364 2285 2285 2378 2378 2365 2365 2378 2378 2299 2299 2380 2380 2365 2365 2380 2380 2296 2296 2378 2378 2380 2380 2365 2365 2273 2273 2418 2418 2329 2329 2418 2418 2308 2308 2421 2421 2329 2329 2421 2421 2286 2286 2418 2418 2421 2421 2329 2329 2308 2308 2419 2419 2423 2423 2419 2419 2279 2279 2414 2414 2423 2423 2414 2414 2307 2307 2419 2419 2414 2414 2423 2423 2286 2286 2416 2416 2328 2328 2416 2416 2307 2307 2413 2413 2328 2328 2413 2413 2272 2272 2416 2416 2413 2413 2328 2328 2308 2308 2423 2423 2421 2421 2423 2423 2307 2307 2416 2416 2421 2421 2416 2416 2286 2286 2423 2423 2416 2416 2421 2421 2279 2279 2425 2425 2410 2410 2425 2425 2309 2309 2429 2429 2410 2410 2429 2429 2306 2306 2425 2425 2429 2429 2410 2410 2309 2309 2424 2424 2427 2427 2424 2424 2278 2278 2392 2392 2427 2427 2392 2392 2302 2302 2424 2424 2392 2392 2427 2427 2306 2306 2412 2412 2409 2409 2412 2412 2302 2302 2391 2391 2409 2409 2391 2391 2270 2270 2412 2412 2391 2391 2409 2409 2309 2309 2427 2427 2429 2429 2427 2427 2302 2302 2412 2412 2429 2429 2412 2412 2306 2306 2427 2427 2412 2412 2429 2429 2278 2278 2400 2400 2395 2395 2400 2400 2304 2304 2404 2404 2395 2395 2404 2404 2303 2303 2400 2400 2404 2404 2395 2395 2304 2304 2399 2399 2402 2402 2399 2399 2275 2275 2345 2345 2402 2402 2345 2345 2291 2291 2399 2399 2345 2345 2402 2402 2303 2303 2397 2397 2394 2394 2397 2397 2291 2291 2344 2344 2394 2394 2344 2344 2274 2274 2397 2397 2344 2344 2394 2394 2304 2304 2402 2402 2404 2404 2402 2402 2291 2291 2397 2397 2404 2404 2397 2397 2303 2303 2402 2402 2397 2397 2404 2404 2275 2275 2341 2341 2357 2357 2341 2341 2290 2290 2359 2359 2357 2357 2359 2359 2295 2295 2341 2341 2359 2359 2357 2357 2290 2290 2340 2340 2348 2348 2340 2340 2269 2269 2346 2346 2348 2348 2346 2346 2292 2292 2340 2340 2346 2346 2348 2348 2295 2295 2361 2361 2358 2358 2361 2361 2292 2292 2347 2347 2358 2358 2347 2347 2276 2276 2361 2361 2347 2347 2358 2358 2290 2290 2348 2348 2359 2359 2348 2348 2292 2292 2361 2361 2359 2359 2361 2361 2295 2295 2348 2348 2361 2361 2359 2359 2271 2271 2367 2367 2317 2317 2367 2367 2297 2297 2369 2369 2317 2317 2369 2369 2283 2283 2367 2367 2369 2369 2317 2317 2297 2297 2368 2368 2375 2375 2368 2368 2277 2277 2372 2372 2375 2375 2372 2372 2298 2298 2368 2368 2372 2372 2375 2375 2283 2283 2373 2373 2318 2318 2373 2373 2298 2298 2371 2371 2318 2318 2371 2371 2272 2272 2373 2373 2371 2371 2318 2318 2297 2297 2375 2375 2369 2369 2375 2375 2298 2298 2373 2373 2369 2369 2373 2373 2283 2283 2375 2375 2373 2373 2369 2369 2271 2271 2317 2317 2313 2313 2317 2317 2283 2283 2319 2319 2313 2313 2319 2319 2281 2281 2317 2317 2319 2319 2313 2313 2283 2283 2318 2318 2320 2320 2318 2318 2272 2272 2315 2315 2320 2320 2315 2315 2282 2282 2318 2318 2315 2315 2320 2320 2281 2281 2316 2316 2312 2312 2316 2316 2282 2282 2314 2314 2312 2312 2314 2314 2270 2270 2316 2316 2314 2314 2312 2312 2283 2283 2320 2320 2319 2319 2320 2320 2282 2282 2316 2316 2319 2319 2316 2316 2281 2281 2320 2320 2316 2316 2319 2319 2271 2271 2313 2313 2333 2333 2313 2313 2281 2281 2335 2335 2333 2333 2335 2335 2288 2288 2313 2313 2335 2335 2333 2333 2281 2281 2312 2312 2332 2332 2312 2312 2270 2270 2330 2330 2332 2332 2330 2330 2287 2287 2312 2312 2330 2330 2332 2332 2288 2288 2336 2336 2334 2334 2336 2336 2287 2287 2331 2331 2334 2334 2331 2331 2274 2274 2336 2336 2331 2331 2334 2334 2281 2281 2332 2332 2335 2335 2332 2332 2287 2287 2336 2336 2335 2335 2336 2336 2288 2288 2332 2332 2336 2336 2335 2335 2271 2271 2333 2333 2349 2349 2333 2333 2288 2288 2351 2351 2349 2349 2351 2351 2293 2293 2333 2333 2351 2351 2349 2349 2288 2288 2334 2334 2354 2354 2334 2334 2274 2274 2352 2352 2354 2354 2352 2352 2294 2294 2334 2334 2352 2352 2354 2354 2293 2293 2356 2356 2350 2350 2356 2356 2294 2294 2353 2353 2350 2350 2353 2353 2276 2276 2356 2356 2353 2353 2350 2350 2288 2288 2354 2354 2351 2351 2354 2354 2294 2294 2356 2356 2351 2351 2356 2356 2293 2293 2354 2354 2356 2356 2351 2351 2271 2271 2349 2349 2367 2367 2349 2349 2293 2293 2370 2370 2367 2367 2370 2370 2297 2297 2349 2349 2370 2370 2367 2367 2293 2293 2350 2350 2385 2385 2350 2350 2276 2276 2382 2382 2385 2385 2382 2382 2300 2300 2350 2350 2382 2382 2385 2385 2297 2297 2387 2387 2368 2368 2387 2387 2300 2300 2383 2383 2368 2368 2383 2383 2277 2277 2387 2387 2383 2383 2368 2368 2293 2293 2385 2385 2370 2370 2385 2385 2300 2300 2387 2387 2370 2370 2387 2387 2297 2297 2385 2385 2387 2387 2370 2370 2272 2272 2371 2371 2328 2328 2371 2371 2298 2298 2374 2374 2328 2328 2374 2374 2286 2286 2371 2371 2374 2374 2328 2328 2298 2298 2372 2372 2381 2381 2372 2372 2277 2277 2377 2377 2381 2381 2377 2377 2299 2299 2372 2372 2377 2377 2381 2381 2286 2286 2379 2379 2329 2329 2379 2379 2299 2299 2376 2376 2329 2329 2376 2376 2273 2273 2379 2379 2376 2376 2329 2329 2298 2298 2381 2381 2374 2374 2381 2381 2299 2299 2379 2379 2374 2374 2379 2379 2286 2286 2381 2381 2379 2379 2374 2374 2270 2270 2314 2314 2409 2409 2314 2314 2282 2282 2411 2411 2409 2409 2411 2411 2306 2306 2314 2314 2411 2411 2409 2409 2282 2282 2315 2315 2415 2415 2315 2315 2272 2272 2413 2413 2415 2415 2413 2413 2307 2307 2315 2315 2413 2413 2415 2415 2306 2306 2417 2417 2410 2410 2417 2417 2307 2307 2414 2414 2410 2410 2414 2414 2279 2279 2417 2417 2414 2414 2410 2410 2282 2282 2415 2415 2411 2411 2415 2415 2307 2307 2417 2417 2411 2411 2417 2417 2306 2306 2415 2415 2417 2417 2411 2411 2274 2274 2331 2331 2394 2394 2331 2331 2287 2287 2396 2396 2394 2394 2396 2396 2303 2303 2331 2331 2396 2396 2394 2394 2287 2287 2330 2330 2393 2393 2330 2330 2270 2270 2391 2391 2393 2393 2391 2391 2302 2302 2330 2330 2391 2391 2393 2393 2303 2303 2398 2398 2395 2395 2398 2398 2302 2302 2392 2392 2395 2395 2392 2392 2278 2278 2398 2398 2392 2392 2395 2395 2287 2287 2393 2393 2396 2396 2393 2393 2302 2302 2398 2398 2396 2396 2398 2398 2303 2303 2393 2393 2398 2398 2396 2396 2276 2276 2353 2353 2358 2358 2353 2353 2294 2294 2362 2362 2358 2358 2362 2362 2295 2295 2353 2353 2362 2362 2358 2358 2294 2294 2352 2352 2355 2355 2352 2352 2274 2274 2344 2344 2355 2355 2344 2344 2291 2291 2352 2352 2344 2344 2355 2355 2295 2295 2360 2360 2357 2357 2360 2360 2291 2291 2345 2345 2357 2357 2345 2345 2275 2275 2360 2360 2345 2345 2357 2357 2294 2294 2355 2355 2362 2362 2355 2355 2291 2291 2360 2360 2362 2362 2360 2360 2295 2295 2355 2355 2360 2360 2362 2362 2277 2277 2383 2383 2364 2364 2383 2383 2300 2300 2386 2386 2364 2364 2386 2386 2296 2296 2383 2383 2386 2386 2364 2364 2300 2300 2382 2382 2384 2384 2382 2382 2276 2276 2347 2347 2384 2384 2347 2347 2292 2292 2382 2382 2347 2347 2384 2384 2296 2296 2366 2366 2363 2363 2366 2366 2292 2292 2346 2346 2363 2363 2346 2346 2269 2269 2366 2366 2346 2346 2363 2363 2300 2300 2384 2384 2386 2386 2384 2384 2292 2292 2366 2366 2386 2386 2366 2366 2296 2296 2384 2384 2366 2366 2386 2386 2430 2430 2567 2567 2483 2483 2567 2567 2467 2467 2569 2569 2483 2483 2569 2569 2446 2446 2567 2567 2569 2569 2483 2483 2467 2467 2568 2568 2584 2584 2568 2568 2441 2441 2581 2581 2584 2584 2581 2581 2470 2470 2568 2568 2581 2581 2584 2584 2446 2446 2582 2582 2484 2484 2582 2582 2470 2470 2580 2580 2484 2484 2580 2580 2435 2435 2582 2582 2580 2580 2484 2484 2467 2467 2584 2584 2569 2569 2584 2584 2470 2470 2582 2582 2569 2569 2582 2582 2446 2446 2584 2584 2582 2582 2569 2569 2430 2430 2483 2483 2472 2472 2483 2483 2446 2446 2485 2485 2472 2472 2485 2485 2442 2442 2483 2483 2485 2485 2472 2472 2446 2446 2484 2484 2489 2489 2484 2484 2435 2435 2487 2487 2489 2489 2487 2487 2447 2447 2484 2484 2487 2487 2489 2489 2442 2442 2488 2488 2473 2473 2488 2488 2447 2447 2486 2486 2473 2473 2486 2486 2431 2431 2488 2488 2486 2486 2473 2473 2446 2446 2489 2489 2485 2485 2489 2489 2447 2447 2488 2488 2485 2485 2488 2488 2442 2442 2489 2489 2488 2488 2485 2485 2430 2430 2472 2472 2499 2499 2472 2472 2442 2442 2501 2501 2499 2499 2501 2501 2451 2451 2472 2472 2501 2501 2499 2499 2442 2442 2473 2473 2504 2504 2473 2473 2431 2431 2502 2502 2504 2504 2502 2502 2452 2452 2473 2473 2502 2502 2504 2504 2451 2451 2505 2505 2500 2500 2505 2505 2452 2452 2503 2503 2500 2500 2503 2503 2437 2437 2505 2505 2503 2503 2500 2500 2442 2442 2504 2504 2501 2501 2504 2504 2452 2452 2505 2505 2501 2501 2505 2505 2451 2451 2504 2504 2505 2505 2501 2501 2430 2430 2499 2499 2550 2550 2499 2499 2451 2451 2552 2552 2550 2550 2552 2552 2463 2463 2499 2499 2552 2552 2550 2550 2451 2451 2500 2500 2563 2563 2500 2500 2437 2437 2561 2561 2563 2563 2561 2561 2466 2466 2500 2500 2561 2561 2563 2563 2463 2463 2565 2565 2551 2551 2565 2565 2466 2466 2562 2562 2551 2551 2562 2562 2440 2440 2565 2565 2562 2562 2551 2551 2451 2451 2563 2563 2552 2552 2563 2563 2466 2466 2565 2565 2552 2552 2565 2565 2463 2463 2563 2563 2565 2565 2552 2552 2430 2430 2550 2550 2567 2567 2550 2550 2463 2463 2570 2570 2567 2567 2570 2570 2467 2467 2550 2550 2570 2570 2567 2567 2463 2463 2551 2551 2588 2588 2551 2551 2440 2440 2586 2586 2588 2588 2586 2586 2471 2471 2551 2551 2586 2586 2588 2588 2467 2467 2590 2590 2568 2568 2590 2590 2471 2471 2587 2587 2568 2568 2587 2587 2441 2441 2590 2590 2587 2587 2568 2568 2463 2463 2588 2588 2570 2570 2588 2588 2471 2471 2590 2590 2570 2570 2590 2590 2467 2467 2588 2588 2590 2590 2570 2570 2431 2431 2486 2486 2525 2525 2486 2486 2447 2447 2527 2527 2525 2525 2527 2527 2458 2458 2486 2486 2527 2527 2525 2525 2447 2447 2487 2487 2540 2540 2487 2487 2435 2435 2538 2538 2540 2540 2538 2538 2461 2461 2487 2487 2538 2538 2540 2540 2458 2458 2542 2542 2526 2526 2542 2542 2461 2461 2539 2539 2526 2526 2539 2539 2439 2439 2542 2542 2539 2539 2526 2526 2447 2447 2540 2540 2527 2527 2540 2540 2461 2461 2542 2542 2527 2527 2542 2542 2458 2458 2540 2540 2542 2542 2527 2527 2435 2435 2580 2580 2491 2491 2580 2580 2470 2470 2583 2583 2491 2491 2583 2583 2448 2448 2580 2580 2583 2583 2491 2491 2470 2470 2581 2581 2585 2585 2581 2581 2441 2441 2576 2576 2585 2585 2576 2576 2469 2469 2581 2581 2576 2576 2585 2585 2448 2448 2578 2578 2490 2490 2578 2578 2469 2469 2575 2575 2490 2490 2575 2575 2434 2434 2578 2578 2575 2575 2490 2490 2470 2470 2585 2585 2583 2583 2585 2585 2469 2469 2578 2578 2583 2583 2578 2578 2448 2448 2585 2585 2578 2578 2583 2583 2441 2441 2587 2587 2572 2572 2587 2587 2471 2471 2591 2591 2572 2572 2591 2591 2468 2468 2587 2587 2591 2591 2572 2572 2471 2471 2586 2586 2589 2589 2586 2586 2440 2440 2554 2554 2589 2589 2554 2554 2464 2464 2586 2586 2554 2554 2589 2589 2468 2468 2574 2574 2571 2571 2574 2574 2464 2464 2553 2553 2571 2571 2553 2553 2432 2432 2574 2574 2553 2553 2571 2571 2471 2471 2589 2589 2591 2591 2589 2589 2464 2464 2574 2574 2591 2591 2574 2574 2468 2468 2589 2589 2574 2574 2591 2591 2440 2440 2562 2562 2557 2557 2562 2562 2466 2466 2566 2566 2557 2557 2566 2566 2465 2465 2562 2562 2566 2566 2557 2557 2466 2466 2561 2561 2564 2564 2561 2561 2437 2437 2507 2507 2564 2564 2507 2507 2453 2453 2561 2561 2507 2507 2564 2564 2465 2465 2559 2559 2556 2556 2559 2559 2453 2453 2506 2506 2556 2556 2506 2506 2436 2436 2559 2559 2506 2506 2556 2556 2466 2466 2564 2564 2566 2566 2564 2564 2453 2453 2559 2559 2566 2566 2559 2559 2465 2465 2564 2564 2559 2559 2566 2566 2437 2437 2503 2503 2519 2519 2503 2503 2452 2452 2521 2521 2519 2519 2521 2521 2457 2457 2503 2503 2521 2521 2519 2519 2452 2452 2502 2502 2510 2510 2502 2502 2431 2431 2508 2508 2510 2510 2508 2508 2454 2454 2502 2502 2508 2508 2510 2510 2457 2457 2523 2523 2520 2520 2523 2523 2454 2454 2509 2509 2520 2520 2509 2509 2438 2438 2523 2523 2509 2509 2520 2520 2452 2452 2510 2510 2521 2521 2510 2510 2454 2454 2523 2523 2521 2521 2523 2523 2457 2457 2510 2510 2523 2523 2521 2521 2433 2433 2529 2529 2479 2479 2529 2529 2459 2459 2531 2531 2479 2479 2531 2531 2445 2445 2529 2529 2531 2531 2479 2479 2459 2459 2530 2530 2537 2537 2530 2530 2439 2439 2534 2534 2537 2537 2534 2534 2460 2460 2530 2530 2534 2534 2537 2537 2445 2445 2535 2535 2480 2480 2535 2535 2460 2460 2533 2533 2480 2480 2533 2533 2434 2434 2535 2535 2533 2533 2480 2480 2459 2459 2537 2537 2531 2531 2537 2537 2460 2460 2535 2535 2531 2531 2535 2535 2445 2445 2537 2537 2535 2535 2531 2531 2433 2433 2479 2479 2475 2475 2479 2479 2445 2445 2481 2481 2475 2475 2481 2481 2443 2443 2479 2479 2481 2481 2475 2475 2445 2445 2480 2480 2482 2482 2480 2480 2434 2434 2477 2477 2482 2482 2477 2477 2444 2444 2480 2480 2477 2477 2482 2482 2443 2443 2478 2478 2474 2474 2478 2478 2444 2444 2476 2476 2474 2474 2476 2476 2432 2432 2478 2478 2476 2476 2474 2474 2445 2445 2482 2482 2481 2481 2482 2482 2444 2444 2478 2478 2481 2481 2478 2478 2443 2443 2482 2482 2478 2478 2481 2481 2433 2433 2475 2475 2495 2495 2475 2475 2443 2443 2497 2497 2495 2495 2497 2497 2450 2450 2475 2475 2497 2497 2495 2495 2443 2443 2474 2474 2494 2494 2474 2474 2432 2432 2492 2492 2494 2494 2492 2492 2449 2449 2474 2474 2492 2492 2494 2494 2450 2450 2498 2498 2496 2496 2498 2498 2449 2449 2493 2493 2496 2496 2493 2493 2436 2436 2498 2498 2493 2493 2496 2496 2443 2443 2494 2494 2497 2497 2494 2494 2449 2449 2498 2498 2497 2497 2498 2498 2450 2450 2494 2494 2498 2498 2497 2497 2433 2433 2495 2495 2511 2511 2495 2495 2450 2450 2513 2513 2511 2511 2513 2513 2455 2455 2495 2495 2513 2513 2511 2511 2450 2450 2496 2496 2516 2516 2496 2496 2436 2436 2514 2514 2516 2516 2514 2514 2456 2456 2496 2496 2514 2514 2516 2516 2455 2455 2518 2518 2512 2512 2518 2518 2456 2456 2515 2515 2512 2512 2515 2515 2438 2438 2518 2518 2515 2515 2512 2512 2450 2450 2516 2516 2513 2513 2516 2516 2456 2456 2518 2518 2513 2513 2518 2518 2455 2455 2516 2516 2518 2518 2513 2513 2433 2433 2511 2511 2529 2529 2511 2511 2455 2455 2532 2532 2529 2529 2532 2532 2459 2459 2511 2511 2532 2532 2529 2529 2455 2455 2512 2512 2547 2547 2512 2512 2438 2438 2544 2544 2547 2547 2544 2544 2462 2462 2512 2512 2544 2544 2547 2547 2459 2459 2549 2549 2530 2530 2549 2549 2462 2462 2545 2545 2530 2530 2545 2545 2439 2439 2549 2549 2545 2545 2530 2530 2455 2455 2547 2547 2532 2532 2547 2547 2462 2462 2549 2549 2532 2532 2549 2549 2459 2459 2547 2547 2549 2549 2532 2532 2434 2434 2533 2533 2490 2490 2533 2533 2460 2460 2536 2536 2490 2490 2536 2536 2448 2448 2533 2533 2536 2536 2490 2490 2460 2460 2534 2534 2543 2543 2534 2534 2439 2439 2539 2539 2543 2543 2539 2539 2461 2461 2534 2534 2539 2539 2543 2543 2448 2448 2541 2541 2491 2491 2541 2541 2461 2461 2538 2538 2491 2491 2538 2538 2435 2435 2541 2541 2538 2538 2491 2491 2460 2460 2543 2543 2536 2536 2543 2543 2461 2461 2541 2541 2536 2536 2541 2541 2448 2448 2543 2543 2541 2541 2536 2536 2432 2432 2476 2476 2571 2571 2476 2476 2444 2444 2573 2573 2571 2571 2573 2573 2468 2468 2476 2476 2573 2573 2571 2571 2444 2444 2477 2477 2577 2577 2477 2477 2434 2434 2575 2575 2577 2577 2575 2575 2469 2469 2477 2477 2575 2575 2577 2577 2468 2468 2579 2579 2572 2572 2579 2579 2469 2469 2576 2576 2572 2572 2576 2576 2441 2441 2579 2579 2576 2576 2572 2572 2444 2444 2577 2577 2573 2573 2577 2577 2469 2469 2579 2579 2573 2573 2579 2579 2468 2468 2577 2577 2579 2579 2573 2573 2436 2436 2493 2493 2556 2556 2493 2493 2449 2449 2558 2558 2556 2556 2558 2558 2465 2465 2493 2493 2558 2558 2556 2556 2449 2449 2492 2492 2555 2555 2492 2492 2432 2432 2553 2553 2555 2555 2553 2553 2464 2464 2492 2492 2553 2553 2555 2555 2465 2465 2560 2560 2557 2557 2560 2560 2464 2464 2554 2554 2557 2557 2554 2554 2440 2440 2560 2560 2554 2554 2557 2557 2449 2449 2555 2555 2558 2558 2555 2555 2464 2464 2560 2560 2558 2558 2560 2560 2465 2465 2555 2555 2560 2560 2558 2558 2438 2438 2515 2515 2520 2520 2515 2515 2456 2456 2524 2524 2520 2520 2524 2524 2457 2457 2515 2515 2524 2524 2520 2520 2456 2456 2514 2514 2517 2517 2514 2514 2436 2436 2506 2506 2517 2517 2506 2506 2453 2453 2514 2514 2506 2506 2517 2517 2457 2457 2522 2522 2519 2519 2522 2522 2453 2453 2507 2507 2519 2519 2507 2507 2437 2437 2522 2522 2507 2507 2519 2519 2456 2456 2517 2517 2524 2524 2517 2517 2453 2453 2522 2522 2524 2524 2522 2522 2457 2457 2517 2517 2522 2522 2524 2524 2439 2439 2545 2545 2526 2526 2545 2545 2462 2462 2548 2548 2526 2526 2548 2548 2458 2458 2545 2545 2548 2548 2526 2526 2462 2462 2544 2544 2546 2546 2544 2544 2438 2438 2509 2509 2546 2546 2509 2509 2454 2454 2544 2544 2509 2509 2546 2546 2458 2458 2528 2528 2525 2525 2528 2528 2454 2454 2508 2508 2525 2525 2508 2508 2431 2431 2528 2528 2508 2508 2525 2525 2462 2462 2546 2546 2548 2548 2546 2546 2454 2454 2528 2528 2548 2548 2528 2528 2458 2458 2546 2546 2528 2528 2548 2548 2592 2592 2729 2729 2645 2645 2729 2729 2629 2629 2731 2731 2645 2645 2731 2731 2608 2608 2729 2729 2731 2731 2645 2645 2629 2629 2730 2730 2746 2746 2730 2730 2603 2603 2743 2743 2746 2746 2743 2743 2632 2632 2730 2730 2743 2743 2746 2746 2608 2608 2744 2744 2646 2646 2744 2744 2632 2632 2742 2742 2646 2646 2742 2742 2597 2597 2744 2744 2742 2742 2646 2646 2629 2629 2746 2746 2731 2731 2746 2746 2632 2632 2744 2744 2731 2731 2744 2744 2608 2608 2746 2746 2744 2744 2731 2731 2592 2592 2645 2645 2634 2634 2645 2645 2608 2608 2647 2647 2634 2634 2647 2647 2604 2604 2645 2645 2647 2647 2634 2634 2608 2608 2646 2646 2651 2651 2646 2646 2597 2597 2649 2649 2651 2651 2649 2649 2609 2609 2646 2646 2649 2649 2651 2651 2604 2604 2650 2650 2635 2635 2650 2650 2609 2609 2648 2648 2635 2635 2648 2648 2593 2593 2650 2650 2648 2648 2635 2635 2608 2608 2651 2651 2647 2647 2651 2651 2609 2609 2650 2650 2647 2647 2650 2650 2604 2604 2651 2651 2650 2650 2647 2647 2592 2592 2634 2634 2661 2661 2634 2634 2604 2604 2663 2663 2661 2661 2663 2663 2613 2613 2634 2634 2663 2663 2661 2661 2604 2604 2635 2635 2666 2666 2635 2635 2593 2593 2664 2664 2666 2666 2664 2664 2614 2614 2635 2635 2664 2664 2666 2666 2613 2613 2667 2667 2662 2662 2667 2667 2614 2614 2665 2665 2662 2662 2665 2665 2599 2599 2667 2667 2665 2665 2662 2662 2604 2604 2666 2666 2663 2663 2666 2666 2614 2614 2667 2667 2663 2663 2667 2667 2613 2613 2666 2666 2667 2667 2663 2663 2592 2592 2661 2661 2712 2712 2661 2661 2613 2613 2714 2714 2712 2712 2714 2714 2625 2625 2661 2661 2714 2714 2712 2712 2613 2613 2662 2662 2725 2725 2662 2662 2599 2599 2723 2723 2725 2725 2723 2723 2628 2628 2662 2662 2723 2723 2725 2725 2625 2625 2727 2727 2713 2713 2727 2727 2628 2628 2724 2724 2713 2713 2724 2724 2602 2602 2727 2727 2724 2724 2713 2713 2613 2613 2725 2725 2714 2714 2725 2725 2628 2628 2727 2727 2714 2714 2727 2727 2625 2625 2725 2725 2727 2727 2714 2714 2592 2592 2712 2712 2729 2729 2712 2712 2625 2625 2732 2732 2729 2729 2732 2732 2629 2629 2712 2712 2732 2732 2729 2729 2625 2625 2713 2713 2750 2750 2713 2713 2602 2602 2748 2748 2750 2750 2748 2748 2633 2633 2713 2713 2748 2748 2750 2750 2629 2629 2752 2752 2730 2730 2752 2752 2633 2633 2749 2749 2730 2730 2749 2749 2603 2603 2752 2752 2749 2749 2730 2730 2625 2625 2750 2750 2732 2732 2750 2750 2633 2633 2752 2752 2732 2732 2752 2752 2629 2629 2750 2750 2752 2752 2732 2732 2593 2593 2648 2648 2687 2687 2648 2648 2609 2609 2689 2689 2687 2687 2689 2689 2620 2620 2648 2648 2689 2689 2687 2687 2609 2609 2649 2649 2702 2702 2649 2649 2597 2597 2700 2700 2702 2702 2700 2700 2623 2623 2649 2649 2700 2700 2702 2702 2620 2620 2704 2704 2688 2688 2704 2704 2623 2623 2701 2701 2688 2688 2701 2701 2601 2601 2704 2704 2701 2701 2688 2688 2609 2609 2702 2702 2689 2689 2702 2702 2623 2623 2704 2704 2689 2689 2704 2704 2620 2620 2702 2702 2704 2704 2689 2689 2597 2597 2742 2742 2653 2653 2742 2742 2632 2632 2745 2745 2653 2653 2745 2745 2610 2610 2742 2742 2745 2745 2653 2653 2632 2632 2743 2743 2747 2747 2743 2743 2603 2603 2738 2738 2747 2747 2738 2738 2631 2631 2743 2743 2738 2738 2747 2747 2610 2610 2740 2740 2652 2652 2740 2740 2631 2631 2737 2737 2652 2652 2737 2737 2596 2596 2740 2740 2737 2737 2652 2652 2632 2632 2747 2747 2745 2745 2747 2747 2631 2631 2740 2740 2745 2745 2740 2740 2610 2610 2747 2747 2740 2740 2745 2745 2603 2603 2749 2749 2734 2734 2749 2749 2633 2633 2753 2753 2734 2734 2753 2753 2630 2630 2749 2749 2753 2753 2734 2734 2633 2633 2748 2748 2751 2751 2748 2748 2602 2602 2716 2716 2751 2751 2716 2716 2626 2626 2748 2748 2716 2716 2751 2751 2630 2630 2736 2736 2733 2733 2736 2736 2626 2626 2715 2715 2733 2733 2715 2715 2594 2594 2736 2736 2715 2715 2733 2733 2633 2633 2751 2751 2753 2753 2751 2751 2626 2626 2736 2736 2753 2753 2736 2736 2630 2630 2751 2751 2736 2736 2753 2753 2602 2602 2724 2724 2719 2719 2724 2724 2628 2628 2728 2728 2719 2719 2728 2728 2627 2627 2724 2724 2728 2728 2719 2719 2628 2628 2723 2723 2726 2726 2723 2723 2599 2599 2669 2669 2726 2726 2669 2669 2615 2615 2723 2723 2669 2669 2726 2726 2627 2627 2721 2721 2718 2718 2721 2721 2615 2615 2668 2668 2718 2718 2668 2668 2598 2598 2721 2721 2668 2668 2718 2718 2628 2628 2726 2726 2728 2728 2726 2726 2615 2615 2721 2721 2728 2728 2721 2721 2627 2627 2726 2726 2721 2721 2728 2728 2599 2599 2665 2665 2681 2681 2665 2665 2614 2614 2683 2683 2681 2681 2683 2683 2619 2619 2665 2665 2683 2683 2681 2681 2614 2614 2664 2664 2672 2672 2664 2664 2593 2593 2670 2670 2672 2672 2670 2670 2616 2616 2664 2664 2670 2670 2672 2672 2619 2619 2685 2685 2682 2682 2685 2685 2616 2616 2671 2671 2682 2682 2671 2671 2600 2600 2685 2685 2671 2671 2682 2682 2614 2614 2672 2672 2683 2683 2672 2672 2616 2616 2685 2685 2683 2683 2685 2685 2619 2619 2672 2672 2685 2685 2683 2683 2595 2595 2691 2691 2641 2641 2691 2691 2621 2621 2693 2693 2641 2641 2693 2693 2607 2607 2691 2691 2693 2693 2641 2641 2621 2621 2692 2692 2699 2699 2692 2692 2601 2601 2696 2696 2699 2699 2696 2696 2622 2622 2692 2692 2696 2696 2699 2699 2607 2607 2697 2697 2642 2642 2697 2697 2622 2622 2695 2695 2642 2642 2695 2695 2596 2596 2697 2697 2695 2695 2642 2642 2621 2621 2699 2699 2693 2693 2699 2699 2622 2622 2697 2697 2693 2693 2697 2697 2607 2607 2699 2699 2697 2697 2693 2693 2595 2595 2641 2641 2637 2637 2641 2641 2607 2607 2643 2643 2637 2637 2643 2643 2605 2605 2641 2641 2643 2643 2637 2637 2607 2607 2642 2642 2644 2644 2642 2642 2596 2596 2639 2639 2644 2644 2639 2639 2606 2606 2642 2642 2639 2639 2644 2644 2605 2605 2640 2640 2636 2636 2640 2640 2606 2606 2638 2638 2636 2636 2638 2638 2594 2594 2640 2640 2638 2638 2636 2636 2607 2607 2644 2644 2643 2643 2644 2644 2606 2606 2640 2640 2643 2643 2640 2640 2605 2605 2644 2644 2640 2640 2643 2643 2595 2595 2637 2637 2657 2657 2637 2637 2605 2605 2659 2659 2657 2657 2659 2659 2612 2612 2637 2637 2659 2659 2657 2657 2605 2605 2636 2636 2656 2656 2636 2636 2594 2594 2654 2654 2656 2656 2654 2654 2611 2611 2636 2636 2654 2654 2656 2656 2612 2612 2660 2660 2658 2658 2660 2660 2611 2611 2655 2655 2658 2658 2655 2655 2598 2598 2660 2660 2655 2655 2658 2658 2605 2605 2656 2656 2659 2659 2656 2656 2611 2611 2660 2660 2659 2659 2660 2660 2612 2612 2656 2656 2660 2660 2659 2659 2595 2595 2657 2657 2673 2673 2657 2657 2612 2612 2675 2675 2673 2673 2675 2675 2617 2617 2657 2657 2675 2675 2673 2673 2612 2612 2658 2658 2678 2678 2658 2658 2598 2598 2676 2676 2678 2678 2676 2676 2618 2618 2658 2658 2676 2676 2678 2678 2617 2617 2680 2680 2674 2674 2680 2680 2618 2618 2677 2677 2674 2674 2677 2677 2600 2600 2680 2680 2677 2677 2674 2674 2612 2612 2678 2678 2675 2675 2678 2678 2618 2618 2680 2680 2675 2675 2680 2680 2617 2617 2678 2678 2680 2680 2675 2675 2595 2595 2673 2673 2691 2691 2673 2673 2617 2617 2694 2694 2691 2691 2694 2694 2621 2621 2673 2673 2694 2694 2691 2691 2617 2617 2674 2674 2709 2709 2674 2674 2600 2600 2706 2706 2709 2709 2706 2706 2624 2624 2674 2674 2706 2706 2709 2709 2621 2621 2711 2711 2692 2692 2711 2711 2624 2624 2707 2707 2692 2692 2707 2707 2601 2601 2711 2711 2707 2707 2692 2692 2617 2617 2709 2709 2694 2694 2709 2709 2624 2624 2711 2711 2694 2694 2711 2711 2621 2621 2709 2709 2711 2711 2694 2694 2596 2596 2695 2695 2652 2652 2695 2695 2622 2622 2698 2698 2652 2652 2698 2698 2610 2610 2695 2695 2698 2698 2652 2652 2622 2622 2696 2696 2705 2705 2696 2696 2601 2601 2701 2701 2705 2705 2701 2701 2623 2623 2696 2696 2701 2701 2705 2705 2610 2610 2703 2703 2653 2653 2703 2703 2623 2623 2700 2700 2653 2653 2700 2700 2597 2597 2703 2703 2700 2700 2653 2653 2622 2622 2705 2705 2698 2698 2705 2705 2623 2623 2703 2703 2698 2698 2703 2703 2610 2610 2705 2705 2703 2703 2698 2698 2594 2594 2638 2638 2733 2733 2638 2638 2606 2606 2735 2735 2733 2733 2735 2735 2630 2630 2638 2638 2735 2735 2733 2733 2606 2606 2639 2639 2739 2739 2639 2639 2596 2596 2737 2737 2739 2739 2737 2737 2631 2631 2639 2639 2737 2737 2739 2739 2630 2630 2741 2741 2734 2734 2741 2741 2631 2631 2738 2738 2734 2734 2738 2738 2603 2603 2741 2741 2738 2738 2734 2734 2606 2606 2739 2739 2735 2735 2739 2739 2631 2631 2741 2741 2735 2735 2741 2741 2630 2630 2739 2739 2741 2741 2735 2735 2598 2598 2655 2655 2718 2718 2655 2655 2611 2611 2720 2720 2718 2718 2720 2720 2627 2627 2655 2655 2720 2720 2718 2718 2611 2611 2654 2654 2717 2717 2654 2654 2594 2594 2715 2715 2717 2717 2715 2715 2626 2626 2654 2654 2715 2715 2717 2717 2627 2627 2722 2722 2719 2719 2722 2722 2626 2626 2716 2716 2719 2719 2716 2716 2602 2602 2722 2722 2716 2716 2719 2719 2611 2611 2717 2717 2720 2720 2717 2717 2626 2626 2722 2722 2720 2720 2722 2722 2627 2627 2717 2717 2722 2722 2720 2720 2600 2600 2677 2677 2682 2682 2677 2677 2618 2618 2686 2686 2682 2682 2686 2686 2619 2619 2677 2677 2686 2686 2682 2682 2618 2618 2676 2676 2679 2679 2676 2676 2598 2598 2668 2668 2679 2679 2668 2668 2615 2615 2676 2676 2668 2668 2679 2679 2619 2619 2684 2684 2681 2681 2684 2684 2615 2615 2669 2669 2681 2681 2669 2669 2599 2599 2684 2684 2669 2669 2681 2681 2618 2618 2679 2679 2686 2686 2679 2679 2615 2615 2684 2684 2686 2686 2684 2684 2619 2619 2679 2679 2684 2684 2686 2686 2601 2601 2707 2707 2688 2688 2707 2707 2624 2624 2710 2710 2688 2688 2710 2710 2620 2620 2707 2707 2710 2710 2688 2688 2624 2624 2706 2706 2708 2708 2706 2706 2600 2600 2671 2671 2708 2708 2671 2671 2616 2616 2706 2706 2671 2671 2708 2708 2620 2620 2690 2690 2687 2687 2690 2690 2616 2616 2670 2670 2687 2687 2670 2670 2593 2593 2690 2690 2670 2670 2687 2687 2624 2624 2708 2708 2710 2710 2708 2708 2616 2616 2690 2690 2710 2710 2690 2690 2620 2620 2708 2708 2690 2690 2710 2710 2754 2754 2891 2891 2807 2807 2891 2891 2791 2791 2893 2893 2807 2807 2893 2893 2770 2770 2891 2891 2893 2893 2807 2807 2791 2791 2892 2892 2908 2908 2892 2892 2765 2765 2905 2905 2908 2908 2905 2905 2794 2794 2892 2892 2905 2905 2908 2908 2770 2770 2906 2906 2808 2808 2906 2906 2794 2794 2904 2904 2808 2808 2904 2904 2759 2759 2906 2906 2904 2904 2808 2808 2791 2791 2908 2908 2893 2893 2908 2908 2794 2794 2906 2906 2893 2893 2906 2906 2770 2770 2908 2908 2906 2906 2893 2893 2754 2754 2807 2807 2796 2796 2807 2807 2770 2770 2809 2809 2796 2796 2809 2809 2766 2766 2807 2807 2809 2809 2796 2796 2770 2770 2808 2808 2813 2813 2808 2808 2759 2759 2811 2811 2813 2813 2811 2811 2771 2771 2808 2808 2811 2811 2813 2813 2766 2766 2812 2812 2797 2797 2812 2812 2771 2771 2810 2810 2797 2797 2810 2810 2755 2755 2812 2812 2810 2810 2797 2797 2770 2770 2813 2813 2809 2809 2813 2813 2771 2771 2812 2812 2809 2809 2812 2812 2766 2766 2813 2813 2812 2812 2809 2809 2754 2754 2796 2796 2823 2823 2796 2796 2766 2766 2825 2825 2823 2823 2825 2825 2775 2775 2796 2796 2825 2825 2823 2823 2766 2766 2797 2797 2828 2828 2797 2797 2755 2755 2826 2826 2828 2828 2826 2826 2776 2776 2797 2797 2826 2826 2828 2828 2775 2775 2829 2829 2824 2824 2829 2829 2776 2776 2827 2827 2824 2824 2827 2827 2761 2761 2829 2829 2827 2827 2824 2824 2766 2766 2828 2828 2825 2825 2828 2828 2776 2776 2829 2829 2825 2825 2829 2829 2775 2775 2828 2828 2829 2829 2825 2825 2754 2754 2823 2823 2874 2874 2823 2823 2775 2775 2876 2876 2874 2874 2876 2876 2787 2787 2823 2823 2876 2876 2874 2874 2775 2775 2824 2824 2887 2887 2824 2824 2761 2761 2885 2885 2887 2887 2885 2885 2790 2790 2824 2824 2885 2885 2887 2887 2787 2787 2889 2889 2875 2875 2889 2889 2790 2790 2886 2886 2875 2875 2886 2886 2764 2764 2889 2889 2886 2886 2875 2875 2775 2775 2887 2887 2876 2876 2887 2887 2790 2790 2889 2889 2876 2876 2889 2889 2787 2787 2887 2887 2889 2889 2876 2876 2754 2754 2874 2874 2891 2891 2874 2874 2787 2787 2894 2894 2891 2891 2894 2894 2791 2791 2874 2874 2894 2894 2891 2891 2787 2787 2875 2875 2912 2912 2875 2875 2764 2764 2910 2910 2912 2912 2910 2910 2795 2795 2875 2875 2910 2910 2912 2912 2791 2791 2914 2914 2892 2892 2914 2914 2795 2795 2911 2911 2892 2892 2911 2911 2765 2765 2914 2914 2911 2911 2892 2892 2787 2787 2912 2912 2894 2894 2912 2912 2795 2795 2914 2914 2894 2894 2914 2914 2791 2791 2912 2912 2914 2914 2894 2894 2755 2755 2810 2810 2849 2849 2810 2810 2771 2771 2851 2851 2849 2849 2851 2851 2782 2782 2810 2810 2851 2851 2849 2849 2771 2771 2811 2811 2864 2864 2811 2811 2759 2759 2862 2862 2864 2864 2862 2862 2785 2785 2811 2811 2862 2862 2864 2864 2782 2782 2866 2866 2850 2850 2866 2866 2785 2785 2863 2863 2850 2850 2863 2863 2763 2763 2866 2866 2863 2863 2850 2850 2771 2771 2864 2864 2851 2851 2864 2864 2785 2785 2866 2866 2851 2851 2866 2866 2782 2782 2864 2864 2866 2866 2851 2851 2759 2759 2904 2904 2815 2815 2904 2904 2794 2794 2907 2907 2815 2815 2907 2907 2772 2772 2904 2904 2907 2907 2815 2815 2794 2794 2905 2905 2909 2909 2905 2905 2765 2765 2900 2900 2909 2909 2900 2900 2793 2793 2905 2905 2900 2900 2909 2909 2772 2772 2902 2902 2814 2814 2902 2902 2793 2793 2899 2899 2814 2814 2899 2899 2758 2758 2902 2902 2899 2899 2814 2814 2794 2794 2909 2909 2907 2907 2909 2909 2793 2793 2902 2902 2907 2907 2902 2902 2772 2772 2909 2909 2902 2902 2907 2907 2765 2765 2911 2911 2896 2896 2911 2911 2795 2795 2915 2915 2896 2896 2915 2915 2792 2792 2911 2911 2915 2915 2896 2896 2795 2795 2910 2910 2913 2913 2910 2910 2764 2764 2878 2878 2913 2913 2878 2878 2788 2788 2910 2910 2878 2878 2913 2913 2792 2792 2898 2898 2895 2895 2898 2898 2788 2788 2877 2877 2895 2895 2877 2877 2756 2756 2898 2898 2877 2877 2895 2895 2795 2795 2913 2913 2915 2915 2913 2913 2788 2788 2898 2898 2915 2915 2898 2898 2792 2792 2913 2913 2898 2898 2915 2915 2764 2764 2886 2886 2881 2881 2886 2886 2790 2790 2890 2890 2881 2881 2890 2890 2789 2789 2886 2886 2890 2890 2881 2881 2790 2790 2885 2885 2888 2888 2885 2885 2761 2761 2831 2831 2888 2888 2831 2831 2777 2777 2885 2885 2831 2831 2888 2888 2789 2789 2883 2883 2880 2880 2883 2883 2777 2777 2830 2830 2880 2880 2830 2830 2760 2760 2883 2883 2830 2830 2880 2880 2790 2790 2888 2888 2890 2890 2888 2888 2777 2777 2883 2883 2890 2890 2883 2883 2789 2789 2888 2888 2883 2883 2890 2890 2761 2761 2827 2827 2843 2843 2827 2827 2776 2776 2845 2845 2843 2843 2845 2845 2781 2781 2827 2827 2845 2845 2843 2843 2776 2776 2826 2826 2834 2834 2826 2826 2755 2755 2832 2832 2834 2834 2832 2832 2778 2778 2826 2826 2832 2832 2834 2834 2781 2781 2847 2847 2844 2844 2847 2847 2778 2778 2833 2833 2844 2844 2833 2833 2762 2762 2847 2847 2833 2833 2844 2844 2776 2776 2834 2834 2845 2845 2834 2834 2778 2778 2847 2847 2845 2845 2847 2847 2781 2781 2834 2834 2847 2847 2845 2845 2757 2757 2853 2853 2803 2803 2853 2853 2783 2783 2855 2855 2803 2803 2855 2855 2769 2769 2853 2853 2855 2855 2803 2803 2783 2783 2854 2854 2861 2861 2854 2854 2763 2763 2858 2858 2861 2861 2858 2858 2784 2784 2854 2854 2858 2858 2861 2861 2769 2769 2859 2859 2804 2804 2859 2859 2784 2784 2857 2857 2804 2804 2857 2857 2758 2758 2859 2859 2857 2857 2804 2804 2783 2783 2861 2861 2855 2855 2861 2861 2784 2784 2859 2859 2855 2855 2859 2859 2769 2769 2861 2861 2859 2859 2855 2855 2757 2757 2803 2803 2799 2799 2803 2803 2769 2769 2805 2805 2799 2799 2805 2805 2767 2767 2803 2803 2805 2805 2799 2799 2769 2769 2804 2804 2806 2806 2804 2804 2758 2758 2801 2801 2806 2806 2801 2801 2768 2768 2804 2804 2801 2801 2806 2806 2767 2767 2802 2802 2798 2798 2802 2802 2768 2768 2800 2800 2798 2798 2800 2800 2756 2756 2802 2802 2800 2800 2798 2798 2769 2769 2806 2806 2805 2805 2806 2806 2768 2768 2802 2802 2805 2805 2802 2802 2767 2767 2806 2806 2802 2802 2805 2805 2757 2757 2799 2799 2819 2819 2799 2799 2767 2767 2821 2821 2819 2819 2821 2821 2774 2774 2799 2799 2821 2821 2819 2819 2767 2767 2798 2798 2818 2818 2798 2798 2756 2756 2816 2816 2818 2818 2816 2816 2773 2773 2798 2798 2816 2816 2818 2818 2774 2774 2822 2822 2820 2820 2822 2822 2773 2773 2817 2817 2820 2820 2817 2817 2760 2760 2822 2822 2817 2817 2820 2820 2767 2767 2818 2818 2821 2821 2818 2818 2773 2773 2822 2822 2821 2821 2822 2822 2774 2774 2818 2818 2822 2822 2821 2821 2757 2757 2819 2819 2835 2835 2819 2819 2774 2774 2837 2837 2835 2835 2837 2837 2779 2779 2819 2819 2837 2837 2835 2835 2774 2774 2820 2820 2840 2840 2820 2820 2760 2760 2838 2838 2840 2840 2838 2838 2780 2780 2820 2820 2838 2838 2840 2840 2779 2779 2842 2842 2836 2836 2842 2842 2780 2780 2839 2839 2836 2836 2839 2839 2762 2762 2842 2842 2839 2839 2836 2836 2774 2774 2840 2840 2837 2837 2840 2840 2780 2780 2842 2842 2837 2837 2842 2842 2779 2779 2840 2840 2842 2842 2837 2837 2757 2757 2835 2835 2853 2853 2835 2835 2779 2779 2856 2856 2853 2853 2856 2856 2783 2783 2835 2835 2856 2856 2853 2853 2779 2779 2836 2836 2871 2871 2836 2836 2762 2762 2868 2868 2871 2871 2868 2868 2786 2786 2836 2836 2868 2868 2871 2871 2783 2783 2873 2873 2854 2854 2873 2873 2786 2786 2869 2869 2854 2854 2869 2869 2763 2763 2873 2873 2869 2869 2854 2854 2779 2779 2871 2871 2856 2856 2871 2871 2786 2786 2873 2873 2856 2856 2873 2873 2783 2783 2871 2871 2873 2873 2856 2856 2758 2758 2857 2857 2814 2814 2857 2857 2784 2784 2860 2860 2814 2814 2860 2860 2772 2772 2857 2857 2860 2860 2814 2814 2784 2784 2858 2858 2867 2867 2858 2858 2763 2763 2863 2863 2867 2867 2863 2863 2785 2785 2858 2858 2863 2863 2867 2867 2772 2772 2865 2865 2815 2815 2865 2865 2785 2785 2862 2862 2815 2815 2862 2862 2759 2759 2865 2865 2862 2862 2815 2815 2784 2784 2867 2867 2860 2860 2867 2867 2785 2785 2865 2865 2860 2860 2865 2865 2772 2772 2867 2867 2865 2865 2860 2860 2756 2756 2800 2800 2895 2895 2800 2800 2768 2768 2897 2897 2895 2895 2897 2897 2792 2792 2800 2800 2897 2897 2895 2895 2768 2768 2801 2801 2901 2901 2801 2801 2758 2758 2899 2899 2901 2901 2899 2899 2793 2793 2801 2801 2899 2899 2901 2901 2792 2792 2903 2903 2896 2896 2903 2903 2793 2793 2900 2900 2896 2896 2900 2900 2765 2765 2903 2903 2900 2900 2896 2896 2768 2768 2901 2901 2897 2897 2901 2901 2793 2793 2903 2903 2897 2897 2903 2903 2792 2792 2901 2901 2903 2903 2897 2897 2760 2760 2817 2817 2880 2880 2817 2817 2773 2773 2882 2882 2880 2880 2882 2882 2789 2789 2817 2817 2882 2882 2880 2880 2773 2773 2816 2816 2879 2879 2816 2816 2756 2756 2877 2877 2879 2879 2877 2877 2788 2788 2816 2816 2877 2877 2879 2879 2789 2789 2884 2884 2881 2881 2884 2884 2788 2788 2878 2878 2881 2881 2878 2878 2764 2764 2884 2884 2878 2878 2881 2881 2773 2773 2879 2879 2882 2882 2879 2879 2788 2788 2884 2884 2882 2882 2884 2884 2789 2789 2879 2879 2884 2884 2882 2882 2762 2762 2839 2839 2844 2844 2839 2839 2780 2780 2848 2848 2844 2844 2848 2848 2781 2781 2839 2839 2848 2848 2844 2844 2780 2780 2838 2838 2841 2841 2838 2838 2760 2760 2830 2830 2841 2841 2830 2830 2777 2777 2838 2838 2830 2830 2841 2841 2781 2781 2846 2846 2843 2843 2846 2846 2777 2777 2831 2831 2843 2843 2831 2831 2761 2761 2846 2846 2831 2831 2843 2843 2780 2780 2841 2841 2848 2848 2841 2841 2777 2777 2846 2846 2848 2848 2846 2846 2781 2781 2841 2841 2846 2846 2848 2848 2763 2763 2869 2869 2850 2850 2869 2869 2786 2786 2872 2872 2850 2850 2872 2872 2782 2782 2869 2869 2872 2872 2850 2850 2786 2786 2868 2868 2870 2870 2868 2868 2762 2762 2833 2833 2870 2870 2833 2833 2778 2778 2868 2868 2833 2833 2870 2870 2782 2782 2852 2852 2849 2849 2852 2852 2778 2778 2832 2832 2849 2849 2832 2832 2755 2755 2852 2852 2832 2832 2849 2849 2786 2786 2870 2870 2872 2872 2870 2870 2778 2778 2852 2852 2872 2872 2852 2852 2782 2782 2870 2870 2852 2852 2872 2872 2916 2916 3053 3053 2969 2969 3053 3053 2953 2953 3055 3055 2969 2969 3055 3055 2932 2932 3053 3053 3055 3055 2969 2969 2953 2953 3054 3054 3070 3070 3054 3054 2927 2927 3067 3067 3070 3070 3067 3067 2956 2956 3054 3054 3067 3067 3070 3070 2932 2932 3068 3068 2970 2970 3068 3068 2956 2956 3066 3066 2970 2970 3066 3066 2921 2921 3068 3068 3066 3066 2970 2970 2953 2953 3070 3070 3055 3055 3070 3070 2956 2956 3068 3068 3055 3055 3068 3068 2932 2932 3070 3070 3068 3068 3055 3055 2916 2916 2969 2969 2958 2958 2969 2969 2932 2932 2971 2971 2958 2958 2971 2971 2928 2928 2969 2969 2971 2971 2958 2958 2932 2932 2970 2970 2975 2975 2970 2970 2921 2921 2973 2973 2975 2975 2973 2973 2933 2933 2970 2970 2973 2973 2975 2975 2928 2928 2974 2974 2959 2959 2974 2974 2933 2933 2972 2972 2959 2959 2972 2972 2917 2917 2974 2974 2972 2972 2959 2959 2932 2932 2975 2975 2971 2971 2975 2975 2933 2933 2974 2974 2971 2971 2974 2974 2928 2928 2975 2975 2974 2974 2971 2971 2916 2916 2958 2958 2985 2985 2958 2958 2928 2928 2987 2987 2985 2985 2987 2987 2937 2937 2958 2958 2987 2987 2985 2985 2928 2928 2959 2959 2990 2990 2959 2959 2917 2917 2988 2988 2990 2990 2988 2988 2938 2938 2959 2959 2988 2988 2990 2990 2937 2937 2991 2991 2986 2986 2991 2991 2938 2938 2989 2989 2986 2986 2989 2989 2923 2923 2991 2991 2989 2989 2986 2986 2928 2928 2990 2990 2987 2987 2990 2990 2938 2938 2991 2991 2987 2987 2991 2991 2937 2937 2990 2990 2991 2991 2987 2987 2916 2916 2985 2985 3036 3036 2985 2985 2937 2937 3038 3038 3036 3036 3038 3038 2949 2949 2985 2985 3038 3038 3036 3036 2937 2937 2986 2986 3049 3049 2986 2986 2923 2923 3047 3047 3049 3049 3047 3047 2952 2952 2986 2986 3047 3047 3049 3049 2949 2949 3051 3051 3037 3037 3051 3051 2952 2952 3048 3048 3037 3037 3048 3048 2926 2926 3051 3051 3048 3048 3037 3037 2937 2937 3049 3049 3038 3038 3049 3049 2952 2952 3051 3051 3038 3038 3051 3051 2949 2949 3049 3049 3051 3051 3038 3038 2916 2916 3036 3036 3053 3053 3036 3036 2949 2949 3056 3056 3053 3053 3056 3056 2953 2953 3036 3036 3056 3056 3053 3053 2949 2949 3037 3037 3074 3074 3037 3037 2926 2926 3072 3072 3074 3074 3072 3072 2957 2957 3037 3037 3072 3072 3074 3074 2953 2953 3076 3076 3054 3054 3076 3076 2957 2957 3073 3073 3054 3054 3073 3073 2927 2927 3076 3076 3073 3073 3054 3054 2949 2949 3074 3074 3056 3056 3074 3074 2957 2957 3076 3076 3056 3056 3076 3076 2953 2953 3074 3074 3076 3076 3056 3056 2917 2917 2972 2972 3011 3011 2972 2972 2933 2933 3013 3013 3011 3011 3013 3013 2944 2944 2972 2972 3013 3013 3011 3011 2933 2933 2973 2973 3026 3026 2973 2973 2921 2921 3024 3024 3026 3026 3024 3024 2947 2947 2973 2973 3024 3024 3026 3026 2944 2944 3028 3028 3012 3012 3028 3028 2947 2947 3025 3025 3012 3012 3025 3025 2925 2925 3028 3028 3025 3025 3012 3012 2933 2933 3026 3026 3013 3013 3026 3026 2947 2947 3028 3028 3013 3013 3028 3028 2944 2944 3026 3026 3028 3028 3013 3013 2921 2921 3066 3066 2977 2977 3066 3066 2956 2956 3069 3069 2977 2977 3069 3069 2934 2934 3066 3066 3069 3069 2977 2977 2956 2956 3067 3067 3071 3071 3067 3067 2927 2927 3062 3062 3071 3071 3062 3062 2955 2955 3067 3067 3062 3062 3071 3071 2934 2934 3064 3064 2976 2976 3064 3064 2955 2955 3061 3061 2976 2976 3061 3061 2920 2920 3064 3064 3061 3061 2976 2976 2956 2956 3071 3071 3069 3069 3071 3071 2955 2955 3064 3064 3069 3069 3064 3064 2934 2934 3071 3071 3064 3064 3069 3069 2927 2927 3073 3073 3058 3058 3073 3073 2957 2957 3077 3077 3058 3058 3077 3077 2954 2954 3073 3073 3077 3077 3058 3058 2957 2957 3072 3072 3075 3075 3072 3072 2926 2926 3040 3040 3075 3075 3040 3040 2950 2950 3072 3072 3040 3040 3075 3075 2954 2954 3060 3060 3057 3057 3060 3060 2950 2950 3039 3039 3057 3057 3039 3039 2918 2918 3060 3060 3039 3039 3057 3057 2957 2957 3075 3075 3077 3077 3075 3075 2950 2950 3060 3060 3077 3077 3060 3060 2954 2954 3075 3075 3060 3060 3077 3077 2926 2926 3048 3048 3043 3043 3048 3048 2952 2952 3052 3052 3043 3043 3052 3052 2951 2951 3048 3048 3052 3052 3043 3043 2952 2952 3047 3047 3050 3050 3047 3047 2923 2923 2993 2993 3050 3050 2993 2993 2939 2939 3047 3047 2993 2993 3050 3050 2951 2951 3045 3045 3042 3042 3045 3045 2939 2939 2992 2992 3042 3042 2992 2992 2922 2922 3045 3045 2992 2992 3042 3042 2952 2952 3050 3050 3052 3052 3050 3050 2939 2939 3045 3045 3052 3052 3045 3045 2951 2951 3050 3050 3045 3045 3052 3052 2923 2923 2989 2989 3005 3005 2989 2989 2938 2938 3007 3007 3005 3005 3007 3007 2943 2943 2989 2989 3007 3007 3005 3005 2938 2938 2988 2988 2996 2996 2988 2988 2917 2917 2994 2994 2996 2996 2994 2994 2940 2940 2988 2988 2994 2994 2996 2996 2943 2943 3009 3009 3006 3006 3009 3009 2940 2940 2995 2995 3006 3006 2995 2995 2924 2924 3009 3009 2995 2995 3006 3006 2938 2938 2996 2996 3007 3007 2996 2996 2940 2940 3009 3009 3007 3007 3009 3009 2943 2943 2996 2996 3009 3009 3007 3007 2919 2919 3015 3015 2965 2965 3015 3015 2945 2945 3017 3017 2965 2965 3017 3017 2931 2931 3015 3015 3017 3017 2965 2965 2945 2945 3016 3016 3023 3023 3016 3016 2925 2925 3020 3020 3023 3023 3020 3020 2946 2946 3016 3016 3020 3020 3023 3023 2931 2931 3021 3021 2966 2966 3021 3021 2946 2946 3019 3019 2966 2966 3019 3019 2920 2920 3021 3021 3019 3019 2966 2966 2945 2945 3023 3023 3017 3017 3023 3023 2946 2946 3021 3021 3017 3017 3021 3021 2931 2931 3023 3023 3021 3021 3017 3017 2919 2919 2965 2965 2961 2961 2965 2965 2931 2931 2967 2967 2961 2961 2967 2967 2929 2929 2965 2965 2967 2967 2961 2961 2931 2931 2966 2966 2968 2968 2966 2966 2920 2920 2963 2963 2968 2968 2963 2963 2930 2930 2966 2966 2963 2963 2968 2968 2929 2929 2964 2964 2960 2960 2964 2964 2930 2930 2962 2962 2960 2960 2962 2962 2918 2918 2964 2964 2962 2962 2960 2960 2931 2931 2968 2968 2967 2967 2968 2968 2930 2930 2964 2964 2967 2967 2964 2964 2929 2929 2968 2968 2964 2964 2967 2967 2919 2919 2961 2961 2981 2981 2961 2961 2929 2929 2983 2983 2981 2981 2983 2983 2936 2936 2961 2961 2983 2983 2981 2981 2929 2929 2960 2960 2980 2980 2960 2960 2918 2918 2978 2978 2980 2980 2978 2978 2935 2935 2960 2960 2978 2978 2980 2980 2936 2936 2984 2984 2982 2982 2984 2984 2935 2935 2979 2979 2982 2982 2979 2979 2922 2922 2984 2984 2979 2979 2982 2982 2929 2929 2980 2980 2983 2983 2980 2980 2935 2935 2984 2984 2983 2983 2984 2984 2936 2936 2980 2980 2984 2984 2983 2983 2919 2919 2981 2981 2997 2997 2981 2981 2936 2936 2999 2999 2997 2997 2999 2999 2941 2941 2981 2981 2999 2999 2997 2997 2936 2936 2982 2982 3002 3002 2982 2982 2922 2922 3000 3000 3002 3002 3000 3000 2942 2942 2982 2982 3000 3000 3002 3002 2941 2941 3004 3004 2998 2998 3004 3004 2942 2942 3001 3001 2998 2998 3001 3001 2924 2924 3004 3004 3001 3001 2998 2998 2936 2936 3002 3002 2999 2999 3002 3002 2942 2942 3004 3004 2999 2999 3004 3004 2941 2941 3002 3002 3004 3004 2999 2999 2919 2919 2997 2997 3015 3015 2997 2997 2941 2941 3018 3018 3015 3015 3018 3018 2945 2945 2997 2997 3018 3018 3015 3015 2941 2941 2998 2998 3033 3033 2998 2998 2924 2924 3030 3030 3033 3033 3030 3030 2948 2948 2998 2998 3030 3030 3033 3033 2945 2945 3035 3035 3016 3016 3035 3035 2948 2948 3031 3031 3016 3016 3031 3031 2925 2925 3035 3035 3031 3031 3016 3016 2941 2941 3033 3033 3018 3018 3033 3033 2948 2948 3035 3035 3018 3018 3035 3035 2945 2945 3033 3033 3035 3035 3018 3018 2920 2920 3019 3019 2976 2976 3019 3019 2946 2946 3022 3022 2976 2976 3022 3022 2934 2934 3019 3019 3022 3022 2976 2976 2946 2946 3020 3020 3029 3029 3020 3020 2925 2925 3025 3025 3029 3029 3025 3025 2947 2947 3020 3020 3025 3025 3029 3029 2934 2934 3027 3027 2977 2977 3027 3027 2947 2947 3024 3024 2977 2977 3024 3024 2921 2921 3027 3027 3024 3024 2977 2977 2946 2946 3029 3029 3022 3022 3029 3029 2947 2947 3027 3027 3022 3022 3027 3027 2934 2934 3029 3029 3027 3027 3022 3022 2918 2918 2962 2962 3057 3057 2962 2962 2930 2930 3059 3059 3057 3057 3059 3059 2954 2954 2962 2962 3059 3059 3057 3057 2930 2930 2963 2963 3063 3063 2963 2963 2920 2920 3061 3061 3063 3063 3061 3061 2955 2955 2963 2963 3061 3061 3063 3063 2954 2954 3065 3065 3058 3058 3065 3065 2955 2955 3062 3062 3058 3058 3062 3062 2927 2927 3065 3065 3062 3062 3058 3058 2930 2930 3063 3063 3059 3059 3063 3063 2955 2955 3065 3065 3059 3059 3065 3065 2954 2954 3063 3063 3065 3065 3059 3059 2922 2922 2979 2979 3042 3042 2979 2979 2935 2935 3044 3044 3042 3042 3044 3044 2951 2951 2979 2979 3044 3044 3042 3042 2935 2935 2978 2978 3041 3041 2978 2978 2918 2918 3039 3039 3041 3041 3039 3039 2950 2950 2978 2978 3039 3039 3041 3041 2951 2951 3046 3046 3043 3043 3046 3046 2950 2950 3040 3040 3043 3043 3040 3040 2926 2926 3046 3046 3040 3040 3043 3043 2935 2935 3041 3041 3044 3044 3041 3041 2950 2950 3046 3046 3044 3044 3046 3046 2951 2951 3041 3041 3046 3046 3044 3044 2924 2924 3001 3001 3006 3006 3001 3001 2942 2942 3010 3010 3006 3006 3010 3010 2943 2943 3001 3001 3010 3010 3006 3006 2942 2942 3000 3000 3003 3003 3000 3000 2922 2922 2992 2992 3003 3003 2992 2992 2939 2939 3000 3000 2992 2992 3003 3003 2943 2943 3008 3008 3005 3005 3008 3008 2939 2939 2993 2993 3005 3005 2993 2993 2923 2923 3008 3008 2993 2993 3005 3005 2942 2942 3003 3003 3010 3010 3003 3003 2939 2939 3008 3008 3010 3010 3008 3008 2943 2943 3003 3003 3008 3008 3010 3010 2925 2925 3031 3031 3012 3012 3031 3031 2948 2948 3034 3034 3012 3012 3034 3034 2944 2944 3031 3031 3034 3034 3012 3012 2948 2948 3030 3030 3032 3032 3030 3030 2924 2924 2995 2995 3032 3032 2995 2995 2940 2940 3030 3030 2995 2995 3032 3032 2944 2944 3014 3014 3011 3011 3014 3014 2940 2940 2994 2994 3011 3011 2994 2994 2917 2917 3014 3014 2994 2994 3011 3011 2948 2948 3032 3032 3034 3034 3032 3032 2940 2940 3014 3014 3034 3034 3014 3014 2944 2944 3032 3032 3014 3014 3034 3034 3078 3078 3215 3215 3131 3131 3215 3215 3115 3115 3217 3217 3131 3131 3217 3217 3094 3094 3215 3215 3217 3217 3131 3131 3115 3115 3216 3216 3232 3232 3216 3216 3089 3089 3229 3229 3232 3232 3229 3229 3118 3118 3216 3216 3229 3229 3232 3232 3094 3094 3230 3230 3132 3132 3230 3230 3118 3118 3228 3228 3132 3132 3228 3228 3083 3083 3230 3230 3228 3228 3132 3132 3115 3115 3232 3232 3217 3217 3232 3232 3118 3118 3230 3230 3217 3217 3230 3230 3094 3094 3232 3232 3230 3230 3217 3217 3078 3078 3131 3131 3120 3120 3131 3131 3094 3094 3133 3133 3120 3120 3133 3133 3090 3090 3131 3131 3133 3133 3120 3120 3094 3094 3132 3132 3137 3137 3132 3132 3083 3083 3135 3135 3137 3137 3135 3135 3095 3095 3132 3132 3135 3135 3137 3137 3090 3090 3136 3136 3121 3121 3136 3136 3095 3095 3134 3134 3121 3121 3134 3134 3079 3079 3136 3136 3134 3134 3121 3121 3094 3094 3137 3137 3133 3133 3137 3137 3095 3095 3136 3136 3133 3133 3136 3136 3090 3090 3137 3137 3136 3136 3133 3133 3078 3078 3120 3120 3147 3147 3120 3120 3090 3090 3149 3149 3147 3147 3149 3149 3099 3099 3120 3120 3149 3149 3147 3147 3090 3090 3121 3121 3152 3152 3121 3121 3079 3079 3150 3150 3152 3152 3150 3150 3100 3100 3121 3121 3150 3150 3152 3152 3099 3099 3153 3153 3148 3148 3153 3153 3100 3100 3151 3151 3148 3148 3151 3151 3085 3085 3153 3153 3151 3151 3148 3148 3090 3090 3152 3152 3149 3149 3152 3152 3100 3100 3153 3153 3149 3149 3153 3153 3099 3099 3152 3152 3153 3153 3149 3149 3078 3078 3147 3147 3198 3198 3147 3147 3099 3099 3200 3200 3198 3198 3200 3200 3111 3111 3147 3147 3200 3200 3198 3198 3099 3099 3148 3148 3211 3211 3148 3148 3085 3085 3209 3209 3211 3211 3209 3209 3114 3114 3148 3148 3209 3209 3211 3211 3111 3111 3213 3213 3199 3199 3213 3213 3114 3114 3210 3210 3199 3199 3210 3210 3088 3088 3213 3213 3210 3210 3199 3199 3099 3099 3211 3211 3200 3200 3211 3211 3114 3114 3213 3213 3200 3200 3213 3213 3111 3111 3211 3211 3213 3213 3200 3200 3078 3078 3198 3198 3215 3215 3198 3198 3111 3111 3218 3218 3215 3215 3218 3218 3115 3115 3198 3198 3218 3218 3215 3215 3111 3111 3199 3199 3236 3236 3199 3199 3088 3088 3234 3234 3236 3236 3234 3234 3119 3119 3199 3199 3234 3234 3236 3236 3115 3115 3238 3238 3216 3216 3238 3238 3119 3119 3235 3235 3216 3216 3235 3235 3089 3089 3238 3238 3235 3235 3216 3216 3111 3111 3236 3236 3218 3218 3236 3236 3119 3119 3238 3238 3218 3218 3238 3238 3115 3115 3236 3236 3238 3238 3218 3218 3079 3079 3134 3134 3173 3173 3134 3134 3095 3095 3175 3175 3173 3173 3175 3175 3106 3106 3134 3134 3175 3175 3173 3173 3095 3095 3135 3135 3188 3188 3135 3135 3083 3083 3186 3186 3188 3188 3186 3186 3109 3109 3135 3135 3186 3186 3188 3188 3106 3106 3190 3190 3174 3174 3190 3190 3109 3109 3187 3187 3174 3174 3187 3187 3087 3087 3190 3190 3187 3187 3174 3174 3095 3095 3188 3188 3175 3175 3188 3188 3109 3109 3190 3190 3175 3175 3190 3190 3106 3106 3188 3188 3190 3190 3175 3175 3083 3083 3228 3228 3139 3139 3228 3228 3118 3118 3231 3231 3139 3139 3231 3231 3096 3096 3228 3228 3231 3231 3139 3139 3118 3118 3229 3229 3233 3233 3229 3229 3089 3089 3224 3224 3233 3233 3224 3224 3117 3117 3229 3229 3224 3224 3233 3233 3096 3096 3226 3226 3138 3138 3226 3226 3117 3117 3223 3223 3138 3138 3223 3223 3082 3082 3226 3226 3223 3223 3138 3138 3118 3118 3233 3233 3231 3231 3233 3233 3117 3117 3226 3226 3231 3231 3226 3226 3096 3096 3233 3233 3226 3226 3231 3231 3089 3089 3235 3235 3220 3220 3235 3235 3119 3119 3239 3239 3220 3220 3239 3239 3116 3116 3235 3235 3239 3239 3220 3220 3119 3119 3234 3234 3237 3237 3234 3234 3088 3088 3202 3202 3237 3237 3202 3202 3112 3112 3234 3234 3202 3202 3237 3237 3116 3116 3222 3222 3219 3219 3222 3222 3112 3112 3201 3201 3219 3219 3201 3201 3080 3080 3222 3222 3201 3201 3219 3219 3119 3119 3237 3237 3239 3239 3237 3237 3112 3112 3222 3222 3239 3239 3222 3222 3116 3116 3237 3237 3222 3222 3239 3239 3088 3088 3210 3210 3205 3205 3210 3210 3114 3114 3214 3214 3205 3205 3214 3214 3113 3113 3210 3210 3214 3214 3205 3205 3114 3114 3209 3209 3212 3212 3209 3209 3085 3085 3155 3155 3212 3212 3155 3155 3101 3101 3209 3209 3155 3155 3212 3212 3113 3113 3207 3207 3204 3204 3207 3207 3101 3101 3154 3154 3204 3204 3154 3154 3084 3084 3207 3207 3154 3154 3204 3204 3114 3114 3212 3212 3214 3214 3212 3212 3101 3101 3207 3207 3214 3214 3207 3207 3113 3113 3212 3212 3207 3207 3214 3214 3085 3085 3151 3151 3167 3167 3151 3151 3100 3100 3169 3169 3167 3167 3169 3169 3105 3105 3151 3151 3169 3169 3167 3167 3100 3100 3150 3150 3158 3158 3150 3150 3079 3079 3156 3156 3158 3158 3156 3156 3102 3102 3150 3150 3156 3156 3158 3158 3105 3105 3171 3171 3168 3168 3171 3171 3102 3102 3157 3157 3168 3168 3157 3157 3086 3086 3171 3171 3157 3157 3168 3168 3100 3100 3158 3158 3169 3169 3158 3158 3102 3102 3171 3171 3169 3169 3171 3171 3105 3105 3158 3158 3171 3171 3169 3169 3081 3081 3177 3177 3127 3127 3177 3177 3107 3107 3179 3179 3127 3127 3179 3179 3093 3093 3177 3177 3179 3179 3127 3127 3107 3107 3178 3178 3185 3185 3178 3178 3087 3087 3182 3182 3185 3185 3182 3182 3108 3108 3178 3178 3182 3182 3185 3185 3093 3093 3183 3183 3128 3128 3183 3183 3108 3108 3181 3181 3128 3128 3181 3181 3082 3082 3183 3183 3181 3181 3128 3128 3107 3107 3185 3185 3179 3179 3185 3185 3108 3108 3183 3183 3179 3179 3183 3183 3093 3093 3185 3185 3183 3183 3179 3179 3081 3081 3127 3127 3123 3123 3127 3127 3093 3093 3129 3129 3123 3123 3129 3129 3091 3091 3127 3127 3129 3129 3123 3123 3093 3093 3128 3128 3130 3130 3128 3128 3082 3082 3125 3125 3130 3130 3125 3125 3092 3092 3128 3128 3125 3125 3130 3130 3091 3091 3126 3126 3122 3122 3126 3126 3092 3092 3124 3124 3122 3122 3124 3124 3080 3080 3126 3126 3124 3124 3122 3122 3093 3093 3130 3130 3129 3129 3130 3130 3092 3092 3126 3126 3129 3129 3126 3126 3091 3091 3130 3130 3126 3126 3129 3129 3081 3081 3123 3123 3143 3143 3123 3123 3091 3091 3145 3145 3143 3143 3145 3145 3098 3098 3123 3123 3145 3145 3143 3143 3091 3091 3122 3122 3142 3142 3122 3122 3080 3080 3140 3140 3142 3142 3140 3140 3097 3097 3122 3122 3140 3140 3142 3142 3098 3098 3146 3146 3144 3144 3146 3146 3097 3097 3141 3141 3144 3144 3141 3141 3084 3084 3146 3146 3141 3141 3144 3144 3091 3091 3142 3142 3145 3145 3142 3142 3097 3097 3146 3146 3145 3145 3146 3146 3098 3098 3142 3142 3146 3146 3145 3145 3081 3081 3143 3143 3159 3159 3143 3143 3098 3098 3161 3161 3159 3159 3161 3161 3103 3103 3143 3143 3161 3161 3159 3159 3098 3098 3144 3144 3164 3164 3144 3144 3084 3084 3162 3162 3164 3164 3162 3162 3104 3104 3144 3144 3162 3162 3164 3164 3103 3103 3166 3166 3160 3160 3166 3166 3104 3104 3163 3163 3160 3160 3163 3163 3086 3086 3166 3166 3163 3163 3160 3160 3098 3098 3164 3164 3161 3161 3164 3164 3104 3104 3166 3166 3161 3161 3166 3166 3103 3103 3164 3164 3166 3166 3161 3161 3081 3081 3159 3159 3177 3177 3159 3159 3103 3103 3180 3180 3177 3177 3180 3180 3107 3107 3159 3159 3180 3180 3177 3177 3103 3103 3160 3160 3195 3195 3160 3160 3086 3086 3192 3192 3195 3195 3192 3192 3110 3110 3160 3160 3192 3192 3195 3195 3107 3107 3197 3197 3178 3178 3197 3197 3110 3110 3193 3193 3178 3178 3193 3193 3087 3087 3197 3197 3193 3193 3178 3178 3103 3103 3195 3195 3180 3180 3195 3195 3110 3110 3197 3197 3180 3180 3197 3197 3107 3107 3195 3195 3197 3197 3180 3180 3082 3082 3181 3181 3138 3138 3181 3181 3108 3108 3184 3184 3138 3138 3184 3184 3096 3096 3181 3181 3184 3184 3138 3138 3108 3108 3182 3182 3191 3191 3182 3182 3087 3087 3187 3187 3191 3191 3187 3187 3109 3109 3182 3182 3187 3187 3191 3191 3096 3096 3189 3189 3139 3139 3189 3189 3109 3109 3186 3186 3139 3139 3186 3186 3083 3083 3189 3189 3186 3186 3139 3139 3108 3108 3191 3191 3184 3184 3191 3191 3109 3109 3189 3189 3184 3184 3189 3189 3096 3096 3191 3191 3189 3189 3184 3184 3080 3080 3124 3124 3219 3219 3124 3124 3092 3092 3221 3221 3219 3219 3221 3221 3116 3116 3124 3124 3221 3221 3219 3219 3092 3092 3125 3125 3225 3225 3125 3125 3082 3082 3223 3223 3225 3225 3223 3223 3117 3117 3125 3125 3223 3223 3225 3225 3116 3116 3227 3227 3220 3220 3227 3227 3117 3117 3224 3224 3220 3220 3224 3224 3089 3089 3227 3227 3224 3224 3220 3220 3092 3092 3225 3225 3221 3221 3225 3225 3117 3117 3227 3227 3221 3221 3227 3227 3116 3116 3225 3225 3227 3227 3221 3221 3084 3084 3141 3141 3204 3204 3141 3141 3097 3097 3206 3206 3204 3204 3206 3206 3113 3113 3141 3141 3206 3206 3204 3204 3097 3097 3140 3140 3203 3203 3140 3140 3080 3080 3201 3201 3203 3203 3201 3201 3112 3112 3140 3140 3201 3201 3203 3203 3113 3113 3208 3208 3205 3205 3208 3208 3112 3112 3202 3202 3205 3205 3202 3202 3088 3088 3208 3208 3202 3202 3205 3205 3097 3097 3203 3203 3206 3206 3203 3203 3112 3112 3208 3208 3206 3206 3208 3208 3113 3113 3203 3203 3208 3208 3206 3206 3086 3086 3163 3163 3168 3168 3163 3163 3104 3104 3172 3172 3168 3168 3172 3172 3105 3105 3163 3163 3172 3172 3168 3168 3104 3104 3162 3162 3165 3165 3162 3162 3084 3084 3154 3154 3165 3165 3154 3154 3101 3101 3162 3162 3154 3154 3165 3165 3105 3105 3170 3170 3167 3167 3170 3170 3101 3101 3155 3155 3167 3167 3155 3155 3085 3085 3170 3170 3155 3155 3167 3167 3104 3104 3165 3165 3172 3172 3165 3165 3101 3101 3170 3170 3172 3172 3170 3170 3105 3105 3165 3165 3170 3170 3172 3172 3087 3087 3193 3193 3174 3174 3193 3193 3110 3110 3196 3196 3174 3174 3196 3196 3106 3106 3193 3193 3196 3196 3174 3174 3110 3110 3192 3192 3194 3194 3192 3192 3086 3086 3157 3157 3194 3194 3157 3157 3102 3102 3192 3192 3157 3157 3194 3194 3106 3106 3176 3176 3173 3173 3176 3176 3102 3102 3156 3156 3173 3173 3156 3156 3079 3079 3176 3176 3156 3156 3173 3173 3110 3110 3194 3194 3196 3196 3194 3194 3102 3102 3176 3176 3196 3196 3176 3176 3106 3106 3194 3194 3176 3176 3196 3196 3240 3240 3377 3377 3293 3293 3377 3377 3277 3277 3379 3379 3293 3293 3379 3379 3256 3256 3377 3377 3379 3379 3293 3293 3277 3277 3378 3378 3394 3394 3378 3378 3251 3251 3391 3391 3394 3394 3391 3391 3280 3280 3378 3378 3391 3391 3394 3394 3256 3256 3392 3392 3294 3294 3392 3392 3280 3280 3390 3390 3294 3294 3390 3390 3245 3245 3392 3392 3390 3390 3294 3294 3277 3277 3394 3394 3379 3379 3394 3394 3280 3280 3392 3392 3379 3379 3392 3392 3256 3256 3394 3394 3392 3392 3379 3379 3240 3240 3293 3293 3282 3282 3293 3293 3256 3256 3295 3295 3282 3282 3295 3295 3252 3252 3293 3293 3295 3295 3282 3282 3256 3256 3294 3294 3299 3299 3294 3294 3245 3245 3297 3297 3299 3299 3297 3297 3257 3257 3294 3294 3297 3297 3299 3299 3252 3252 3298 3298 3283 3283 3298 3298 3257 3257 3296 3296 3283 3283 3296 3296 3241 3241 3298 3298 3296 3296 3283 3283 3256 3256 3299 3299 3295 3295 3299 3299 3257 3257 3298 3298 3295 3295 3298 3298 3252 3252 3299 3299 3298 3298 3295 3295 3240 3240 3282 3282 3309 3309 3282 3282 3252 3252 3311 3311 3309 3309 3311 3311 3261 3261 3282 3282 3311 3311 3309 3309 3252 3252 3283 3283 3314 3314 3283 3283 3241 3241 3312 3312 3314 3314 3312 3312 3262 3262 3283 3283 3312 3312 3314 3314 3261 3261 3315 3315 3310 3310 3315 3315 3262 3262 3313 3313 3310 3310 3313 3313 3247 3247 3315 3315 3313 3313 3310 3310 3252 3252 3314 3314 3311 3311 3314 3314 3262 3262 3315 3315 3311 3311 3315 3315 3261 3261 3314 3314 3315 3315 3311 3311 3240 3240 3309 3309 3360 3360 3309 3309 3261 3261 3362 3362 3360 3360 3362 3362 3273 3273 3309 3309 3362 3362 3360 3360 3261 3261 3310 3310 3373 3373 3310 3310 3247 3247 3371 3371 3373 3373 3371 3371 3276 3276 3310 3310 3371 3371 3373 3373 3273 3273 3375 3375 3361 3361 3375 3375 3276 3276 3372 3372 3361 3361 3372 3372 3250 3250 3375 3375 3372 3372 3361 3361 3261 3261 3373 3373 3362 3362 3373 3373 3276 3276 3375 3375 3362 3362 3375 3375 3273 3273 3373 3373 3375 3375 3362 3362 3240 3240 3360 3360 3377 3377 3360 3360 3273 3273 3380 3380 3377 3377 3380 3380 3277 3277 3360 3360 3380 3380 3377 3377 3273 3273 3361 3361 3398 3398 3361 3361 3250 3250 3396 3396 3398 3398 3396 3396 3281 3281 3361 3361 3396 3396 3398 3398 3277 3277 3400 3400 3378 3378 3400 3400 3281 3281 3397 3397 3378 3378 3397 3397 3251 3251 3400 3400 3397 3397 3378 3378 3273 3273 3398 3398 3380 3380 3398 3398 3281 3281 3400 3400 3380 3380 3400 3400 3277 3277 3398 3398 3400 3400 3380 3380 3241 3241 3296 3296 3335 3335 3296 3296 3257 3257 3337 3337 3335 3335 3337 3337 3268 3268 3296 3296 3337 3337 3335 3335 3257 3257 3297 3297 3350 3350 3297 3297 3245 3245 3348 3348 3350 3350 3348 3348 3271 3271 3297 3297 3348 3348 3350 3350 3268 3268 3352 3352 3336 3336 3352 3352 3271 3271 3349 3349 3336 3336 3349 3349 3249 3249 3352 3352 3349 3349 3336 3336 3257 3257 3350 3350 3337 3337 3350 3350 3271 3271 3352 3352 3337 3337 3352 3352 3268 3268 3350 3350 3352 3352 3337 3337 3245 3245 3390 3390 3301 3301 3390 3390 3280 3280 3393 3393 3301 3301 3393 3393 3258 3258 3390 3390 3393 3393 3301 3301 3280 3280 3391 3391 3395 3395 3391 3391 3251 3251 3386 3386 3395 3395 3386 3386 3279 3279 3391 3391 3386 3386 3395 3395 3258 3258 3388 3388 3300 3300 3388 3388 3279 3279 3385 3385 3300 3300 3385 3385 3244 3244 3388 3388 3385 3385 3300 3300 3280 3280 3395 3395 3393 3393 3395 3395 3279 3279 3388 3388 3393 3393 3388 3388 3258 3258 3395 3395 3388 3388 3393 3393 3251 3251 3397 3397 3382 3382 3397 3397 3281 3281 3401 3401 3382 3382 3401 3401 3278 3278 3397 3397 3401 3401 3382 3382 3281 3281 3396 3396 3399 3399 3396 3396 3250 3250 3364 3364 3399 3399 3364 3364 3274 3274 3396 3396 3364 3364 3399 3399 3278 3278 3384 3384 3381 3381 3384 3384 3274 3274 3363 3363 3381 3381 3363 3363 3242 3242 3384 3384 3363 3363 3381 3381 3281 3281 3399 3399 3401 3401 3399 3399 3274 3274 3384 3384 3401 3401 3384 3384 3278 3278 3399 3399 3384 3384 3401 3401 3250 3250 3372 3372 3367 3367 3372 3372 3276 3276 3376 3376 3367 3367 3376 3376 3275 3275 3372 3372 3376 3376 3367 3367 3276 3276 3371 3371 3374 3374 3371 3371 3247 3247 3317 3317 3374 3374 3317 3317 3263 3263 3371 3371 3317 3317 3374 3374 3275 3275 3369 3369 3366 3366 3369 3369 3263 3263 3316 3316 3366 3366 3316 3316 3246 3246 3369 3369 3316 3316 3366 3366 3276 3276 3374 3374 3376 3376 3374 3374 3263 3263 3369 3369 3376 3376 3369 3369 3275 3275 3374 3374 3369 3369 3376 3376 3247 3247 3313 3313 3329 3329 3313 3313 3262 3262 3331 3331 3329 3329 3331 3331 3267 3267 3313 3313 3331 3331 3329 3329 3262 3262 3312 3312 3320 3320 3312 3312 3241 3241 3318 3318 3320 3320 3318 3318 3264 3264 3312 3312 3318 3318 3320 3320 3267 3267 3333 3333 3330 3330 3333 3333 3264 3264 3319 3319 3330 3330 3319 3319 3248 3248 3333 3333 3319 3319 3330 3330 3262 3262 3320 3320 3331 3331 3320 3320 3264 3264 3333 3333 3331 3331 3333 3333 3267 3267 3320 3320 3333 3333 3331 3331 3243 3243 3339 3339 3289 3289 3339 3339 3269 3269 3341 3341 3289 3289 3341 3341 3255 3255 3339 3339 3341 3341 3289 3289 3269 3269 3340 3340 3347 3347 3340 3340 3249 3249 3344 3344 3347 3347 3344 3344 3270 3270 3340 3340 3344 3344 3347 3347 3255 3255 3345 3345 3290 3290 3345 3345 3270 3270 3343 3343 3290 3290 3343 3343 3244 3244 3345 3345 3343 3343 3290 3290 3269 3269 3347 3347 3341 3341 3347 3347 3270 3270 3345 3345 3341 3341 3345 3345 3255 3255 3347 3347 3345 3345 3341 3341 3243 3243 3289 3289 3285 3285 3289 3289 3255 3255 3291 3291 3285 3285 3291 3291 3253 3253 3289 3289 3291 3291 3285 3285 3255 3255 3290 3290 3292 3292 3290 3290 3244 3244 3287 3287 3292 3292 3287 3287 3254 3254 3290 3290 3287 3287 3292 3292 3253 3253 3288 3288 3284 3284 3288 3288 3254 3254 3286 3286 3284 3284 3286 3286 3242 3242 3288 3288 3286 3286 3284 3284 3255 3255 3292 3292 3291 3291 3292 3292 3254 3254 3288 3288 3291 3291 3288 3288 3253 3253 3292 3292 3288 3288 3291 3291 3243 3243 3285 3285 3305 3305 3285 3285 3253 3253 3307 3307 3305 3305 3307 3307 3260 3260 3285 3285 3307 3307 3305 3305 3253 3253 3284 3284 3304 3304 3284 3284 3242 3242 3302 3302 3304 3304 3302 3302 3259 3259 3284 3284 3302 3302 3304 3304 3260 3260 3308 3308 3306 3306 3308 3308 3259 3259 3303 3303 3306 3306 3303 3303 3246 3246 3308 3308 3303 3303 3306 3306 3253 3253 3304 3304 3307 3307 3304 3304 3259 3259 3308 3308 3307 3307 3308 3308 3260 3260 3304 3304 3308 3308 3307 3307 3243 3243 3305 3305 3321 3321 3305 3305 3260 3260 3323 3323 3321 3321 3323 3323 3265 3265 3305 3305 3323 3323 3321 3321 3260 3260 3306 3306 3326 3326 3306 3306 3246 3246 3324 3324 3326 3326 3324 3324 3266 3266 3306 3306 3324 3324 3326 3326 3265 3265 3328 3328 3322 3322 3328 3328 3266 3266 3325 3325 3322 3322 3325 3325 3248 3248 3328 3328 3325 3325 3322 3322 3260 3260 3326 3326 3323 3323 3326 3326 3266 3266 3328 3328 3323 3323 3328 3328 3265 3265 3326 3326 3328 3328 3323 3323 3243 3243 3321 3321 3339 3339 3321 3321 3265 3265 3342 3342 3339 3339 3342 3342 3269 3269 3321 3321 3342 3342 3339 3339 3265 3265 3322 3322 3357 3357 3322 3322 3248 3248 3354 3354 3357 3357 3354 3354 3272 3272 3322 3322 3354 3354 3357 3357 3269 3269 3359 3359 3340 3340 3359 3359 3272 3272 3355 3355 3340 3340 3355 3355 3249 3249 3359 3359 3355 3355 3340 3340 3265 3265 3357 3357 3342 3342 3357 3357 3272 3272 3359 3359 3342 3342 3359 3359 3269 3269 3357 3357 3359 3359 3342 3342 3244 3244 3343 3343 3300 3300 3343 3343 3270 3270 3346 3346 3300 3300 3346 3346 3258 3258 3343 3343 3346 3346 3300 3300 3270 3270 3344 3344 3353 3353 3344 3344 3249 3249 3349 3349 3353 3353 3349 3349 3271 3271 3344 3344 3349 3349 3353 3353 3258 3258 3351 3351 3301 3301 3351 3351 3271 3271 3348 3348 3301 3301 3348 3348 3245 3245 3351 3351 3348 3348 3301 3301 3270 3270 3353 3353 3346 3346 3353 3353 3271 3271 3351 3351 3346 3346 3351 3351 3258 3258 3353 3353 3351 3351 3346 3346 3242 3242 3286 3286 3381 3381 3286 3286 3254 3254 3383 3383 3381 3381 3383 3383 3278 3278 3286 3286 3383 3383 3381 3381 3254 3254 3287 3287 3387 3387 3287 3287 3244 3244 3385 3385 3387 3387 3385 3385 3279 3279 3287 3287 3385 3385 3387 3387 3278 3278 3389 3389 3382 3382 3389 3389 3279 3279 3386 3386 3382 3382 3386 3386 3251 3251 3389 3389 3386 3386 3382 3382 3254 3254 3387 3387 3383 3383 3387 3387 3279 3279 3389 3389 3383 3383 3389 3389 3278 3278 3387 3387 3389 3389 3383 3383 3246 3246 3303 3303 3366 3366 3303 3303 3259 3259 3368 3368 3366 3366 3368 3368 3275 3275 3303 3303 3368 3368 3366 3366 3259 3259 3302 3302 3365 3365 3302 3302 3242 3242 3363 3363 3365 3365 3363 3363 3274 3274 3302 3302 3363 3363 3365 3365 3275 3275 3370 3370 3367 3367 3370 3370 3274 3274 3364 3364 3367 3367 3364 3364 3250 3250 3370 3370 3364 3364 3367 3367 3259 3259 3365 3365 3368 3368 3365 3365 3274 3274 3370 3370 3368 3368 3370 3370 3275 3275 3365 3365 3370 3370 3368 3368 3248 3248 3325 3325 3330 3330 3325 3325 3266 3266 3334 3334 3330 3330 3334 3334 3267 3267 3325 3325 3334 3334 3330 3330 3266 3266 3324 3324 3327 3327 3324 3324 3246 3246 3316 3316 3327 3327 3316 3316 3263 3263 3324 3324 3316 3316 3327 3327 3267 3267 3332 3332 3329 3329 3332 3332 3263 3263 3317 3317 3329 3329 3317 3317 3247 3247 3332 3332 3317 3317 3329 3329 3266 3266 3327 3327 3334 3334 3327 3327 3263 3263 3332 3332 3334 3334 3332 3332 3267 3267 3327 3327 3332 3332 3334 3334 3249 3249 3355 3355 3336 3336 3355 3355 3272 3272 3358 3358 3336 3336 3358 3358 3268 3268 3355 3355 3358 3358 3336 3336 3272 3272 3354 3354 3356 3356 3354 3354 3248 3248 3319 3319 3356 3356 3319 3319 3264 3264 3354 3354 3319 3319 3356 3356 3268 3268 3338 3338 3335 3335 3338 3338 3264 3264 3318 3318 3335 3335 3318 3318 3241 3241 3338 3338 3318 3318 3335 3335 3272 3272 3356 3356 3358 3358 3356 3356 3264 3264 3338 3338 3358 3358 3338 3338 3268 3268 3356 3356 3338 3338 3358 3358 3402 3402 3539 3539 3455 3455 3539 3539 3439 3439 3541 3541 3455 3455 3541 3541 3418 3418 3539 3539 3541 3541 3455 3455 3439 3439 3540 3540 3556 3556 3540 3540 3413 3413 3553 3553 3556 3556 3553 3553 3442 3442 3540 3540 3553 3553 3556 3556 3418 3418 3554 3554 3456 3456 3554 3554 3442 3442 3552 3552 3456 3456 3552 3552 3407 3407 3554 3554 3552 3552 3456 3456 3439 3439 3556 3556 3541 3541 3556 3556 3442 3442 3554 3554 3541 3541 3554 3554 3418 3418 3556 3556 3554 3554 3541 3541 3402 3402 3455 3455 3444 3444 3455 3455 3418 3418 3457 3457 3444 3444 3457 3457 3414 3414 3455 3455 3457 3457 3444 3444 3418 3418 3456 3456 3461 3461 3456 3456 3407 3407 3459 3459 3461 3461 3459 3459 3419 3419 3456 3456 3459 3459 3461 3461 3414 3414 3460 3460 3445 3445 3460 3460 3419 3419 3458 3458 3445 3445 3458 3458 3403 3403 3460 3460 3458 3458 3445 3445 3418 3418 3461 3461 3457 3457 3461 3461 3419 3419 3460 3460 3457 3457 3460 3460 3414 3414 3461 3461 3460 3460 3457 3457 3402 3402 3444 3444 3471 3471 3444 3444 3414 3414 3473 3473 3471 3471 3473 3473 3423 3423 3444 3444 3473 3473 3471 3471 3414 3414 3445 3445 3476 3476 3445 3445 3403 3403 3474 3474 3476 3476 3474 3474 3424 3424 3445 3445 3474 3474 3476 3476 3423 3423 3477 3477 3472 3472 3477 3477 3424 3424 3475 3475 3472 3472 3475 3475 3409 3409 3477 3477 3475 3475 3472 3472 3414 3414 3476 3476 3473 3473 3476 3476 3424 3424 3477 3477 3473 3473 3477 3477 3423 3423 3476 3476 3477 3477 3473 3473 3402 3402 3471 3471 3522 3522 3471 3471 3423 3423 3524 3524 3522 3522 3524 3524 3435 3435 3471 3471 3524 3524 3522 3522 3423 3423 3472 3472 3535 3535 3472 3472 3409 3409 3533 3533 3535 3535 3533 3533 3438 3438 3472 3472 3533 3533 3535 3535 3435 3435 3537 3537 3523 3523 3537 3537 3438 3438 3534 3534 3523 3523 3534 3534 3412 3412 3537 3537 3534 3534 3523 3523 3423 3423 3535 3535 3524 3524 3535 3535 3438 3438 3537 3537 3524 3524 3537 3537 3435 3435 3535 3535 3537 3537 3524 3524 3402 3402 3522 3522 3539 3539 3522 3522 3435 3435 3542 3542 3539 3539 3542 3542 3439 3439 3522 3522 3542 3542 3539 3539 3435 3435 3523 3523 3560 3560 3523 3523 3412 3412 3558 3558 3560 3560 3558 3558 3443 3443 3523 3523 3558 3558 3560 3560 3439 3439 3562 3562 3540 3540 3562 3562 3443 3443 3559 3559 3540 3540 3559 3559 3413 3413 3562 3562 3559 3559 3540 3540 3435 3435 3560 3560 3542 3542 3560 3560 3443 3443 3562 3562 3542 3542 3562 3562 3439 3439 3560 3560 3562 3562 3542 3542 3403 3403 3458 3458 3497 3497 3458 3458 3419 3419 3499 3499 3497 3497 3499 3499 3430 3430 3458 3458 3499 3499 3497 3497 3419 3419 3459 3459 3512 3512 3459 3459 3407 3407 3510 3510 3512 3512 3510 3510 3433 3433 3459 3459 3510 3510 3512 3512 3430 3430 3514 3514 3498 3498 3514 3514 3433 3433 3511 3511 3498 3498 3511 3511 3411 3411 3514 3514 3511 3511 3498 3498 3419 3419 3512 3512 3499 3499 3512 3512 3433 3433 3514 3514 3499 3499 3514 3514 3430 3430 3512 3512 3514 3514 3499 3499 3407 3407 3552 3552 3463 3463 3552 3552 3442 3442 3555 3555 3463 3463 3555 3555 3420 3420 3552 3552 3555 3555 3463 3463 3442 3442 3553 3553 3557 3557 3553 3553 3413 3413 3548 3548 3557 3557 3548 3548 3441 3441 3553 3553 3548 3548 3557 3557 3420 3420 3550 3550 3462 3462 3550 3550 3441 3441 3547 3547 3462 3462 3547 3547 3406 3406 3550 3550 3547 3547 3462 3462 3442 3442 3557 3557 3555 3555 3557 3557 3441 3441 3550 3550 3555 3555 3550 3550 3420 3420 3557 3557 3550 3550 3555 3555 3413 3413 3559 3559 3544 3544 3559 3559 3443 3443 3563 3563 3544 3544 3563 3563 3440 3440 3559 3559 3563 3563 3544 3544 3443 3443 3558 3558 3561 3561 3558 3558 3412 3412 3526 3526 3561 3561 3526 3526 3436 3436 3558 3558 3526 3526 3561 3561 3440 3440 3546 3546 3543 3543 3546 3546 3436 3436 3525 3525 3543 3543 3525 3525 3404 3404 3546 3546 3525 3525 3543 3543 3443 3443 3561 3561 3563 3563 3561 3561 3436 3436 3546 3546 3563 3563 3546 3546 3440 3440 3561 3561 3546 3546 3563 3563 3412 3412 3534 3534 3529 3529 3534 3534 3438 3438 3538 3538 3529 3529 3538 3538 3437 3437 3534 3534 3538 3538 3529 3529 3438 3438 3533 3533 3536 3536 3533 3533 3409 3409 3479 3479 3536 3536 3479 3479 3425 3425 3533 3533 3479 3479 3536 3536 3437 3437 3531 3531 3528 3528 3531 3531 3425 3425 3478 3478 3528 3528 3478 3478 3408 3408 3531 3531 3478 3478 3528 3528 3438 3438 3536 3536 3538 3538 3536 3536 3425 3425 3531 3531 3538 3538 3531 3531 3437 3437 3536 3536 3531 3531 3538 3538 3409 3409 3475 3475 3491 3491 3475 3475 3424 3424 3493 3493 3491 3491 3493 3493 3429 3429 3475 3475 3493 3493 3491 3491 3424 3424 3474 3474 3482 3482 3474 3474 3403 3403 3480 3480 3482 3482 3480 3480 3426 3426 3474 3474 3480 3480 3482 3482 3429 3429 3495 3495 3492 3492 3495 3495 3426 3426 3481 3481 3492 3492 3481 3481 3410 3410 3495 3495 3481 3481 3492 3492 3424 3424 3482 3482 3493 3493 3482 3482 3426 3426 3495 3495 3493 3493 3495 3495 3429 3429 3482 3482 3495 3495 3493 3493 3405 3405 3501 3501 3451 3451 3501 3501 3431 3431 3503 3503 3451 3451 3503 3503 3417 3417 3501 3501 3503 3503 3451 3451 3431 3431 3502 3502 3509 3509 3502 3502 3411 3411 3506 3506 3509 3509 3506 3506 3432 3432 3502 3502 3506 3506 3509 3509 3417 3417 3507 3507 3452 3452 3507 3507 3432 3432 3505 3505 3452 3452 3505 3505 3406 3406 3507 3507 3505 3505 3452 3452 3431 3431 3509 3509 3503 3503 3509 3509 3432 3432 3507 3507 3503 3503 3507 3507 3417 3417 3509 3509 3507 3507 3503 3503 3405 3405 3451 3451 3447 3447 3451 3451 3417 3417 3453 3453 3447 3447 3453 3453 3415 3415 3451 3451 3453 3453 3447 3447 3417 3417 3452 3452 3454 3454 3452 3452 3406 3406 3449 3449 3454 3454 3449 3449 3416 3416 3452 3452 3449 3449 3454 3454 3415 3415 3450 3450 3446 3446 3450 3450 3416 3416 3448 3448 3446 3446 3448 3448 3404 3404 3450 3450 3448 3448 3446 3446 3417 3417 3454 3454 3453 3453 3454 3454 3416 3416 3450 3450 3453 3453 3450 3450 3415 3415 3454 3454 3450 3450 3453 3453 3405 3405 3447 3447 3467 3467 3447 3447 3415 3415 3469 3469 3467 3467 3469 3469 3422 3422 3447 3447 3469 3469 3467 3467 3415 3415 3446 3446 3466 3466 3446 3446 3404 3404 3464 3464 3466 3466 3464 3464 3421 3421 3446 3446 3464 3464 3466 3466 3422 3422 3470 3470 3468 3468 3470 3470 3421 3421 3465 3465 3468 3468 3465 3465 3408 3408 3470 3470 3465 3465 3468 3468 3415 3415 3466 3466 3469 3469 3466 3466 3421 3421 3470 3470 3469 3469 3470 3470 3422 3422 3466 3466 3470 3470 3469 3469 3405 3405 3467 3467 3483 3483 3467 3467 3422 3422 3485 3485 3483 3483 3485 3485 3427 3427 3467 3467 3485 3485 3483 3483 3422 3422 3468 3468 3488 3488 3468 3468 3408 3408 3486 3486 3488 3488 3486 3486 3428 3428 3468 3468 3486 3486 3488 3488 3427 3427 3490 3490 3484 3484 3490 3490 3428 3428 3487 3487 3484 3484 3487 3487 3410 3410 3490 3490 3487 3487 3484 3484 3422 3422 3488 3488 3485 3485 3488 3488 3428 3428 3490 3490 3485 3485 3490 3490 3427 3427 3488 3488 3490 3490 3485 3485 3405 3405 3483 3483 3501 3501 3483 3483 3427 3427 3504 3504 3501 3501 3504 3504 3431 3431 3483 3483 3504 3504 3501 3501 3427 3427 3484 3484 3519 3519 3484 3484 3410 3410 3516 3516 3519 3519 3516 3516 3434 3434 3484 3484 3516 3516 3519 3519 3431 3431 3521 3521 3502 3502 3521 3521 3434 3434 3517 3517 3502 3502 3517 3517 3411 3411 3521 3521 3517 3517 3502 3502 3427 3427 3519 3519 3504 3504 3519 3519 3434 3434 3521 3521 3504 3504 3521 3521 3431 3431 3519 3519 3521 3521 3504 3504 3406 3406 3505 3505 3462 3462 3505 3505 3432 3432 3508 3508 3462 3462 3508 3508 3420 3420 3505 3505 3508 3508 3462 3462 3432 3432 3506 3506 3515 3515 3506 3506 3411 3411 3511 3511 3515 3515 3511 3511 3433 3433 3506 3506 3511 3511 3515 3515 3420 3420 3513 3513 3463 3463 3513 3513 3433 3433 3510 3510 3463 3463 3510 3510 3407 3407 3513 3513 3510 3510 3463 3463 3432 3432 3515 3515 3508 3508 3515 3515 3433 3433 3513 3513 3508 3508 3513 3513 3420 3420 3515 3515 3513 3513 3508 3508 3404 3404 3448 3448 3543 3543 3448 3448 3416 3416 3545 3545 3543 3543 3545 3545 3440 3440 3448 3448 3545 3545 3543 3543 3416 3416 3449 3449 3549 3549 3449 3449 3406 3406 3547 3547 3549 3549 3547 3547 3441 3441 3449 3449 3547 3547 3549 3549 3440 3440 3551 3551 3544 3544 3551 3551 3441 3441 3548 3548 3544 3544 3548 3548 3413 3413 3551 3551 3548 3548 3544 3544 3416 3416 3549 3549 3545 3545 3549 3549 3441 3441 3551 3551 3545 3545 3551 3551 3440 3440 3549 3549 3551 3551 3545 3545 3408 3408 3465 3465 3528 3528 3465 3465 3421 3421 3530 3530 3528 3528 3530 3530 3437 3437 3465 3465 3530 3530 3528 3528 3421 3421 3464 3464 3527 3527 3464 3464 3404 3404 3525 3525 3527 3527 3525 3525 3436 3436 3464 3464 3525 3525 3527 3527 3437 3437 3532 3532 3529 3529 3532 3532 3436 3436 3526 3526 3529 3529 3526 3526 3412 3412 3532 3532 3526 3526 3529 3529 3421 3421 3527 3527 3530 3530 3527 3527 3436 3436 3532 3532 3530 3530 3532 3532 3437 3437 3527 3527 3532 3532 3530 3530 3410 3410 3487 3487 3492 3492 3487 3487 3428 3428 3496 3496 3492 3492 3496 3496 3429 3429 3487 3487 3496 3496 3492 3492 3428 3428 3486 3486 3489 3489 3486 3486 3408 3408 3478 3478 3489 3489 3478 3478 3425 3425 3486 3486 3478 3478 3489 3489 3429 3429 3494 3494 3491 3491 3494 3494 3425 3425 3479 3479 3491 3491 3479 3479 3409 3409 3494 3494 3479 3479 3491 3491 3428 3428 3489 3489 3496 3496 3489 3489 3425 3425 3494 3494 3496 3496 3494 3494 3429 3429 3489 3489 3494 3494 3496 3496 3411 3411 3517 3517 3498 3498 3517 3517 3434 3434 3520 3520 3498 3498 3520 3520 3430 3430 3517 3517 3520 3520 3498 3498 3434 3434 3516 3516 3518 3518 3516 3516 3410 3410 3481 3481 3518 3518 3481 3481 3426 3426 3516 3516 3481 3481 3518 3518 3430 3430 3500 3500 3497 3497 3500 3500 3426 3426 3480 3480 3497 3497 3480 3480 3403 3403 3500 3500 3480 3480 3497 3497 3434 3434 3518 3518 3520 3520 3518 3518 3426 3426 3500 3500 3520 3520 3500 3500 3430 3430 3518 3518 3500 3500 3520 3520 3564 3564 3701 3701 3617 3617 3701 3701 3601 3601 3703 3703 3617 3617 3703 3703 3580 3580 3701 3701 3703 3703 3617 3617 3601 3601 3702 3702 3718 3718 3702 3702 3575 3575 3715 3715 3718 3718 3715 3715 3604 3604 3702 3702 3715 3715 3718 3718 3580 3580 3716 3716 3618 3618 3716 3716 3604 3604 3714 3714 3618 3618 3714 3714 3569 3569 3716 3716 3714 3714 3618 3618 3601 3601 3718 3718 3703 3703 3718 3718 3604 3604 3716 3716 3703 3703 3716 3716 3580 3580 3718 3718 3716 3716 3703 3703 3564 3564 3617 3617 3606 3606 3617 3617 3580 3580 3619 3619 3606 3606 3619 3619 3576 3576 3617 3617 3619 3619 3606 3606 3580 3580 3618 3618 3623 3623 3618 3618 3569 3569 3621 3621 3623 3623 3621 3621 3581 3581 3618 3618 3621 3621 3623 3623 3576 3576 3622 3622 3607 3607 3622 3622 3581 3581 3620 3620 3607 3607 3620 3620 3565 3565 3622 3622 3620 3620 3607 3607 3580 3580 3623 3623 3619 3619 3623 3623 3581 3581 3622 3622 3619 3619 3622 3622 3576 3576 3623 3623 3622 3622 3619 3619 3564 3564 3606 3606 3633 3633 3606 3606 3576 3576 3635 3635 3633 3633 3635 3635 3585 3585 3606 3606 3635 3635 3633 3633 3576 3576 3607 3607 3638 3638 3607 3607 3565 3565 3636 3636 3638 3638 3636 3636 3586 3586 3607 3607 3636 3636 3638 3638 3585 3585 3639 3639 3634 3634 3639 3639 3586 3586 3637 3637 3634 3634 3637 3637 3571 3571 3639 3639 3637 3637 3634 3634 3576 3576 3638 3638 3635 3635 3638 3638 3586 3586 3639 3639 3635 3635 3639 3639 3585 3585 3638 3638 3639 3639 3635 3635 3564 3564 3633 3633 3684 3684 3633 3633 3585 3585 3686 3686 3684 3684 3686 3686 3597 3597 3633 3633 3686 3686 3684 3684 3585 3585 3634 3634 3697 3697 3634 3634 3571 3571 3695 3695 3697 3697 3695 3695 3600 3600 3634 3634 3695 3695 3697 3697 3597 3597 3699 3699 3685 3685 3699 3699 3600 3600 3696 3696 3685 3685 3696 3696 3574 3574 3699 3699 3696 3696 3685 3685 3585 3585 3697 3697 3686 3686 3697 3697 3600 3600 3699 3699 3686 3686 3699 3699 3597 3597 3697 3697 3699 3699 3686 3686 3564 3564 3684 3684 3701 3701 3684 3684 3597 3597 3704 3704 3701 3701 3704 3704 3601 3601 3684 3684 3704 3704 3701 3701 3597 3597 3685 3685 3722 3722 3685 3685 3574 3574 3720 3720 3722 3722 3720 3720 3605 3605 3685 3685 3720 3720 3722 3722 3601 3601 3724 3724 3702 3702 3724 3724 3605 3605 3721 3721 3702 3702 3721 3721 3575 3575 3724 3724 3721 3721 3702 3702 3597 3597 3722 3722 3704 3704 3722 3722 3605 3605 3724 3724 3704 3704 3724 3724 3601 3601 3722 3722 3724 3724 3704 3704 3565 3565 3620 3620 3659 3659 3620 3620 3581 3581 3661 3661 3659 3659 3661 3661 3592 3592 3620 3620 3661 3661 3659 3659 3581 3581 3621 3621 3674 3674 3621 3621 3569 3569 3672 3672 3674 3674 3672 3672 3595 3595 3621 3621 3672 3672 3674 3674 3592 3592 3676 3676 3660 3660 3676 3676 3595 3595 3673 3673 3660 3660 3673 3673 3573 3573 3676 3676 3673 3673 3660 3660 3581 3581 3674 3674 3661 3661 3674 3674 3595 3595 3676 3676 3661 3661 3676 3676 3592 3592 3674 3674 3676 3676 3661 3661 3569 3569 3714 3714 3625 3625 3714 3714 3604 3604 3717 3717 3625 3625 3717 3717 3582 3582 3714 3714 3717 3717 3625 3625 3604 3604 3715 3715 3719 3719 3715 3715 3575 3575 3710 3710 3719 3719 3710 3710 3603 3603 3715 3715 3710 3710 3719 3719 3582 3582 3712 3712 3624 3624 3712 3712 3603 3603 3709 3709 3624 3624 3709 3709 3568 3568 3712 3712 3709 3709 3624 3624 3604 3604 3719 3719 3717 3717 3719 3719 3603 3603 3712 3712 3717 3717 3712 3712 3582 3582 3719 3719 3712 3712 3717 3717 3575 3575 3721 3721 3706 3706 3721 3721 3605 3605 3725 3725 3706 3706 3725 3725 3602 3602 3721 3721 3725 3725 3706 3706 3605 3605 3720 3720 3723 3723 3720 3720 3574 3574 3688 3688 3723 3723 3688 3688 3598 3598 3720 3720 3688 3688 3723 3723 3602 3602 3708 3708 3705 3705 3708 3708 3598 3598 3687 3687 3705 3705 3687 3687 3566 3566 3708 3708 3687 3687 3705 3705 3605 3605 3723 3723 3725 3725 3723 3723 3598 3598 3708 3708 3725 3725 3708 3708 3602 3602 3723 3723 3708 3708 3725 3725 3574 3574 3696 3696 3691 3691 3696 3696 3600 3600 3700 3700 3691 3691 3700 3700 3599 3599 3696 3696 3700 3700 3691 3691 3600 3600 3695 3695 3698 3698 3695 3695 3571 3571 3641 3641 3698 3698 3641 3641 3587 3587 3695 3695 3641 3641 3698 3698 3599 3599 3693 3693 3690 3690 3693 3693 3587 3587 3640 3640 3690 3690 3640 3640 3570 3570 3693 3693 3640 3640 3690 3690 3600 3600 3698 3698 3700 3700 3698 3698 3587 3587 3693 3693 3700 3700 3693 3693 3599 3599 3698 3698 3693 3693 3700 3700 3571 3571 3637 3637 3653 3653 3637 3637 3586 3586 3655 3655 3653 3653 3655 3655 3591 3591 3637 3637 3655 3655 3653 3653 3586 3586 3636 3636 3644 3644 3636 3636 3565 3565 3642 3642 3644 3644 3642 3642 3588 3588 3636 3636 3642 3642 3644 3644 3591 3591 3657 3657 3654 3654 3657 3657 3588 3588 3643 3643 3654 3654 3643 3643 3572 3572 3657 3657 3643 3643 3654 3654 3586 3586 3644 3644 3655 3655 3644 3644 3588 3588 3657 3657 3655 3655 3657 3657 3591 3591 3644 3644 3657 3657 3655 3655 3567 3567 3663 3663 3613 3613 3663 3663 3593 3593 3665 3665 3613 3613 3665 3665 3579 3579 3663 3663 3665 3665 3613 3613 3593 3593 3664 3664 3671 3671 3664 3664 3573 3573 3668 3668 3671 3671 3668 3668 3594 3594 3664 3664 3668 3668 3671 3671 3579 3579 3669 3669 3614 3614 3669 3669 3594 3594 3667 3667 3614 3614 3667 3667 3568 3568 3669 3669 3667 3667 3614 3614 3593 3593 3671 3671 3665 3665 3671 3671 3594 3594 3669 3669 3665 3665 3669 3669 3579 3579 3671 3671 3669 3669 3665 3665 3567 3567 3613 3613 3609 3609 3613 3613 3579 3579 3615 3615 3609 3609 3615 3615 3577 3577 3613 3613 3615 3615 3609 3609 3579 3579 3614 3614 3616 3616 3614 3614 3568 3568 3611 3611 3616 3616 3611 3611 3578 3578 3614 3614 3611 3611 3616 3616 3577 3577 3612 3612 3608 3608 3612 3612 3578 3578 3610 3610 3608 3608 3610 3610 3566 3566 3612 3612 3610 3610 3608 3608 3579 3579 3616 3616 3615 3615 3616 3616 3578 3578 3612 3612 3615 3615 3612 3612 3577 3577 3616 3616 3612 3612 3615 3615 3567 3567 3609 3609 3629 3629 3609 3609 3577 3577 3631 3631 3629 3629 3631 3631 3584 3584 3609 3609 3631 3631 3629 3629 3577 3577 3608 3608 3628 3628 3608 3608 3566 3566 3626 3626 3628 3628 3626 3626 3583 3583 3608 3608 3626 3626 3628 3628 3584 3584 3632 3632 3630 3630 3632 3632 3583 3583 3627 3627 3630 3630 3627 3627 3570 3570 3632 3632 3627 3627 3630 3630 3577 3577 3628 3628 3631 3631 3628 3628 3583 3583 3632 3632 3631 3631 3632 3632 3584 3584 3628 3628 3632 3632 3631 3631 3567 3567 3629 3629 3645 3645 3629 3629 3584 3584 3647 3647 3645 3645 3647 3647 3589 3589 3629 3629 3647 3647 3645 3645 3584 3584 3630 3630 3650 3650 3630 3630 3570 3570 3648 3648 3650 3650 3648 3648 3590 3590 3630 3630 3648 3648 3650 3650 3589 3589 3652 3652 3646 3646 3652 3652 3590 3590 3649 3649 3646 3646 3649 3649 3572 3572 3652 3652 3649 3649 3646 3646 3584 3584 3650 3650 3647 3647 3650 3650 3590 3590 3652 3652 3647 3647 3652 3652 3589 3589 3650 3650 3652 3652 3647 3647 3567 3567 3645 3645 3663 3663 3645 3645 3589 3589 3666 3666 3663 3663 3666 3666 3593 3593 3645 3645 3666 3666 3663 3663 3589 3589 3646 3646 3681 3681 3646 3646 3572 3572 3678 3678 3681 3681 3678 3678 3596 3596 3646 3646 3678 3678 3681 3681 3593 3593 3683 3683 3664 3664 3683 3683 3596 3596 3679 3679 3664 3664 3679 3679 3573 3573 3683 3683 3679 3679 3664 3664 3589 3589 3681 3681 3666 3666 3681 3681 3596 3596 3683 3683 3666 3666 3683 3683 3593 3593 3681 3681 3683 3683 3666 3666 3568 3568 3667 3667 3624 3624 3667 3667 3594 3594 3670 3670 3624 3624 3670 3670 3582 3582 3667 3667 3670 3670 3624 3624 3594 3594 3668 3668 3677 3677 3668 3668 3573 3573 3673 3673 3677 3677 3673 3673 3595 3595 3668 3668 3673 3673 3677 3677 3582 3582 3675 3675 3625 3625 3675 3675 3595 3595 3672 3672 3625 3625 3672 3672 3569 3569 3675 3675 3672 3672 3625 3625 3594 3594 3677 3677 3670 3670 3677 3677 3595 3595 3675 3675 3670 3670 3675 3675 3582 3582 3677 3677 3675 3675 3670 3670 3566 3566 3610 3610 3705 3705 3610 3610 3578 3578 3707 3707 3705 3705 3707 3707 3602 3602 3610 3610 3707 3707 3705 3705 3578 3578 3611 3611 3711 3711 3611 3611 3568 3568 3709 3709 3711 3711 3709 3709 3603 3603 3611 3611 3709 3709 3711 3711 3602 3602 3713 3713 3706 3706 3713 3713 3603 3603 3710 3710 3706 3706 3710 3710 3575 3575 3713 3713 3710 3710 3706 3706 3578 3578 3711 3711 3707 3707 3711 3711 3603 3603 3713 3713 3707 3707 3713 3713 3602 3602 3711 3711 3713 3713 3707 3707 3570 3570 3627 3627 3690 3690 3627 3627 3583 3583 3692 3692 3690 3690 3692 3692 3599 3599 3627 3627 3692 3692 3690 3690 3583 3583 3626 3626 3689 3689 3626 3626 3566 3566 3687 3687 3689 3689 3687 3687 3598 3598 3626 3626 3687 3687 3689 3689 3599 3599 3694 3694 3691 3691 3694 3694 3598 3598 3688 3688 3691 3691 3688 3688 3574 3574 3694 3694 3688 3688 3691 3691 3583 3583 3689 3689 3692 3692 3689 3689 3598 3598 3694 3694 3692 3692 3694 3694 3599 3599 3689 3689 3694 3694 3692 3692 3572 3572 3649 3649 3654 3654 3649 3649 3590 3590 3658 3658 3654 3654 3658 3658 3591 3591 3649 3649 3658 3658 3654 3654 3590 3590 3648 3648 3651 3651 3648 3648 3570 3570 3640 3640 3651 3651 3640 3640 3587 3587 3648 3648 3640 3640 3651 3651 3591 3591 3656 3656 3653 3653 3656 3656 3587 3587 3641 3641 3653 3653 3641 3641 3571 3571 3656 3656 3641 3641 3653 3653 3590 3590 3651 3651 3658 3658 3651 3651 3587 3587 3656 3656 3658 3658 3656 3656 3591 3591 3651 3651 3656 3656 3658 3658 3573 3573 3679 3679 3660 3660 3679 3679 3596 3596 3682 3682 3660 3660 3682 3682 3592 3592 3679 3679 3682 3682 3660 3660 3596 3596 3678 3678 3680 3680 3678 3678 3572 3572 3643 3643 3680 3680 3643 3643 3588 3588 3678 3678 3643 3643 3680 3680 3592 3592 3662 3662 3659 3659 3662 3662 3588 3588 3642 3642 3659 3659 3642 3642 3565 3565 3662 3662 3642 3642 3659 3659 3596 3596 3680 3680 3682 3682 3680 3680 3588 3588 3662 3662 3682 3682 3662 3662 3592 3592 3680 3680 3662 3662 3682 3682 3726 3726 3863 3863 3779 3779 3863 3863 3763 3763 3865 3865 3779 3779 3865 3865 3742 3742 3863 3863 3865 3865 3779 3779 3763 3763 3864 3864 3880 3880 3864 3864 3737 3737 3877 3877 3880 3880 3877 3877 3766 3766 3864 3864 3877 3877 3880 3880 3742 3742 3878 3878 3780 3780 3878 3878 3766 3766 3876 3876 3780 3780 3876 3876 3731 3731 3878 3878 3876 3876 3780 3780 3763 3763 3880 3880 3865 3865 3880 3880 3766 3766 3878 3878 3865 3865 3878 3878 3742 3742 3880 3880 3878 3878 3865 3865 3726 3726 3779 3779 3768 3768 3779 3779 3742 3742 3781 3781 3768 3768 3781 3781 3738 3738 3779 3779 3781 3781 3768 3768 3742 3742 3780 3780 3785 3785 3780 3780 3731 3731 3783 3783 3785 3785 3783 3783 3743 3743 3780 3780 3783 3783 3785 3785 3738 3738 3784 3784 3769 3769 3784 3784 3743 3743 3782 3782 3769 3769 3782 3782 3727 3727 3784 3784 3782 3782 3769 3769 3742 3742 3785 3785 3781 3781 3785 3785 3743 3743 3784 3784 3781 3781 3784 3784 3738 3738 3785 3785 3784 3784 3781 3781 3726 3726 3768 3768 3795 3795 3768 3768 3738 3738 3797 3797 3795 3795 3797 3797 3747 3747 3768 3768 3797 3797 3795 3795 3738 3738 3769 3769 3800 3800 3769 3769 3727 3727 3798 3798 3800 3800 3798 3798 3748 3748 3769 3769 3798 3798 3800 3800 3747 3747 3801 3801 3796 3796 3801 3801 3748 3748 3799 3799 3796 3796 3799 3799 3733 3733 3801 3801 3799 3799 3796 3796 3738 3738 3800 3800 3797 3797 3800 3800 3748 3748 3801 3801 3797 3797 3801 3801 3747 3747 3800 3800 3801 3801 3797 3797 3726 3726 3795 3795 3846 3846 3795 3795 3747 3747 3848 3848 3846 3846 3848 3848 3759 3759 3795 3795 3848 3848 3846 3846 3747 3747 3796 3796 3859 3859 3796 3796 3733 3733 3857 3857 3859 3859 3857 3857 3762 3762 3796 3796 3857 3857 3859 3859 3759 3759 3861 3861 3847 3847 3861 3861 3762 3762 3858 3858 3847 3847 3858 3858 3736 3736 3861 3861 3858 3858 3847 3847 3747 3747 3859 3859 3848 3848 3859 3859 3762 3762 3861 3861 3848 3848 3861 3861 3759 3759 3859 3859 3861 3861 3848 3848 3726 3726 3846 3846 3863 3863 3846 3846 3759 3759 3866 3866 3863 3863 3866 3866 3763 3763 3846 3846 3866 3866 3863 3863 3759 3759 3847 3847 3884 3884 3847 3847 3736 3736 3882 3882 3884 3884 3882 3882 3767 3767 3847 3847 3882 3882 3884 3884 3763 3763 3886 3886 3864 3864 3886 3886 3767 3767 3883 3883 3864 3864 3883 3883 3737 3737 3886 3886 3883 3883 3864 3864 3759 3759 3884 3884 3866 3866 3884 3884 3767 3767 3886 3886 3866 3866 3886 3886 3763 3763 3884 3884 3886 3886 3866 3866 3727 3727 3782 3782 3821 3821 3782 3782 3743 3743 3823 3823 3821 3821 3823 3823 3754 3754 3782 3782 3823 3823 3821 3821 3743 3743 3783 3783 3836 3836 3783 3783 3731 3731 3834 3834 3836 3836 3834 3834 3757 3757 3783 3783 3834 3834 3836 3836 3754 3754 3838 3838 3822 3822 3838 3838 3757 3757 3835 3835 3822 3822 3835 3835 3735 3735 3838 3838 3835 3835 3822 3822 3743 3743 3836 3836 3823 3823 3836 3836 3757 3757 3838 3838 3823 3823 3838 3838 3754 3754 3836 3836 3838 3838 3823 3823 3731 3731 3876 3876 3787 3787 3876 3876 3766 3766 3879 3879 3787 3787 3879 3879 3744 3744 3876 3876 3879 3879 3787 3787 3766 3766 3877 3877 3881 3881 3877 3877 3737 3737 3872 3872 3881 3881 3872 3872 3765 3765 3877 3877 3872 3872 3881 3881 3744 3744 3874 3874 3786 3786 3874 3874 3765 3765 3871 3871 3786 3786 3871 3871 3730 3730 3874 3874 3871 3871 3786 3786 3766 3766 3881 3881 3879 3879 3881 3881 3765 3765 3874 3874 3879 3879 3874 3874 3744 3744 3881 3881 3874 3874 3879 3879 3737 3737 3883 3883 3868 3868 3883 3883 3767 3767 3887 3887 3868 3868 3887 3887 3764 3764 3883 3883 3887 3887 3868 3868 3767 3767 3882 3882 3885 3885 3882 3882 3736 3736 3850 3850 3885 3885 3850 3850 3760 3760 3882 3882 3850 3850 3885 3885 3764 3764 3870 3870 3867 3867 3870 3870 3760 3760 3849 3849 3867 3867 3849 3849 3728 3728 3870 3870 3849 3849 3867 3867 3767 3767 3885 3885 3887 3887 3885 3885 3760 3760 3870 3870 3887 3887 3870 3870 3764 3764 3885 3885 3870 3870 3887 3887 3736 3736 3858 3858 3853 3853 3858 3858 3762 3762 3862 3862 3853 3853 3862 3862 3761 3761 3858 3858 3862 3862 3853 3853 3762 3762 3857 3857 3860 3860 3857 3857 3733 3733 3803 3803 3860 3860 3803 3803 3749 3749 3857 3857 3803 3803 3860 3860 3761 3761 3855 3855 3852 3852 3855 3855 3749 3749 3802 3802 3852 3852 3802 3802 3732 3732 3855 3855 3802 3802 3852 3852 3762 3762 3860 3860 3862 3862 3860 3860 3749 3749 3855 3855 3862 3862 3855 3855 3761 3761 3860 3860 3855 3855 3862 3862 3733 3733 3799 3799 3815 3815 3799 3799 3748 3748 3817 3817 3815 3815 3817 3817 3753 3753 3799 3799 3817 3817 3815 3815 3748 3748 3798 3798 3806 3806 3798 3798 3727 3727 3804 3804 3806 3806 3804 3804 3750 3750 3798 3798 3804 3804 3806 3806 3753 3753 3819 3819 3816 3816 3819 3819 3750 3750 3805 3805 3816 3816 3805 3805 3734 3734 3819 3819 3805 3805 3816 3816 3748 3748 3806 3806 3817 3817 3806 3806 3750 3750 3819 3819 3817 3817 3819 3819 3753 3753 3806 3806 3819 3819 3817 3817 3729 3729 3825 3825 3775 3775 3825 3825 3755 3755 3827 3827 3775 3775 3827 3827 3741 3741 3825 3825 3827 3827 3775 3775 3755 3755 3826 3826 3833 3833 3826 3826 3735 3735 3830 3830 3833 3833 3830 3830 3756 3756 3826 3826 3830 3830 3833 3833 3741 3741 3831 3831 3776 3776 3831 3831 3756 3756 3829 3829 3776 3776 3829 3829 3730 3730 3831 3831 3829 3829 3776 3776 3755 3755 3833 3833 3827 3827 3833 3833 3756 3756 3831 3831 3827 3827 3831 3831 3741 3741 3833 3833 3831 3831 3827 3827 3729 3729 3775 3775 3771 3771 3775 3775 3741 3741 3777 3777 3771 3771 3777 3777 3739 3739 3775 3775 3777 3777 3771 3771 3741 3741 3776 3776 3778 3778 3776 3776 3730 3730 3773 3773 3778 3778 3773 3773 3740 3740 3776 3776 3773 3773 3778 3778 3739 3739 3774 3774 3770 3770 3774 3774 3740 3740 3772 3772 3770 3770 3772 3772 3728 3728 3774 3774 3772 3772 3770 3770 3741 3741 3778 3778 3777 3777 3778 3778 3740 3740 3774 3774 3777 3777 3774 3774 3739 3739 3778 3778 3774 3774 3777 3777 3729 3729 3771 3771 3791 3791 3771 3771 3739 3739 3793 3793 3791 3791 3793 3793 3746 3746 3771 3771 3793 3793 3791 3791 3739 3739 3770 3770 3790 3790 3770 3770 3728 3728 3788 3788 3790 3790 3788 3788 3745 3745 3770 3770 3788 3788 3790 3790 3746 3746 3794 3794 3792 3792 3794 3794 3745 3745 3789 3789 3792 3792 3789 3789 3732 3732 3794 3794 3789 3789 3792 3792 3739 3739 3790 3790 3793 3793 3790 3790 3745 3745 3794 3794 3793 3793 3794 3794 3746 3746 3790 3790 3794 3794 3793 3793 3729 3729 3791 3791 3807 3807 3791 3791 3746 3746 3809 3809 3807 3807 3809 3809 3751 3751 3791 3791 3809 3809 3807 3807 3746 3746 3792 3792 3812 3812 3792 3792 3732 3732 3810 3810 3812 3812 3810 3810 3752 3752 3792 3792 3810 3810 3812 3812 3751 3751 3814 3814 3808 3808 3814 3814 3752 3752 3811 3811 3808 3808 3811 3811 3734 3734 3814 3814 3811 3811 3808 3808 3746 3746 3812 3812 3809 3809 3812 3812 3752 3752 3814 3814 3809 3809 3814 3814 3751 3751 3812 3812 3814 3814 3809 3809 3729 3729 3807 3807 3825 3825 3807 3807 3751 3751 3828 3828 3825 3825 3828 3828 3755 3755 3807 3807 3828 3828 3825 3825 3751 3751 3808 3808 3843 3843 3808 3808 3734 3734 3840 3840 3843 3843 3840 3840 3758 3758 3808 3808 3840 3840 3843 3843 3755 3755 3845 3845 3826 3826 3845 3845 3758 3758 3841 3841 3826 3826 3841 3841 3735 3735 3845 3845 3841 3841 3826 3826 3751 3751 3843 3843 3828 3828 3843 3843 3758 3758 3845 3845 3828 3828 3845 3845 3755 3755 3843 3843 3845 3845 3828 3828 3730 3730 3829 3829 3786 3786 3829 3829 3756 3756 3832 3832 3786 3786 3832 3832 3744 3744 3829 3829 3832 3832 3786 3786 3756 3756 3830 3830 3839 3839 3830 3830 3735 3735 3835 3835 3839 3839 3835 3835 3757 3757 3830 3830 3835 3835 3839 3839 3744 3744 3837 3837 3787 3787 3837 3837 3757 3757 3834 3834 3787 3787 3834 3834 3731 3731 3837 3837 3834 3834 3787 3787 3756 3756 3839 3839 3832 3832 3839 3839 3757 3757 3837 3837 3832 3832 3837 3837 3744 3744 3839 3839 3837 3837 3832 3832 3728 3728 3772 3772 3867 3867 3772 3772 3740 3740 3869 3869 3867 3867 3869 3869 3764 3764 3772 3772 3869 3869 3867 3867 3740 3740 3773 3773 3873 3873 3773 3773 3730 3730 3871 3871 3873 3873 3871 3871 3765 3765 3773 3773 3871 3871 3873 3873 3764 3764 3875 3875 3868 3868 3875 3875 3765 3765 3872 3872 3868 3868 3872 3872 3737 3737 3875 3875 3872 3872 3868 3868 3740 3740 3873 3873 3869 3869 3873 3873 3765 3765 3875 3875 3869 3869 3875 3875 3764 3764 3873 3873 3875 3875 3869 3869 3732 3732 3789 3789 3852 3852 3789 3789 3745 3745 3854 3854 3852 3852 3854 3854 3761 3761 3789 3789 3854 3854 3852 3852 3745 3745 3788 3788 3851 3851 3788 3788 3728 3728 3849 3849 3851 3851 3849 3849 3760 3760 3788 3788 3849 3849 3851 3851 3761 3761 3856 3856 3853 3853 3856 3856 3760 3760 3850 3850 3853 3853 3850 3850 3736 3736 3856 3856 3850 3850 3853 3853 3745 3745 3851 3851 3854 3854 3851 3851 3760 3760 3856 3856 3854 3854 3856 3856 3761 3761 3851 3851 3856 3856 3854 3854 3734 3734 3811 3811 3816 3816 3811 3811 3752 3752 3820 3820 3816 3816 3820 3820 3753 3753 3811 3811 3820 3820 3816 3816 3752 3752 3810 3810 3813 3813 3810 3810 3732 3732 3802 3802 3813 3813 3802 3802 3749 3749 3810 3810 3802 3802 3813 3813 3753 3753 3818 3818 3815 3815 3818 3818 3749 3749 3803 3803 3815 3815 3803 3803 3733 3733 3818 3818 3803 3803 3815 3815 3752 3752 3813 3813 3820 3820 3813 3813 3749 3749 3818 3818 3820 3820 3818 3818 3753 3753 3813 3813 3818 3818 3820 3820 3735 3735 3841 3841 3822 3822 3841 3841 3758 3758 3844 3844 3822 3822 3844 3844 3754 3754 3841 3841 3844 3844 3822 3822 3758 3758 3840 3840 3842 3842 3840 3840 3734 3734 3805 3805 3842 3842 3805 3805 3750 3750 3840 3840 3805 3805 3842 3842 3754 3754 3824 3824 3821 3821 3824 3824 3750 3750 3804 3804 3821 3821 3804 3804 3727 3727 3824 3824 3804 3804 3821 3821 3758 3758 3842 3842 3844 3844 3842 3842 3750 3750 3824 3824 3844 3844 3824 3824 3754 3754 3842 3842 3824 3824 3844 3844 3888 3888 4025 4025 3941 3941 4025 4025 3925 3925 4027 4027 3941 3941 4027 4027 3904 3904 4025 4025 4027 4027 3941 3941 3925 3925 4026 4026 4042 4042 4026 4026 3899 3899 4039 4039 4042 4042 4039 4039 3928 3928 4026 4026 4039 4039 4042 4042 3904 3904 4040 4040 3942 3942 4040 4040 3928 3928 4038 4038 3942 3942 4038 4038 3893 3893 4040 4040 4038 4038 3942 3942 3925 3925 4042 4042 4027 4027 4042 4042 3928 3928 4040 4040 4027 4027 4040 4040 3904 3904 4042 4042 4040 4040 4027 4027 3888 3888 3941 3941 3930 3930 3941 3941 3904 3904 3943 3943 3930 3930 3943 3943 3900 3900 3941 3941 3943 3943 3930 3930 3904 3904 3942 3942 3947 3947 3942 3942 3893 3893 3945 3945 3947 3947 3945 3945 3905 3905 3942 3942 3945 3945 3947 3947 3900 3900 3946 3946 3931 3931 3946 3946 3905 3905 3944 3944 3931 3931 3944 3944 3889 3889 3946 3946 3944 3944 3931 3931 3904 3904 3947 3947 3943 3943 3947 3947 3905 3905 3946 3946 3943 3943 3946 3946 3900 3900 3947 3947 3946 3946 3943 3943 3888 3888 3930 3930 3957 3957 3930 3930 3900 3900 3959 3959 3957 3957 3959 3959 3909 3909 3930 3930 3959 3959 3957 3957 3900 3900 3931 3931 3962 3962 3931 3931 3889 3889 3960 3960 3962 3962 3960 3960 3910 3910 3931 3931 3960 3960 3962 3962 3909 3909 3963 3963 3958 3958 3963 3963 3910 3910 3961 3961 3958 3958 3961 3961 3895 3895 3963 3963 3961 3961 3958 3958 3900 3900 3962 3962 3959 3959 3962 3962 3910 3910 3963 3963 3959 3959 3963 3963 3909 3909 3962 3962 3963 3963 3959 3959 3888 3888 3957 3957 4008 4008 3957 3957 3909 3909 4010 4010 4008 4008 4010 4010 3921 3921 3957 3957 4010 4010 4008 4008 3909 3909 3958 3958 4021 4021 3958 3958 3895 3895 4019 4019 4021 4021 4019 4019 3924 3924 3958 3958 4019 4019 4021 4021 3921 3921 4023 4023 4009 4009 4023 4023 3924 3924 4020 4020 4009 4009 4020 4020 3898 3898 4023 4023 4020 4020 4009 4009 3909 3909 4021 4021 4010 4010 4021 4021 3924 3924 4023 4023 4010 4010 4023 4023 3921 3921 4021 4021 4023 4023 4010 4010 3888 3888 4008 4008 4025 4025 4008 4008 3921 3921 4028 4028 4025 4025 4028 4028 3925 3925 4008 4008 4028 4028 4025 4025 3921 3921 4009 4009 4046 4046 4009 4009 3898 3898 4044 4044 4046 4046 4044 4044 3929 3929 4009 4009 4044 4044 4046 4046 3925 3925 4048 4048 4026 4026 4048 4048 3929 3929 4045 4045 4026 4026 4045 4045 3899 3899 4048 4048 4045 4045 4026 4026 3921 3921 4046 4046 4028 4028 4046 4046 3929 3929 4048 4048 4028 4028 4048 4048 3925 3925 4046 4046 4048 4048 4028 4028 3889 3889 3944 3944 3983 3983 3944 3944 3905 3905 3985 3985 3983 3983 3985 3985 3916 3916 3944 3944 3985 3985 3983 3983 3905 3905 3945 3945 3998 3998 3945 3945 3893 3893 3996 3996 3998 3998 3996 3996 3919 3919 3945 3945 3996 3996 3998 3998 3916 3916 4000 4000 3984 3984 4000 4000 3919 3919 3997 3997 3984 3984 3997 3997 3897 3897 4000 4000 3997 3997 3984 3984 3905 3905 3998 3998 3985 3985 3998 3998 3919 3919 4000 4000 3985 3985 4000 4000 3916 3916 3998 3998 4000 4000 3985 3985 3893 3893 4038 4038 3949 3949 4038 4038 3928 3928 4041 4041 3949 3949 4041 4041 3906 3906 4038 4038 4041 4041 3949 3949 3928 3928 4039 4039 4043 4043 4039 4039 3899 3899 4034 4034 4043 4043 4034 4034 3927 3927 4039 4039 4034 4034 4043 4043 3906 3906 4036 4036 3948 3948 4036 4036 3927 3927 4033 4033 3948 3948 4033 4033 3892 3892 4036 4036 4033 4033 3948 3948 3928 3928 4043 4043 4041 4041 4043 4043 3927 3927 4036 4036 4041 4041 4036 4036 3906 3906 4043 4043 4036 4036 4041 4041 3899 3899 4045 4045 4030 4030 4045 4045 3929 3929 4049 4049 4030 4030 4049 4049 3926 3926 4045 4045 4049 4049 4030 4030 3929 3929 4044 4044 4047 4047 4044 4044 3898 3898 4012 4012 4047 4047 4012 4012 3922 3922 4044 4044 4012 4012 4047 4047 3926 3926 4032 4032 4029 4029 4032 4032 3922 3922 4011 4011 4029 4029 4011 4011 3890 3890 4032 4032 4011 4011 4029 4029 3929 3929 4047 4047 4049 4049 4047 4047 3922 3922 4032 4032 4049 4049 4032 4032 3926 3926 4047 4047 4032 4032 4049 4049 3898 3898 4020 4020 4015 4015 4020 4020 3924 3924 4024 4024 4015 4015 4024 4024 3923 3923 4020 4020 4024 4024 4015 4015 3924 3924 4019 4019 4022 4022 4019 4019 3895 3895 3965 3965 4022 4022 3965 3965 3911 3911 4019 4019 3965 3965 4022 4022 3923 3923 4017 4017 4014 4014 4017 4017 3911 3911 3964 3964 4014 4014 3964 3964 3894 3894 4017 4017 3964 3964 4014 4014 3924 3924 4022 4022 4024 4024 4022 4022 3911 3911 4017 4017 4024 4024 4017 4017 3923 3923 4022 4022 4017 4017 4024 4024 3895 3895 3961 3961 3977 3977 3961 3961 3910 3910 3979 3979 3977 3977 3979 3979 3915 3915 3961 3961 3979 3979 3977 3977 3910 3910 3960 3960 3968 3968 3960 3960 3889 3889 3966 3966 3968 3968 3966 3966 3912 3912 3960 3960 3966 3966 3968 3968 3915 3915 3981 3981 3978 3978 3981 3981 3912 3912 3967 3967 3978 3978 3967 3967 3896 3896 3981 3981 3967 3967 3978 3978 3910 3910 3968 3968 3979 3979 3968 3968 3912 3912 3981 3981 3979 3979 3981 3981 3915 3915 3968 3968 3981 3981 3979 3979 3891 3891 3987 3987 3937 3937 3987 3987 3917 3917 3989 3989 3937 3937 3989 3989 3903 3903 3987 3987 3989 3989 3937 3937 3917 3917 3988 3988 3995 3995 3988 3988 3897 3897 3992 3992 3995 3995 3992 3992 3918 3918 3988 3988 3992 3992 3995 3995 3903 3903 3993 3993 3938 3938 3993 3993 3918 3918 3991 3991 3938 3938 3991 3991 3892 3892 3993 3993 3991 3991 3938 3938 3917 3917 3995 3995 3989 3989 3995 3995 3918 3918 3993 3993 3989 3989 3993 3993 3903 3903 3995 3995 3993 3993 3989 3989 3891 3891 3937 3937 3933 3933 3937 3937 3903 3903 3939 3939 3933 3933 3939 3939 3901 3901 3937 3937 3939 3939 3933 3933 3903 3903 3938 3938 3940 3940 3938 3938 3892 3892 3935 3935 3940 3940 3935 3935 3902 3902 3938 3938 3935 3935 3940 3940 3901 3901 3936 3936 3932 3932 3936 3936 3902 3902 3934 3934 3932 3932 3934 3934 3890 3890 3936 3936 3934 3934 3932 3932 3903 3903 3940 3940 3939 3939 3940 3940 3902 3902 3936 3936 3939 3939 3936 3936 3901 3901 3940 3940 3936 3936 3939 3939 3891 3891 3933 3933 3953 3953 3933 3933 3901 3901 3955 3955 3953 3953 3955 3955 3908 3908 3933 3933 3955 3955 3953 3953 3901 3901 3932 3932 3952 3952 3932 3932 3890 3890 3950 3950 3952 3952 3950 3950 3907 3907 3932 3932 3950 3950 3952 3952 3908 3908 3956 3956 3954 3954 3956 3956 3907 3907 3951 3951 3954 3954 3951 3951 3894 3894 3956 3956 3951 3951 3954 3954 3901 3901 3952 3952 3955 3955 3952 3952 3907 3907 3956 3956 3955 3955 3956 3956 3908 3908 3952 3952 3956 3956 3955 3955 3891 3891 3953 3953 3969 3969 3953 3953 3908 3908 3971 3971 3969 3969 3971 3971 3913 3913 3953 3953 3971 3971 3969 3969 3908 3908 3954 3954 3974 3974 3954 3954 3894 3894 3972 3972 3974 3974 3972 3972 3914 3914 3954 3954 3972 3972 3974 3974 3913 3913 3976 3976 3970 3970 3976 3976 3914 3914 3973 3973 3970 3970 3973 3973 3896 3896 3976 3976 3973 3973 3970 3970 3908 3908 3974 3974 3971 3971 3974 3974 3914 3914 3976 3976 3971 3971 3976 3976 3913 3913 3974 3974 3976 3976 3971 3971 3891 3891 3969 3969 3987 3987 3969 3969 3913 3913 3990 3990 3987 3987 3990 3990 3917 3917 3969 3969 3990 3990 3987 3987 3913 3913 3970 3970 4005 4005 3970 3970 3896 3896 4002 4002 4005 4005 4002 4002 3920 3920 3970 3970 4002 4002 4005 4005 3917 3917 4007 4007 3988 3988 4007 4007 3920 3920 4003 4003 3988 3988 4003 4003 3897 3897 4007 4007 4003 4003 3988 3988 3913 3913 4005 4005 3990 3990 4005 4005 3920 3920 4007 4007 3990 3990 4007 4007 3917 3917 4005 4005 4007 4007 3990 3990 3892 3892 3991 3991 3948 3948 3991 3991 3918 3918 3994 3994 3948 3948 3994 3994 3906 3906 3991 3991 3994 3994 3948 3948 3918 3918 3992 3992 4001 4001 3992 3992 3897 3897 3997 3997 4001 4001 3997 3997 3919 3919 3992 3992 3997 3997 4001 4001 3906 3906 3999 3999 3949 3949 3999 3999 3919 3919 3996 3996 3949 3949 3996 3996 3893 3893 3999 3999 3996 3996 3949 3949 3918 3918 4001 4001 3994 3994 4001 4001 3919 3919 3999 3999 3994 3994 3999 3999 3906 3906 4001 4001 3999 3999 3994 3994 3890 3890 3934 3934 4029 4029 3934 3934 3902 3902 4031 4031 4029 4029 4031 4031 3926 3926 3934 3934 4031 4031 4029 4029 3902 3902 3935 3935 4035 4035 3935 3935 3892 3892 4033 4033 4035 4035 4033 4033 3927 3927 3935 3935 4033 4033 4035 4035 3926 3926 4037 4037 4030 4030 4037 4037 3927 3927 4034 4034 4030 4030 4034 4034 3899 3899 4037 4037 4034 4034 4030 4030 3902 3902 4035 4035 4031 4031 4035 4035 3927 3927 4037 4037 4031 4031 4037 4037 3926 3926 4035 4035 4037 4037 4031 4031 3894 3894 3951 3951 4014 4014 3951 3951 3907 3907 4016 4016 4014 4014 4016 4016 3923 3923 3951 3951 4016 4016 4014 4014 3907 3907 3950 3950 4013 4013 3950 3950 3890 3890 4011 4011 4013 4013 4011 4011 3922 3922 3950 3950 4011 4011 4013 4013 3923 3923 4018 4018 4015 4015 4018 4018 3922 3922 4012 4012 4015 4015 4012 4012 3898 3898 4018 4018 4012 4012 4015 4015 3907 3907 4013 4013 4016 4016 4013 4013 3922 3922 4018 4018 4016 4016 4018 4018 3923 3923 4013 4013 4018 4018 4016 4016 3896 3896 3973 3973 3978 3978 3973 3973 3914 3914 3982 3982 3978 3978 3982 3982 3915 3915 3973 3973 3982 3982 3978 3978 3914 3914 3972 3972 3975 3975 3972 3972 3894 3894 3964 3964 3975 3975 3964 3964 3911 3911 3972 3972 3964 3964 3975 3975 3915 3915 3980 3980 3977 3977 3980 3980 3911 3911 3965 3965 3977 3977 3965 3965 3895 3895 3980 3980 3965 3965 3977 3977 3914 3914 3975 3975 3982 3982 3975 3975 3911 3911 3980 3980 3982 3982 3980 3980 3915 3915 3975 3975 3980 3980 3982 3982 3897 3897 4003 4003 3984 3984 4003 4003 3920 3920 4006 4006 3984 3984 4006 4006 3916 3916 4003 4003 4006 4006 3984 3984 3920 3920 4002 4002 4004 4004 4002 4002 3896 3896 3967 3967 4004 4004 3967 3967 3912 3912 4002 4002 3967 3967 4004 4004 3916 3916 3986 3986 3983 3983 3986 3986 3912 3912 3966 3966 3983 3983 3966 3966 3889 3889 3986 3986 3966 3966 3983 3983 3920 3920 4004 4004 4006 4006 4004 4004 3912 3912 3986 3986 4006 4006 3986 3986 3916 3916 4004 4004 3986 3986 4006 4006 4050 4050 4187 4187 4103 4103 4187 4187 4087 4087 4189 4189 4103 4103 4189 4189 4066 4066 4187 4187 4189 4189 4103 4103 4087 4087 4188 4188 4204 4204 4188 4188 4061 4061 4201 4201 4204 4204 4201 4201 4090 4090 4188 4188 4201 4201 4204 4204 4066 4066 4202 4202 4104 4104 4202 4202 4090 4090 4200 4200 4104 4104 4200 4200 4055 4055 4202 4202 4200 4200 4104 4104 4087 4087 4204 4204 4189 4189 4204 4204 4090 4090 4202 4202 4189 4189 4202 4202 4066 4066 4204 4204 4202 4202 4189 4189 4050 4050 4103 4103 4092 4092 4103 4103 4066 4066 4105 4105 4092 4092 4105 4105 4062 4062 4103 4103 4105 4105 4092 4092 4066 4066 4104 4104 4109 4109 4104 4104 4055 4055 4107 4107 4109 4109 4107 4107 4067 4067 4104 4104 4107 4107 4109 4109 4062 4062 4108 4108 4093 4093 4108 4108 4067 4067 4106 4106 4093 4093 4106 4106 4051 4051 4108 4108 4106 4106 4093 4093 4066 4066 4109 4109 4105 4105 4109 4109 4067 4067 4108 4108 4105 4105 4108 4108 4062 4062 4109 4109 4108 4108 4105 4105 4050 4050 4092 4092 4119 4119 4092 4092 4062 4062 4121 4121 4119 4119 4121 4121 4071 4071 4092 4092 4121 4121 4119 4119 4062 4062 4093 4093 4124 4124 4093 4093 4051 4051 4122 4122 4124 4124 4122 4122 4072 4072 4093 4093 4122 4122 4124 4124 4071 4071 4125 4125 4120 4120 4125 4125 4072 4072 4123 4123 4120 4120 4123 4123 4057 4057 4125 4125 4123 4123 4120 4120 4062 4062 4124 4124 4121 4121 4124 4124 4072 4072 4125 4125 4121 4121 4125 4125 4071 4071 4124 4124 4125 4125 4121 4121 4050 4050 4119 4119 4170 4170 4119 4119 4071 4071 4172 4172 4170 4170 4172 4172 4083 4083 4119 4119 4172 4172 4170 4170 4071 4071 4120 4120 4183 4183 4120 4120 4057 4057 4181 4181 4183 4183 4181 4181 4086 4086 4120 4120 4181 4181 4183 4183 4083 4083 4185 4185 4171 4171 4185 4185 4086 4086 4182 4182 4171 4171 4182 4182 4060 4060 4185 4185 4182 4182 4171 4171 4071 4071 4183 4183 4172 4172 4183 4183 4086 4086 4185 4185 4172 4172 4185 4185 4083 4083 4183 4183 4185 4185 4172 4172 4050 4050 4170 4170 4187 4187 4170 4170 4083 4083 4190 4190 4187 4187 4190 4190 4087 4087 4170 4170 4190 4190 4187 4187 4083 4083 4171 4171 4208 4208 4171 4171 4060 4060 4206 4206 4208 4208 4206 4206 4091 4091 4171 4171 4206 4206 4208 4208 4087 4087 4210 4210 4188 4188 4210 4210 4091 4091 4207 4207 4188 4188 4207 4207 4061 4061 4210 4210 4207 4207 4188 4188 4083 4083 4208 4208 4190 4190 4208 4208 4091 4091 4210 4210 4190 4190 4210 4210 4087 4087 4208 4208 4210 4210 4190 4190 4051 4051 4106 4106 4145 4145 4106 4106 4067 4067 4147 4147 4145 4145 4147 4147 4078 4078 4106 4106 4147 4147 4145 4145 4067 4067 4107 4107 4160 4160 4107 4107 4055 4055 4158 4158 4160 4160 4158 4158 4081 4081 4107 4107 4158 4158 4160 4160 4078 4078 4162 4162 4146 4146 4162 4162 4081 4081 4159 4159 4146 4146 4159 4159 4059 4059 4162 4162 4159 4159 4146 4146 4067 4067 4160 4160 4147 4147 4160 4160 4081 4081 4162 4162 4147 4147 4162 4162 4078 4078 4160 4160 4162 4162 4147 4147 4055 4055 4200 4200 4111 4111 4200 4200 4090 4090 4203 4203 4111 4111 4203 4203 4068 4068 4200 4200 4203 4203 4111 4111 4090 4090 4201 4201 4205 4205 4201 4201 4061 4061 4196 4196 4205 4205 4196 4196 4089 4089 4201 4201 4196 4196 4205 4205 4068 4068 4198 4198 4110 4110 4198 4198 4089 4089 4195 4195 4110 4110 4195 4195 4054 4054 4198 4198 4195 4195 4110 4110 4090 4090 4205 4205 4203 4203 4205 4205 4089 4089 4198 4198 4203 4203 4198 4198 4068 4068 4205 4205 4198 4198 4203 4203 4061 4061 4207 4207 4192 4192 4207 4207 4091 4091 4211 4211 4192 4192 4211 4211 4088 4088 4207 4207 4211 4211 4192 4192 4091 4091 4206 4206 4209 4209 4206 4206 4060 4060 4174 4174 4209 4209 4174 4174 4084 4084 4206 4206 4174 4174 4209 4209 4088 4088 4194 4194 4191 4191 4194 4194 4084 4084 4173 4173 4191 4191 4173 4173 4052 4052 4194 4194 4173 4173 4191 4191 4091 4091 4209 4209 4211 4211 4209 4209 4084 4084 4194 4194 4211 4211 4194 4194 4088 4088 4209 4209 4194 4194 4211 4211 4060 4060 4182 4182 4177 4177 4182 4182 4086 4086 4186 4186 4177 4177 4186 4186 4085 4085 4182 4182 4186 4186 4177 4177 4086 4086 4181 4181 4184 4184 4181 4181 4057 4057 4127 4127 4184 4184 4127 4127 4073 4073 4181 4181 4127 4127 4184 4184 4085 4085 4179 4179 4176 4176 4179 4179 4073 4073 4126 4126 4176 4176 4126 4126 4056 4056 4179 4179 4126 4126 4176 4176 4086 4086 4184 4184 4186 4186 4184 4184 4073 4073 4179 4179 4186 4186 4179 4179 4085 4085 4184 4184 4179 4179 4186 4186 4057 4057 4123 4123 4139 4139 4123 4123 4072 4072 4141 4141 4139 4139 4141 4141 4077 4077 4123 4123 4141 4141 4139 4139 4072 4072 4122 4122 4130 4130 4122 4122 4051 4051 4128 4128 4130 4130 4128 4128 4074 4074 4122 4122 4128 4128 4130 4130 4077 4077 4143 4143 4140 4140 4143 4143 4074 4074 4129 4129 4140 4140 4129 4129 4058 4058 4143 4143 4129 4129 4140 4140 4072 4072 4130 4130 4141 4141 4130 4130 4074 4074 4143 4143 4141 4141 4143 4143 4077 4077 4130 4130 4143 4143 4141 4141 4053 4053 4149 4149 4099 4099 4149 4149 4079 4079 4151 4151 4099 4099 4151 4151 4065 4065 4149 4149 4151 4151 4099 4099 4079 4079 4150 4150 4157 4157 4150 4150 4059 4059 4154 4154 4157 4157 4154 4154 4080 4080 4150 4150 4154 4154 4157 4157 4065 4065 4155 4155 4100 4100 4155 4155 4080 4080 4153 4153 4100 4100 4153 4153 4054 4054 4155 4155 4153 4153 4100 4100 4079 4079 4157 4157 4151 4151 4157 4157 4080 4080 4155 4155 4151 4151 4155 4155 4065 4065 4157 4157 4155 4155 4151 4151 4053 4053 4099 4099 4095 4095 4099 4099 4065 4065 4101 4101 4095 4095 4101 4101 4063 4063 4099 4099 4101 4101 4095 4095 4065 4065 4100 4100 4102 4102 4100 4100 4054 4054 4097 4097 4102 4102 4097 4097 4064 4064 4100 4100 4097 4097 4102 4102 4063 4063 4098 4098 4094 4094 4098 4098 4064 4064 4096 4096 4094 4094 4096 4096 4052 4052 4098 4098 4096 4096 4094 4094 4065 4065 4102 4102 4101 4101 4102 4102 4064 4064 4098 4098 4101 4101 4098 4098 4063 4063 4102 4102 4098 4098 4101 4101 4053 4053 4095 4095 4115 4115 4095 4095 4063 4063 4117 4117 4115 4115 4117 4117 4070 4070 4095 4095 4117 4117 4115 4115 4063 4063 4094 4094 4114 4114 4094 4094 4052 4052 4112 4112 4114 4114 4112 4112 4069 4069 4094 4094 4112 4112 4114 4114 4070 4070 4118 4118 4116 4116 4118 4118 4069 4069 4113 4113 4116 4116 4113 4113 4056 4056 4118 4118 4113 4113 4116 4116 4063 4063 4114 4114 4117 4117 4114 4114 4069 4069 4118 4118 4117 4117 4118 4118 4070 4070 4114 4114 4118 4118 4117 4117 4053 4053 4115 4115 4131 4131 4115 4115 4070 4070 4133 4133 4131 4131 4133 4133 4075 4075 4115 4115 4133 4133 4131 4131 4070 4070 4116 4116 4136 4136 4116 4116 4056 4056 4134 4134 4136 4136 4134 4134 4076 4076 4116 4116 4134 4134 4136 4136 4075 4075 4138 4138 4132 4132 4138 4138 4076 4076 4135 4135 4132 4132 4135 4135 4058 4058 4138 4138 4135 4135 4132 4132 4070 4070 4136 4136 4133 4133 4136 4136 4076 4076 4138 4138 4133 4133 4138 4138 4075 4075 4136 4136 4138 4138 4133 4133 4053 4053 4131 4131 4149 4149 4131 4131 4075 4075 4152 4152 4149 4149 4152 4152 4079 4079 4131 4131 4152 4152 4149 4149 4075 4075 4132 4132 4167 4167 4132 4132 4058 4058 4164 4164 4167 4167 4164 4164 4082 4082 4132 4132 4164 4164 4167 4167 4079 4079 4169 4169 4150 4150 4169 4169 4082 4082 4165 4165 4150 4150 4165 4165 4059 4059 4169 4169 4165 4165 4150 4150 4075 4075 4167 4167 4152 4152 4167 4167 4082 4082 4169 4169 4152 4152 4169 4169 4079 4079 4167 4167 4169 4169 4152 4152 4054 4054 4153 4153 4110 4110 4153 4153 4080 4080 4156 4156 4110 4110 4156 4156 4068 4068 4153 4153 4156 4156 4110 4110 4080 4080 4154 4154 4163 4163 4154 4154 4059 4059 4159 4159 4163 4163 4159 4159 4081 4081 4154 4154 4159 4159 4163 4163 4068 4068 4161 4161 4111 4111 4161 4161 4081 4081 4158 4158 4111 4111 4158 4158 4055 4055 4161 4161 4158 4158 4111 4111 4080 4080 4163 4163 4156 4156 4163 4163 4081 4081 4161 4161 4156 4156 4161 4161 4068 4068 4163 4163 4161 4161 4156 4156 4052 4052 4096 4096 4191 4191 4096 4096 4064 4064 4193 4193 4191 4191 4193 4193 4088 4088 4096 4096 4193 4193 4191 4191 4064 4064 4097 4097 4197 4197 4097 4097 4054 4054 4195 4195 4197 4197 4195 4195 4089 4089 4097 4097 4195 4195 4197 4197 4088 4088 4199 4199 4192 4192 4199 4199 4089 4089 4196 4196 4192 4192 4196 4196 4061 4061 4199 4199 4196 4196 4192 4192 4064 4064 4197 4197 4193 4193 4197 4197 4089 4089 4199 4199 4193 4193 4199 4199 4088 4088 4197 4197 4199 4199 4193 4193 4056 4056 4113 4113 4176 4176 4113 4113 4069 4069 4178 4178 4176 4176 4178 4178 4085 4085 4113 4113 4178 4178 4176 4176 4069 4069 4112 4112 4175 4175 4112 4112 4052 4052 4173 4173 4175 4175 4173 4173 4084 4084 4112 4112 4173 4173 4175 4175 4085 4085 4180 4180 4177 4177 4180 4180 4084 4084 4174 4174 4177 4177 4174 4174 4060 4060 4180 4180 4174 4174 4177 4177 4069 4069 4175 4175 4178 4178 4175 4175 4084 4084 4180 4180 4178 4178 4180 4180 4085 4085 4175 4175 4180 4180 4178 4178 4058 4058 4135 4135 4140 4140 4135 4135 4076 4076 4144 4144 4140 4140 4144 4144 4077 4077 4135 4135 4144 4144 4140 4140 4076 4076 4134 4134 4137 4137 4134 4134 4056 4056 4126 4126 4137 4137 4126 4126 4073 4073 4134 4134 4126 4126 4137 4137 4077 4077 4142 4142 4139 4139 4142 4142 4073 4073 4127 4127 4139 4139 4127 4127 4057 4057 4142 4142 4127 4127 4139 4139 4076 4076 4137 4137 4144 4144 4137 4137 4073 4073 4142 4142 4144 4144 4142 4142 4077 4077 4137 4137 4142 4142 4144 4144 4059 4059 4165 4165 4146 4146 4165 4165 4082 4082 4168 4168 4146 4146 4168 4168 4078 4078 4165 4165 4168 4168 4146 4146 4082 4082 4164 4164 4166 4166 4164 4164 4058 4058 4129 4129 4166 4166 4129 4129 4074 4074 4164 4164 4129 4129 4166 4166 4078 4078 4148 4148 4145 4145 4148 4148 4074 4074 4128 4128 4145 4145 4128 4128 4051 4051 4148 4148 4128 4128 4145 4145 4082 4082 4166 4166 4168 4168 4166 4166 4074 4074 4148 4148 4168 4168 4148 4148 4078 4078 4166 4166 4148 4148 4168 4168 4212 4212 4349 4349 4265 4265 4349 4349 4249 4249 4351 4351 4265 4265 4351 4351 4228 4228 4349 4349 4351 4351 4265 4265 4249 4249 4350 4350 4366 4366 4350 4350 4223 4223 4363 4363 4366 4366 4363 4363 4252 4252 4350 4350 4363 4363 4366 4366 4228 4228 4364 4364 4266 4266 4364 4364 4252 4252 4362 4362 4266 4266 4362 4362 4217 4217 4364 4364 4362 4362 4266 4266 4249 4249 4366 4366 4351 4351 4366 4366 4252 4252 4364 4364 4351 4351 4364 4364 4228 4228 4366 4366 4364 4364 4351 4351 4212 4212 4265 4265 4254 4254 4265 4265 4228 4228 4267 4267 4254 4254 4267 4267 4224 4224 4265 4265 4267 4267 4254 4254 4228 4228 4266 4266 4271 4271 4266 4266 4217 4217 4269 4269 4271 4271 4269 4269 4229 4229 4266 4266 4269 4269 4271 4271 4224 4224 4270 4270 4255 4255 4270 4270 4229 4229 4268 4268 4255 4255 4268 4268 4213 4213 4270 4270 4268 4268 4255 4255 4228 4228 4271 4271 4267 4267 4271 4271 4229 4229 4270 4270 4267 4267 4270 4270 4224 4224 4271 4271 4270 4270 4267 4267 4212 4212 4254 4254 4281 4281 4254 4254 4224 4224 4283 4283 4281 4281 4283 4283 4233 4233 4254 4254 4283 4283 4281 4281 4224 4224 4255 4255 4286 4286 4255 4255 4213 4213 4284 4284 4286 4286 4284 4284 4234 4234 4255 4255 4284 4284 4286 4286 4233 4233 4287 4287 4282 4282 4287 4287 4234 4234 4285 4285 4282 4282 4285 4285 4219 4219 4287 4287 4285 4285 4282 4282 4224 4224 4286 4286 4283 4283 4286 4286 4234 4234 4287 4287 4283 4283 4287 4287 4233 4233 4286 4286 4287 4287 4283 4283 4212 4212 4281 4281 4332 4332 4281 4281 4233 4233 4334 4334 4332 4332 4334 4334 4245 4245 4281 4281 4334 4334 4332 4332 4233 4233 4282 4282 4345 4345 4282 4282 4219 4219 4343 4343 4345 4345 4343 4343 4248 4248 4282 4282 4343 4343 4345 4345 4245 4245 4347 4347 4333 4333 4347 4347 4248 4248 4344 4344 4333 4333 4344 4344 4222 4222 4347 4347 4344 4344 4333 4333 4233 4233 4345 4345 4334 4334 4345 4345 4248 4248 4347 4347 4334 4334 4347 4347 4245 4245 4345 4345 4347 4347 4334 4334 4212 4212 4332 4332 4349 4349 4332 4332 4245 4245 4352 4352 4349 4349 4352 4352 4249 4249 4332 4332 4352 4352 4349 4349 4245 4245 4333 4333 4370 4370 4333 4333 4222 4222 4368 4368 4370 4370 4368 4368 4253 4253 4333 4333 4368 4368 4370 4370 4249 4249 4372 4372 4350 4350 4372 4372 4253 4253 4369 4369 4350 4350 4369 4369 4223 4223 4372 4372 4369 4369 4350 4350 4245 4245 4370 4370 4352 4352 4370 4370 4253 4253 4372 4372 4352 4352 4372 4372 4249 4249 4370 4370 4372 4372 4352 4352 4213 4213 4268 4268 4307 4307 4268 4268 4229 4229 4309 4309 4307 4307 4309 4309 4240 4240 4268 4268 4309 4309 4307 4307 4229 4229 4269 4269 4322 4322 4269 4269 4217 4217 4320 4320 4322 4322 4320 4320 4243 4243 4269 4269 4320 4320 4322 4322 4240 4240 4324 4324 4308 4308 4324 4324 4243 4243 4321 4321 4308 4308 4321 4321 4221 4221 4324 4324 4321 4321 4308 4308 4229 4229 4322 4322 4309 4309 4322 4322 4243 4243 4324 4324 4309 4309 4324 4324 4240 4240 4322 4322 4324 4324 4309 4309 4217 4217 4362 4362 4273 4273 4362 4362 4252 4252 4365 4365 4273 4273 4365 4365 4230 4230 4362 4362 4365 4365 4273 4273 4252 4252 4363 4363 4367 4367 4363 4363 4223 4223 4358 4358 4367 4367 4358 4358 4251 4251 4363 4363 4358 4358 4367 4367 4230 4230 4360 4360 4272 4272 4360 4360 4251 4251 4357 4357 4272 4272 4357 4357 4216 4216 4360 4360 4357 4357 4272 4272 4252 4252 4367 4367 4365 4365 4367 4367 4251 4251 4360 4360 4365 4365 4360 4360 4230 4230 4367 4367 4360 4360 4365 4365 4223 4223 4369 4369 4354 4354 4369 4369 4253 4253 4373 4373 4354 4354 4373 4373 4250 4250 4369 4369 4373 4373 4354 4354 4253 4253 4368 4368 4371 4371 4368 4368 4222 4222 4336 4336 4371 4371 4336 4336 4246 4246 4368 4368 4336 4336 4371 4371 4250 4250 4356 4356 4353 4353 4356 4356 4246 4246 4335 4335 4353 4353 4335 4335 4214 4214 4356 4356 4335 4335 4353 4353 4253 4253 4371 4371 4373 4373 4371 4371 4246 4246 4356 4356 4373 4373 4356 4356 4250 4250 4371 4371 4356 4356 4373 4373 4222 4222 4344 4344 4339 4339 4344 4344 4248 4248 4348 4348 4339 4339 4348 4348 4247 4247 4344 4344 4348 4348 4339 4339 4248 4248 4343 4343 4346 4346 4343 4343 4219 4219 4289 4289 4346 4346 4289 4289 4235 4235 4343 4343 4289 4289 4346 4346 4247 4247 4341 4341 4338 4338 4341 4341 4235 4235 4288 4288 4338 4338 4288 4288 4218 4218 4341 4341 4288 4288 4338 4338 4248 4248 4346 4346 4348 4348 4346 4346 4235 4235 4341 4341 4348 4348 4341 4341 4247 4247 4346 4346 4341 4341 4348 4348 4219 4219 4285 4285 4301 4301 4285 4285 4234 4234 4303 4303 4301 4301 4303 4303 4239 4239 4285 4285 4303 4303 4301 4301 4234 4234 4284 4284 4292 4292 4284 4284 4213 4213 4290 4290 4292 4292 4290 4290 4236 4236 4284 4284 4290 4290 4292 4292 4239 4239 4305 4305 4302 4302 4305 4305 4236 4236 4291 4291 4302 4302 4291 4291 4220 4220 4305 4305 4291 4291 4302 4302 4234 4234 4292 4292 4303 4303 4292 4292 4236 4236 4305 4305 4303 4303 4305 4305 4239 4239 4292 4292 4305 4305 4303 4303 4215 4215 4311 4311 4261 4261 4311 4311 4241 4241 4313 4313 4261 4261 4313 4313 4227 4227 4311 4311 4313 4313 4261 4261 4241 4241 4312 4312 4319 4319 4312 4312 4221 4221 4316 4316 4319 4319 4316 4316 4242 4242 4312 4312 4316 4316 4319 4319 4227 4227 4317 4317 4262 4262 4317 4317 4242 4242 4315 4315 4262 4262 4315 4315 4216 4216 4317 4317 4315 4315 4262 4262 4241 4241 4319 4319 4313 4313 4319 4319 4242 4242 4317 4317 4313 4313 4317 4317 4227 4227 4319 4319 4317 4317 4313 4313 4215 4215 4261 4261 4257 4257 4261 4261 4227 4227 4263 4263 4257 4257 4263 4263 4225 4225 4261 4261 4263 4263 4257 4257 4227 4227 4262 4262 4264 4264 4262 4262 4216 4216 4259 4259 4264 4264 4259 4259 4226 4226 4262 4262 4259 4259 4264 4264 4225 4225 4260 4260 4256 4256 4260 4260 4226 4226 4258 4258 4256 4256 4258 4258 4214 4214 4260 4260 4258 4258 4256 4256 4227 4227 4264 4264 4263 4263 4264 4264 4226 4226 4260 4260 4263 4263 4260 4260 4225 4225 4264 4264 4260 4260 4263 4263 4215 4215 4257 4257 4277 4277 4257 4257 4225 4225 4279 4279 4277 4277 4279 4279 4232 4232 4257 4257 4279 4279 4277 4277 4225 4225 4256 4256 4276 4276 4256 4256 4214 4214 4274 4274 4276 4276 4274 4274 4231 4231 4256 4256 4274 4274 4276 4276 4232 4232 4280 4280 4278 4278 4280 4280 4231 4231 4275 4275 4278 4278 4275 4275 4218 4218 4280 4280 4275 4275 4278 4278 4225 4225 4276 4276 4279 4279 4276 4276 4231 4231 4280 4280 4279 4279 4280 4280 4232 4232 4276 4276 4280 4280 4279 4279 4215 4215 4277 4277 4293 4293 4277 4277 4232 4232 4295 4295 4293 4293 4295 4295 4237 4237 4277 4277 4295 4295 4293 4293 4232 4232 4278 4278 4298 4298 4278 4278 4218 4218 4296 4296 4298 4298 4296 4296 4238 4238 4278 4278 4296 4296 4298 4298 4237 4237 4300 4300 4294 4294 4300 4300 4238 4238 4297 4297 4294 4294 4297 4297 4220 4220 4300 4300 4297 4297 4294 4294 4232 4232 4298 4298 4295 4295 4298 4298 4238 4238 4300 4300 4295 4295 4300 4300 4237 4237 4298 4298 4300 4300 4295 4295 4215 4215 4293 4293 4311 4311 4293 4293 4237 4237 4314 4314 4311 4311 4314 4314 4241 4241 4293 4293 4314 4314 4311 4311 4237 4237 4294 4294 4329 4329 4294 4294 4220 4220 4326 4326 4329 4329 4326 4326 4244 4244 4294 4294 4326 4326 4329 4329 4241 4241 4331 4331 4312 4312 4331 4331 4244 4244 4327 4327 4312 4312 4327 4327 4221 4221 4331 4331 4327 4327 4312 4312 4237 4237 4329 4329 4314 4314 4329 4329 4244 4244 4331 4331 4314 4314 4331 4331 4241 4241 4329 4329 4331 4331 4314 4314 4216 4216 4315 4315 4272 4272 4315 4315 4242 4242 4318 4318 4272 4272 4318 4318 4230 4230 4315 4315 4318 4318 4272 4272 4242 4242 4316 4316 4325 4325 4316 4316 4221 4221 4321 4321 4325 4325 4321 4321 4243 4243 4316 4316 4321 4321 4325 4325 4230 4230 4323 4323 4273 4273 4323 4323 4243 4243 4320 4320 4273 4273 4320 4320 4217 4217 4323 4323 4320 4320 4273 4273 4242 4242 4325 4325 4318 4318 4325 4325 4243 4243 4323 4323 4318 4318 4323 4323 4230 4230 4325 4325 4323 4323 4318 4318 4214 4214 4258 4258 4353 4353 4258 4258 4226 4226 4355 4355 4353 4353 4355 4355 4250 4250 4258 4258 4355 4355 4353 4353 4226 4226 4259 4259 4359 4359 4259 4259 4216 4216 4357 4357 4359 4359 4357 4357 4251 4251 4259 4259 4357 4357 4359 4359 4250 4250 4361 4361 4354 4354 4361 4361 4251 4251 4358 4358 4354 4354 4358 4358 4223 4223 4361 4361 4358 4358 4354 4354 4226 4226 4359 4359 4355 4355 4359 4359 4251 4251 4361 4361 4355 4355 4361 4361 4250 4250 4359 4359 4361 4361 4355 4355 4218 4218 4275 4275 4338 4338 4275 4275 4231 4231 4340 4340 4338 4338 4340 4340 4247 4247 4275 4275 4340 4340 4338 4338 4231 4231 4274 4274 4337 4337 4274 4274 4214 4214 4335 4335 4337 4337 4335 4335 4246 4246 4274 4274 4335 4335 4337 4337 4247 4247 4342 4342 4339 4339 4342 4342 4246 4246 4336 4336 4339 4339 4336 4336 4222 4222 4342 4342 4336 4336 4339 4339 4231 4231 4337 4337 4340 4340 4337 4337 4246 4246 4342 4342 4340 4340 4342 4342 4247 4247 4337 4337 4342 4342 4340 4340 4220 4220 4297 4297 4302 4302 4297 4297 4238 4238 4306 4306 4302 4302 4306 4306 4239 4239 4297 4297 4306 4306 4302 4302 4238 4238 4296 4296 4299 4299 4296 4296 4218 4218 4288 4288 4299 4299 4288 4288 4235 4235 4296 4296 4288 4288 4299 4299 4239 4239 4304 4304 4301 4301 4304 4304 4235 4235 4289 4289 4301 4301 4289 4289 4219 4219 4304 4304 4289 4289 4301 4301 4238 4238 4299 4299 4306 4306 4299 4299 4235 4235 4304 4304 4306 4306 4304 4304 4239 4239 4299 4299 4304 4304 4306 4306 4221 4221 4327 4327 4308 4308 4327 4327 4244 4244 4330 4330 4308 4308 4330 4330 4240 4240 4327 4327 4330 4330 4308 4308 4244 4244 4326 4326 4328 4328 4326 4326 4220 4220 4291 4291 4328 4328 4291 4291 4236 4236 4326 4326 4291 4291 4328 4328 4240 4240 4310 4310 4307 4307 4310 4310 4236 4236 4290 4290 4307 4307 4290 4290 4213 4213 4310 4310 4290 4290 4307 4307 4244 4244 4328 4328 4330 4330 4328 4328 4236 4236 4310 4310 4330 4330 4310 4310 4240 4240 4328 4328 4310 4310 4330 4330 4374 4374 4511 4511 4427 4427 4511 4511 4411 4411 4513 4513 4427 4427 4513 4513 4390 4390 4511 4511 4513 4513 4427 4427 4411 4411 4512 4512 4528 4528 4512 4512 4385 4385 4525 4525 4528 4528 4525 4525 4414 4414 4512 4512 4525 4525 4528 4528 4390 4390 4526 4526 4428 4428 4526 4526 4414 4414 4524 4524 4428 4428 4524 4524 4379 4379 4526 4526 4524 4524 4428 4428 4411 4411 4528 4528 4513 4513 4528 4528 4414 4414 4526 4526 4513 4513 4526 4526 4390 4390 4528 4528 4526 4526 4513 4513 4374 4374 4427 4427 4416 4416 4427 4427 4390 4390 4429 4429 4416 4416 4429 4429 4386 4386 4427 4427 4429 4429 4416 4416 4390 4390 4428 4428 4433 4433 4428 4428 4379 4379 4431 4431 4433 4433 4431 4431 4391 4391 4428 4428 4431 4431 4433 4433 4386 4386 4432 4432 4417 4417 4432 4432 4391 4391 4430 4430 4417 4417 4430 4430 4375 4375 4432 4432 4430 4430 4417 4417 4390 4390 4433 4433 4429 4429 4433 4433 4391 4391 4432 4432 4429 4429 4432 4432 4386 4386 4433 4433 4432 4432 4429 4429 4374 4374 4416 4416 4443 4443 4416 4416 4386 4386 4445 4445 4443 4443 4445 4445 4395 4395 4416 4416 4445 4445 4443 4443 4386 4386 4417 4417 4448 4448 4417 4417 4375 4375 4446 4446 4448 4448 4446 4446 4396 4396 4417 4417 4446 4446 4448 4448 4395 4395 4449 4449 4444 4444 4449 4449 4396 4396 4447 4447 4444 4444 4447 4447 4381 4381 4449 4449 4447 4447 4444 4444 4386 4386 4448 4448 4445 4445 4448 4448 4396 4396 4449 4449 4445 4445 4449 4449 4395 4395 4448 4448 4449 4449 4445 4445 4374 4374 4443 4443 4494 4494 4443 4443 4395 4395 4496 4496 4494 4494 4496 4496 4407 4407 4443 4443 4496 4496 4494 4494 4395 4395 4444 4444 4507 4507 4444 4444 4381 4381 4505 4505 4507 4507 4505 4505 4410 4410 4444 4444 4505 4505 4507 4507 4407 4407 4509 4509 4495 4495 4509 4509 4410 4410 4506 4506 4495 4495 4506 4506 4384 4384 4509 4509 4506 4506 4495 4495 4395 4395 4507 4507 4496 4496 4507 4507 4410 4410 4509 4509 4496 4496 4509 4509 4407 4407 4507 4507 4509 4509 4496 4496 4374 4374 4494 4494 4511 4511 4494 4494 4407 4407 4514 4514 4511 4511 4514 4514 4411 4411 4494 4494 4514 4514 4511 4511 4407 4407 4495 4495 4532 4532 4495 4495 4384 4384 4530 4530 4532 4532 4530 4530 4415 4415 4495 4495 4530 4530 4532 4532 4411 4411 4534 4534 4512 4512 4534 4534 4415 4415 4531 4531 4512 4512 4531 4531 4385 4385 4534 4534 4531 4531 4512 4512 4407 4407 4532 4532 4514 4514 4532 4532 4415 4415 4534 4534 4514 4514 4534 4534 4411 4411 4532 4532 4534 4534 4514 4514 4375 4375 4430 4430 4469 4469 4430 4430 4391 4391 4471 4471 4469 4469 4471 4471 4402 4402 4430 4430 4471 4471 4469 4469 4391 4391 4431 4431 4484 4484 4431 4431 4379 4379 4482 4482 4484 4484 4482 4482 4405 4405 4431 4431 4482 4482 4484 4484 4402 4402 4486 4486 4470 4470 4486 4486 4405 4405 4483 4483 4470 4470 4483 4483 4383 4383 4486 4486 4483 4483 4470 4470 4391 4391 4484 4484 4471 4471 4484 4484 4405 4405 4486 4486 4471 4471 4486 4486 4402 4402 4484 4484 4486 4486 4471 4471 4379 4379 4524 4524 4435 4435 4524 4524 4414 4414 4527 4527 4435 4435 4527 4527 4392 4392 4524 4524 4527 4527 4435 4435 4414 4414 4525 4525 4529 4529 4525 4525 4385 4385 4520 4520 4529 4529 4520 4520 4413 4413 4525 4525 4520 4520 4529 4529 4392 4392 4522 4522 4434 4434 4522 4522 4413 4413 4519 4519 4434 4434 4519 4519 4378 4378 4522 4522 4519 4519 4434 4434 4414 4414 4529 4529 4527 4527 4529 4529 4413 4413 4522 4522 4527 4527 4522 4522 4392 4392 4529 4529 4522 4522 4527 4527 4385 4385 4531 4531 4516 4516 4531 4531 4415 4415 4535 4535 4516 4516 4535 4535 4412 4412 4531 4531 4535 4535 4516 4516 4415 4415 4530 4530 4533 4533 4530 4530 4384 4384 4498 4498 4533 4533 4498 4498 4408 4408 4530 4530 4498 4498 4533 4533 4412 4412 4518 4518 4515 4515 4518 4518 4408 4408 4497 4497 4515 4515 4497 4497 4376 4376 4518 4518 4497 4497 4515 4515 4415 4415 4533 4533 4535 4535 4533 4533 4408 4408 4518 4518 4535 4535 4518 4518 4412 4412 4533 4533 4518 4518 4535 4535 4384 4384 4506 4506 4501 4501 4506 4506 4410 4410 4510 4510 4501 4501 4510 4510 4409 4409 4506 4506 4510 4510 4501 4501 4410 4410 4505 4505 4508 4508 4505 4505 4381 4381 4451 4451 4508 4508 4451 4451 4397 4397 4505 4505 4451 4451 4508 4508 4409 4409 4503 4503 4500 4500 4503 4503 4397 4397 4450 4450 4500 4500 4450 4450 4380 4380 4503 4503 4450 4450 4500 4500 4410 4410 4508 4508 4510 4510 4508 4508 4397 4397 4503 4503 4510 4510 4503 4503 4409 4409 4508 4508 4503 4503 4510 4510 4381 4381 4447 4447 4463 4463 4447 4447 4396 4396 4465 4465 4463 4463 4465 4465 4401 4401 4447 4447 4465 4465 4463 4463 4396 4396 4446 4446 4454 4454 4446 4446 4375 4375 4452 4452 4454 4454 4452 4452 4398 4398 4446 4446 4452 4452 4454 4454 4401 4401 4467 4467 4464 4464 4467 4467 4398 4398 4453 4453 4464 4464 4453 4453 4382 4382 4467 4467 4453 4453 4464 4464 4396 4396 4454 4454 4465 4465 4454 4454 4398 4398 4467 4467 4465 4465 4467 4467 4401 4401 4454 4454 4467 4467 4465 4465 4377 4377 4473 4473 4423 4423 4473 4473 4403 4403 4475 4475 4423 4423 4475 4475 4389 4389 4473 4473 4475 4475 4423 4423 4403 4403 4474 4474 4481 4481 4474 4474 4383 4383 4478 4478 4481 4481 4478 4478 4404 4404 4474 4474 4478 4478 4481 4481 4389 4389 4479 4479 4424 4424 4479 4479 4404 4404 4477 4477 4424 4424 4477 4477 4378 4378 4479 4479 4477 4477 4424 4424 4403 4403 4481 4481 4475 4475 4481 4481 4404 4404 4479 4479 4475 4475 4479 4479 4389 4389 4481 4481 4479 4479 4475 4475 4377 4377 4423 4423 4419 4419 4423 4423 4389 4389 4425 4425 4419 4419 4425 4425 4387 4387 4423 4423 4425 4425 4419 4419 4389 4389 4424 4424 4426 4426 4424 4424 4378 4378 4421 4421 4426 4426 4421 4421 4388 4388 4424 4424 4421 4421 4426 4426 4387 4387 4422 4422 4418 4418 4422 4422 4388 4388 4420 4420 4418 4418 4420 4420 4376 4376 4422 4422 4420 4420 4418 4418 4389 4389 4426 4426 4425 4425 4426 4426 4388 4388 4422 4422 4425 4425 4422 4422 4387 4387 4426 4426 4422 4422 4425 4425 4377 4377 4419 4419 4439 4439 4419 4419 4387 4387 4441 4441 4439 4439 4441 4441 4394 4394 4419 4419 4441 4441 4439 4439 4387 4387 4418 4418 4438 4438 4418 4418 4376 4376 4436 4436 4438 4438 4436 4436 4393 4393 4418 4418 4436 4436 4438 4438 4394 4394 4442 4442 4440 4440 4442 4442 4393 4393 4437 4437 4440 4440 4437 4437 4380 4380 4442 4442 4437 4437 4440 4440 4387 4387 4438 4438 4441 4441 4438 4438 4393 4393 4442 4442 4441 4441 4442 4442 4394 4394 4438 4438 4442 4442 4441 4441 4377 4377 4439 4439 4455 4455 4439 4439 4394 4394 4457 4457 4455 4455 4457 4457 4399 4399 4439 4439 4457 4457 4455 4455 4394 4394 4440 4440 4460 4460 4440 4440 4380 4380 4458 4458 4460 4460 4458 4458 4400 4400 4440 4440 4458 4458 4460 4460 4399 4399 4462 4462 4456 4456 4462 4462 4400 4400 4459 4459 4456 4456 4459 4459 4382 4382 4462 4462 4459 4459 4456 4456 4394 4394 4460 4460 4457 4457 4460 4460 4400 4400 4462 4462 4457 4457 4462 4462 4399 4399 4460 4460 4462 4462 4457 4457 4377 4377 4455 4455 4473 4473 4455 4455 4399 4399 4476 4476 4473 4473 4476 4476 4403 4403 4455 4455 4476 4476 4473 4473 4399 4399 4456 4456 4491 4491 4456 4456 4382 4382 4488 4488 4491 4491 4488 4488 4406 4406 4456 4456 4488 4488 4491 4491 4403 4403 4493 4493 4474 4474 4493 4493 4406 4406 4489 4489 4474 4474 4489 4489 4383 4383 4493 4493 4489 4489 4474 4474 4399 4399 4491 4491 4476 4476 4491 4491 4406 4406 4493 4493 4476 4476 4493 4493 4403 4403 4491 4491 4493 4493 4476 4476 4378 4378 4477 4477 4434 4434 4477 4477 4404 4404 4480 4480 4434 4434 4480 4480 4392 4392 4477 4477 4480 4480 4434 4434 4404 4404 4478 4478 4487 4487 4478 4478 4383 4383 4483 4483 4487 4487 4483 4483 4405 4405 4478 4478 4483 4483 4487 4487 4392 4392 4485 4485 4435 4435 4485 4485 4405 4405 4482 4482 4435 4435 4482 4482 4379 4379 4485 4485 4482 4482 4435 4435 4404 4404 4487 4487 4480 4480 4487 4487 4405 4405 4485 4485 4480 4480 4485 4485 4392 4392 4487 4487 4485 4485 4480 4480 4376 4376 4420 4420 4515 4515 4420 4420 4388 4388 4517 4517 4515 4515 4517 4517 4412 4412 4420 4420 4517 4517 4515 4515 4388 4388 4421 4421 4521 4521 4421 4421 4378 4378 4519 4519 4521 4521 4519 4519 4413 4413 4421 4421 4519 4519 4521 4521 4412 4412 4523 4523 4516 4516 4523 4523 4413 4413 4520 4520 4516 4516 4520 4520 4385 4385 4523 4523 4520 4520 4516 4516 4388 4388 4521 4521 4517 4517 4521 4521 4413 4413 4523 4523 4517 4517 4523 4523 4412 4412 4521 4521 4523 4523 4517 4517 4380 4380 4437 4437 4500 4500 4437 4437 4393 4393 4502 4502 4500 4500 4502 4502 4409 4409 4437 4437 4502 4502 4500 4500 4393 4393 4436 4436 4499 4499 4436 4436 4376 4376 4497 4497 4499 4499 4497 4497 4408 4408 4436 4436 4497 4497 4499 4499 4409 4409 4504 4504 4501 4501 4504 4504 4408 4408 4498 4498 4501 4501 4498 4498 4384 4384 4504 4504 4498 4498 4501 4501 4393 4393 4499 4499 4502 4502 4499 4499 4408 4408 4504 4504 4502 4502 4504 4504 4409 4409 4499 4499 4504 4504 4502 4502 4382 4382 4459 4459 4464 4464 4459 4459 4400 4400 4468 4468 4464 4464 4468 4468 4401 4401 4459 4459 4468 4468 4464 4464 4400 4400 4458 4458 4461 4461 4458 4458 4380 4380 4450 4450 4461 4461 4450 4450 4397 4397 4458 4458 4450 4450 4461 4461 4401 4401 4466 4466 4463 4463 4466 4466 4397 4397 4451 4451 4463 4463 4451 4451 4381 4381 4466 4466 4451 4451 4463 4463 4400 4400 4461 4461 4468 4468 4461 4461 4397 4397 4466 4466 4468 4468 4466 4466 4401 4401 4461 4461 4466 4466 4468 4468 4383 4383 4489 4489 4470 4470 4489 4489 4406 4406 4492 4492 4470 4470 4492 4492 4402 4402 4489 4489 4492 4492 4470 4470 4406 4406 4488 4488 4490 4490 4488 4488 4382 4382 4453 4453 4490 4490 4453 4453 4398 4398 4488 4488 4453 4453 4490 4490 4402 4402 4472 4472 4469 4469 4472 4472 4398 4398 4452 4452 4469 4469 4452 4452 4375 4375 4472 4472 4452 4452 4469 4469 4406 4406 4490 4490 4492 4492 4490 4490 4398 4398 4472 4472 4492 4492 4472 4472 4402 4402 4490 4490 4472 4472 4492 4492 4536 4536 4673 4673 4589 4589 4673 4673 4573 4573 4675 4675 4589 4589 4675 4675 4552 4552 4673 4673 4675 4675 4589 4589 4573 4573 4674 4674 4690 4690 4674 4674 4547 4547 4687 4687 4690 4690 4687 4687 4576 4576 4674 4674 4687 4687 4690 4690 4552 4552 4688 4688 4590 4590 4688 4688 4576 4576 4686 4686 4590 4590 4686 4686 4541 4541 4688 4688 4686 4686 4590 4590 4573 4573 4690 4690 4675 4675 4690 4690 4576 4576 4688 4688 4675 4675 4688 4688 4552 4552 4690 4690 4688 4688 4675 4675 4536 4536 4589 4589 4578 4578 4589 4589 4552 4552 4591 4591 4578 4578 4591 4591 4548 4548 4589 4589 4591 4591 4578 4578 4552 4552 4590 4590 4595 4595 4590 4590 4541 4541 4593 4593 4595 4595 4593 4593 4553 4553 4590 4590 4593 4593 4595 4595 4548 4548 4594 4594 4579 4579 4594 4594 4553 4553 4592 4592 4579 4579 4592 4592 4537 4537 4594 4594 4592 4592 4579 4579 4552 4552 4595 4595 4591 4591 4595 4595 4553 4553 4594 4594 4591 4591 4594 4594 4548 4548 4595 4595 4594 4594 4591 4591 4536 4536 4578 4578 4605 4605 4578 4578 4548 4548 4607 4607 4605 4605 4607 4607 4557 4557 4578 4578 4607 4607 4605 4605 4548 4548 4579 4579 4610 4610 4579 4579 4537 4537 4608 4608 4610 4610 4608 4608 4558 4558 4579 4579 4608 4608 4610 4610 4557 4557 4611 4611 4606 4606 4611 4611 4558 4558 4609 4609 4606 4606 4609 4609 4543 4543 4611 4611 4609 4609 4606 4606 4548 4548 4610 4610 4607 4607 4610 4610 4558 4558 4611 4611 4607 4607 4611 4611 4557 4557 4610 4610 4611 4611 4607 4607 4536 4536 4605 4605 4656 4656 4605 4605 4557 4557 4658 4658 4656 4656 4658 4658 4569 4569 4605 4605 4658 4658 4656 4656 4557 4557 4606 4606 4669 4669 4606 4606 4543 4543 4667 4667 4669 4669 4667 4667 4572 4572 4606 4606 4667 4667 4669 4669 4569 4569 4671 4671 4657 4657 4671 4671 4572 4572 4668 4668 4657 4657 4668 4668 4546 4546 4671 4671 4668 4668 4657 4657 4557 4557 4669 4669 4658 4658 4669 4669 4572 4572 4671 4671 4658 4658 4671 4671 4569 4569 4669 4669 4671 4671 4658 4658 4536 4536 4656 4656 4673 4673 4656 4656 4569 4569 4676 4676 4673 4673 4676 4676 4573 4573 4656 4656 4676 4676 4673 4673 4569 4569 4657 4657 4694 4694 4657 4657 4546 4546 4692 4692 4694 4694 4692 4692 4577 4577 4657 4657 4692 4692 4694 4694 4573 4573 4696 4696 4674 4674 4696 4696 4577 4577 4693 4693 4674 4674 4693 4693 4547 4547 4696 4696 4693 4693 4674 4674 4569 4569 4694 4694 4676 4676 4694 4694 4577 4577 4696 4696 4676 4676 4696 4696 4573 4573 4694 4694 4696 4696 4676 4676 4537 4537 4592 4592 4631 4631 4592 4592 4553 4553 4633 4633 4631 4631 4633 4633 4564 4564 4592 4592 4633 4633 4631 4631 4553 4553 4593 4593 4646 4646 4593 4593 4541 4541 4644 4644 4646 4646 4644 4644 4567 4567 4593 4593 4644 4644 4646 4646 4564 4564 4648 4648 4632 4632 4648 4648 4567 4567 4645 4645 4632 4632 4645 4645 4545 4545 4648 4648 4645 4645 4632 4632 4553 4553 4646 4646 4633 4633 4646 4646 4567 4567 4648 4648 4633 4633 4648 4648 4564 4564 4646 4646 4648 4648 4633 4633 4541 4541 4686 4686 4597 4597 4686 4686 4576 4576 4689 4689 4597 4597 4689 4689 4554 4554 4686 4686 4689 4689 4597 4597 4576 4576 4687 4687 4691 4691 4687 4687 4547 4547 4682 4682 4691 4691 4682 4682 4575 4575 4687 4687 4682 4682 4691 4691 4554 4554 4684 4684 4596 4596 4684 4684 4575 4575 4681 4681 4596 4596 4681 4681 4540 4540 4684 4684 4681 4681 4596 4596 4576 4576 4691 4691 4689 4689 4691 4691 4575 4575 4684 4684 4689 4689 4684 4684 4554 4554 4691 4691 4684 4684 4689 4689 4547 4547 4693 4693 4678 4678 4693 4693 4577 4577 4697 4697 4678 4678 4697 4697 4574 4574 4693 4693 4697 4697 4678 4678 4577 4577 4692 4692 4695 4695 4692 4692 4546 4546 4660 4660 4695 4695 4660 4660 4570 4570 4692 4692 4660 4660 4695 4695 4574 4574 4680 4680 4677 4677 4680 4680 4570 4570 4659 4659 4677 4677 4659 4659 4538 4538 4680 4680 4659 4659 4677 4677 4577 4577 4695 4695 4697 4697 4695 4695 4570 4570 4680 4680 4697 4697 4680 4680 4574 4574 4695 4695 4680 4680 4697 4697 4546 4546 4668 4668 4663 4663 4668 4668 4572 4572 4672 4672 4663 4663 4672 4672 4571 4571 4668 4668 4672 4672 4663 4663 4572 4572 4667 4667 4670 4670 4667 4667 4543 4543 4613 4613 4670 4670 4613 4613 4559 4559 4667 4667 4613 4613 4670 4670 4571 4571 4665 4665 4662 4662 4665 4665 4559 4559 4612 4612 4662 4662 4612 4612 4542 4542 4665 4665 4612 4612 4662 4662 4572 4572 4670 4670 4672 4672 4670 4670 4559 4559 4665 4665 4672 4672 4665 4665 4571 4571 4670 4670 4665 4665 4672 4672 4543 4543 4609 4609 4625 4625 4609 4609 4558 4558 4627 4627 4625 4625 4627 4627 4563 4563 4609 4609 4627 4627 4625 4625 4558 4558 4608 4608 4616 4616 4608 4608 4537 4537 4614 4614 4616 4616 4614 4614 4560 4560 4608 4608 4614 4614 4616 4616 4563 4563 4629 4629 4626 4626 4629 4629 4560 4560 4615 4615 4626 4626 4615 4615 4544 4544 4629 4629 4615 4615 4626 4626 4558 4558 4616 4616 4627 4627 4616 4616 4560 4560 4629 4629 4627 4627 4629 4629 4563 4563 4616 4616 4629 4629 4627 4627 4539 4539 4635 4635 4585 4585 4635 4635 4565 4565 4637 4637 4585 4585 4637 4637 4551 4551 4635 4635 4637 4637 4585 4585 4565 4565 4636 4636 4643 4643 4636 4636 4545 4545 4640 4640 4643 4643 4640 4640 4566 4566 4636 4636 4640 4640 4643 4643 4551 4551 4641 4641 4586 4586 4641 4641 4566 4566 4639 4639 4586 4586 4639 4639 4540 4540 4641 4641 4639 4639 4586 4586 4565 4565 4643 4643 4637 4637 4643 4643 4566 4566 4641 4641 4637 4637 4641 4641 4551 4551 4643 4643 4641 4641 4637 4637 4539 4539 4585 4585 4581 4581 4585 4585 4551 4551 4587 4587 4581 4581 4587 4587 4549 4549 4585 4585 4587 4587 4581 4581 4551 4551 4586 4586 4588 4588 4586 4586 4540 4540 4583 4583 4588 4588 4583 4583 4550 4550 4586 4586 4583 4583 4588 4588 4549 4549 4584 4584 4580 4580 4584 4584 4550 4550 4582 4582 4580 4580 4582 4582 4538 4538 4584 4584 4582 4582 4580 4580 4551 4551 4588 4588 4587 4587 4588 4588 4550 4550 4584 4584 4587 4587 4584 4584 4549 4549 4588 4588 4584 4584 4587 4587 4539 4539 4581 4581 4601 4601 4581 4581 4549 4549 4603 4603 4601 4601 4603 4603 4556 4556 4581 4581 4603 4603 4601 4601 4549 4549 4580 4580 4600 4600 4580 4580 4538 4538 4598 4598 4600 4600 4598 4598 4555 4555 4580 4580 4598 4598 4600 4600 4556 4556 4604 4604 4602 4602 4604 4604 4555 4555 4599 4599 4602 4602 4599 4599 4542 4542 4604 4604 4599 4599 4602 4602 4549 4549 4600 4600 4603 4603 4600 4600 4555 4555 4604 4604 4603 4603 4604 4604 4556 4556 4600 4600 4604 4604 4603 4603 4539 4539 4601 4601 4617 4617 4601 4601 4556 4556 4619 4619 4617 4617 4619 4619 4561 4561 4601 4601 4619 4619 4617 4617 4556 4556 4602 4602 4622 4622 4602 4602 4542 4542 4620 4620 4622 4622 4620 4620 4562 4562 4602 4602 4620 4620 4622 4622 4561 4561 4624 4624 4618 4618 4624 4624 4562 4562 4621 4621 4618 4618 4621 4621 4544 4544 4624 4624 4621 4621 4618 4618 4556 4556 4622 4622 4619 4619 4622 4622 4562 4562 4624 4624 4619 4619 4624 4624 4561 4561 4622 4622 4624 4624 4619 4619 4539 4539 4617 4617 4635 4635 4617 4617 4561 4561 4638 4638 4635 4635 4638 4638 4565 4565 4617 4617 4638 4638 4635 4635 4561 4561 4618 4618 4653 4653 4618 4618 4544 4544 4650 4650 4653 4653 4650 4650 4568 4568 4618 4618 4650 4650 4653 4653 4565 4565 4655 4655 4636 4636 4655 4655 4568 4568 4651 4651 4636 4636 4651 4651 4545 4545 4655 4655 4651 4651 4636 4636 4561 4561 4653 4653 4638 4638 4653 4653 4568 4568 4655 4655 4638 4638 4655 4655 4565 4565 4653 4653 4655 4655 4638 4638 4540 4540 4639 4639 4596 4596 4639 4639 4566 4566 4642 4642 4596 4596 4642 4642 4554 4554 4639 4639 4642 4642 4596 4596 4566 4566 4640 4640 4649 4649 4640 4640 4545 4545 4645 4645 4649 4649 4645 4645 4567 4567 4640 4640 4645 4645 4649 4649 4554 4554 4647 4647 4597 4597 4647 4647 4567 4567 4644 4644 4597 4597 4644 4644 4541 4541 4647 4647 4644 4644 4597 4597 4566 4566 4649 4649 4642 4642 4649 4649 4567 4567 4647 4647 4642 4642 4647 4647 4554 4554 4649 4649 4647 4647 4642 4642 4538 4538 4582 4582 4677 4677 4582 4582 4550 4550 4679 4679 4677 4677 4679 4679 4574 4574 4582 4582 4679 4679 4677 4677 4550 4550 4583 4583 4683 4683 4583 4583 4540 4540 4681 4681 4683 4683 4681 4681 4575 4575 4583 4583 4681 4681 4683 4683 4574 4574 4685 4685 4678 4678 4685 4685 4575 4575 4682 4682 4678 4678 4682 4682 4547 4547 4685 4685 4682 4682 4678 4678 4550 4550 4683 4683 4679 4679 4683 4683 4575 4575 4685 4685 4679 4679 4685 4685 4574 4574 4683 4683 4685 4685 4679 4679 4542 4542 4599 4599 4662 4662 4599 4599 4555 4555 4664 4664 4662 4662 4664 4664 4571 4571 4599 4599 4664 4664 4662 4662 4555 4555 4598 4598 4661 4661 4598 4598 4538 4538 4659 4659 4661 4661 4659 4659 4570 4570 4598 4598 4659 4659 4661 4661 4571 4571 4666 4666 4663 4663 4666 4666 4570 4570 4660 4660 4663 4663 4660 4660 4546 4546 4666 4666 4660 4660 4663 4663 4555 4555 4661 4661 4664 4664 4661 4661 4570 4570 4666 4666 4664 4664 4666 4666 4571 4571 4661 4661 4666 4666 4664 4664 4544 4544 4621 4621 4626 4626 4621 4621 4562 4562 4630 4630 4626 4626 4630 4630 4563 4563 4621 4621 4630 4630 4626 4626 4562 4562 4620 4620 4623 4623 4620 4620 4542 4542 4612 4612 4623 4623 4612 4612 4559 4559 4620 4620 4612 4612 4623 4623 4563 4563 4628 4628 4625 4625 4628 4628 4559 4559 4613 4613 4625 4625 4613 4613 4543 4543 4628 4628 4613 4613 4625 4625 4562 4562 4623 4623 4630 4630 4623 4623 4559 4559 4628 4628 4630 4630 4628 4628 4563 4563 4623 4623 4628 4628 4630 4630 4545 4545 4651 4651 4632 4632 4651 4651 4568 4568 4654 4654 4632 4632 4654 4654 4564 4564 4651 4651 4654 4654 4632 4632 4568 4568 4650 4650 4652 4652 4650 4650 4544 4544 4615 4615 4652 4652 4615 4615 4560 4560 4650 4650 4615 4615 4652 4652 4564 4564 4634 4634 4631 4631 4634 4634 4560 4560 4614 4614 4631 4631 4614 4614 4537 4537 4634 4634 4614 4614 4631 4631 4568 4568 4652 4652 4654 4654 4652 4652 4560 4560 4634 4634 4654 4654 4634 4634 4564 4564 4652 4652 4634 4634 4654 4654 4698 4698 4835 4835 4751 4751 4835 4835 4735 4735 4837 4837 4751 4751 4837 4837 4714 4714 4835 4835 4837 4837 4751 4751 4735 4735 4836 4836 4852 4852 4836 4836 4709 4709 4849 4849 4852 4852 4849 4849 4738 4738 4836 4836 4849 4849 4852 4852 4714 4714 4850 4850 4752 4752 4850 4850 4738 4738 4848 4848 4752 4752 4848 4848 4703 4703 4850 4850 4848 4848 4752 4752 4735 4735 4852 4852 4837 4837 4852 4852 4738 4738 4850 4850 4837 4837 4850 4850 4714 4714 4852 4852 4850 4850 4837 4837 4698 4698 4751 4751 4740 4740 4751 4751 4714 4714 4753 4753 4740 4740 4753 4753 4710 4710 4751 4751 4753 4753 4740 4740 4714 4714 4752 4752 4757 4757 4752 4752 4703 4703 4755 4755 4757 4757 4755 4755 4715 4715 4752 4752 4755 4755 4757 4757 4710 4710 4756 4756 4741 4741 4756 4756 4715 4715 4754 4754 4741 4741 4754 4754 4699 4699 4756 4756 4754 4754 4741 4741 4714 4714 4757 4757 4753 4753 4757 4757 4715 4715 4756 4756 4753 4753 4756 4756 4710 4710 4757 4757 4756 4756 4753 4753 4698 4698 4740 4740 4767 4767 4740 4740 4710 4710 4769 4769 4767 4767 4769 4769 4719 4719 4740 4740 4769 4769 4767 4767 4710 4710 4741 4741 4772 4772 4741 4741 4699 4699 4770 4770 4772 4772 4770 4770 4720 4720 4741 4741 4770 4770 4772 4772 4719 4719 4773 4773 4768 4768 4773 4773 4720 4720 4771 4771 4768 4768 4771 4771 4705 4705 4773 4773 4771 4771 4768 4768 4710 4710 4772 4772 4769 4769 4772 4772 4720 4720 4773 4773 4769 4769 4773 4773 4719 4719 4772 4772 4773 4773 4769 4769 4698 4698 4767 4767 4818 4818 4767 4767 4719 4719 4820 4820 4818 4818 4820 4820 4731 4731 4767 4767 4820 4820 4818 4818 4719 4719 4768 4768 4831 4831 4768 4768 4705 4705 4829 4829 4831 4831 4829 4829 4734 4734 4768 4768 4829 4829 4831 4831 4731 4731 4833 4833 4819 4819 4833 4833 4734 4734 4830 4830 4819 4819 4830 4830 4708 4708 4833 4833 4830 4830 4819 4819 4719 4719 4831 4831 4820 4820 4831 4831 4734 4734 4833 4833 4820 4820 4833 4833 4731 4731 4831 4831 4833 4833 4820 4820 4698 4698 4818 4818 4835 4835 4818 4818 4731 4731 4838 4838 4835 4835 4838 4838 4735 4735 4818 4818 4838 4838 4835 4835 4731 4731 4819 4819 4856 4856 4819 4819 4708 4708 4854 4854 4856 4856 4854 4854 4739 4739 4819 4819 4854 4854 4856 4856 4735 4735 4858 4858 4836 4836 4858 4858 4739 4739 4855 4855 4836 4836 4855 4855 4709 4709 4858 4858 4855 4855 4836 4836 4731 4731 4856 4856 4838 4838 4856 4856 4739 4739 4858 4858 4838 4838 4858 4858 4735 4735 4856 4856 4858 4858 4838 4838 4699 4699 4754 4754 4793 4793 4754 4754 4715 4715 4795 4795 4793 4793 4795 4795 4726 4726 4754 4754 4795 4795 4793 4793 4715 4715 4755 4755 4808 4808 4755 4755 4703 4703 4806 4806 4808 4808 4806 4806 4729 4729 4755 4755 4806 4806 4808 4808 4726 4726 4810 4810 4794 4794 4810 4810 4729 4729 4807 4807 4794 4794 4807 4807 4707 4707 4810 4810 4807 4807 4794 4794 4715 4715 4808 4808 4795 4795 4808 4808 4729 4729 4810 4810 4795 4795 4810 4810 4726 4726 4808 4808 4810 4810 4795 4795 4703 4703 4848 4848 4759 4759 4848 4848 4738 4738 4851 4851 4759 4759 4851 4851 4716 4716 4848 4848 4851 4851 4759 4759 4738 4738 4849 4849 4853 4853 4849 4849 4709 4709 4844 4844 4853 4853 4844 4844 4737 4737 4849 4849 4844 4844 4853 4853 4716 4716 4846 4846 4758 4758 4846 4846 4737 4737 4843 4843 4758 4758 4843 4843 4702 4702 4846 4846 4843 4843 4758 4758 4738 4738 4853 4853 4851 4851 4853 4853 4737 4737 4846 4846 4851 4851 4846 4846 4716 4716 4853 4853 4846 4846 4851 4851 4709 4709 4855 4855 4840 4840 4855 4855 4739 4739 4859 4859 4840 4840 4859 4859 4736 4736 4855 4855 4859 4859 4840 4840 4739 4739 4854 4854 4857 4857 4854 4854 4708 4708 4822 4822 4857 4857 4822 4822 4732 4732 4854 4854 4822 4822 4857 4857 4736 4736 4842 4842 4839 4839 4842 4842 4732 4732 4821 4821 4839 4839 4821 4821 4700 4700 4842 4842 4821 4821 4839 4839 4739 4739 4857 4857 4859 4859 4857 4857 4732 4732 4842 4842 4859 4859 4842 4842 4736 4736 4857 4857 4842 4842 4859 4859 4708 4708 4830 4830 4825 4825 4830 4830 4734 4734 4834 4834 4825 4825 4834 4834 4733 4733 4830 4830 4834 4834 4825 4825 4734 4734 4829 4829 4832 4832 4829 4829 4705 4705 4775 4775 4832 4832 4775 4775 4721 4721 4829 4829 4775 4775 4832 4832 4733 4733 4827 4827 4824 4824 4827 4827 4721 4721 4774 4774 4824 4824 4774 4774 4704 4704 4827 4827 4774 4774 4824 4824 4734 4734 4832 4832 4834 4834 4832 4832 4721 4721 4827 4827 4834 4834 4827 4827 4733 4733 4832 4832 4827 4827 4834 4834 4705 4705 4771 4771 4787 4787 4771 4771 4720 4720 4789 4789 4787 4787 4789 4789 4725 4725 4771 4771 4789 4789 4787 4787 4720 4720 4770 4770 4778 4778 4770 4770 4699 4699 4776 4776 4778 4778 4776 4776 4722 4722 4770 4770 4776 4776 4778 4778 4725 4725 4791 4791 4788 4788 4791 4791 4722 4722 4777 4777 4788 4788 4777 4777 4706 4706 4791 4791 4777 4777 4788 4788 4720 4720 4778 4778 4789 4789 4778 4778 4722 4722 4791 4791 4789 4789 4791 4791 4725 4725 4778 4778 4791 4791 4789 4789 4701 4701 4797 4797 4747 4747 4797 4797 4727 4727 4799 4799 4747 4747 4799 4799 4713 4713 4797 4797 4799 4799 4747 4747 4727 4727 4798 4798 4805 4805 4798 4798 4707 4707 4802 4802 4805 4805 4802 4802 4728 4728 4798 4798 4802 4802 4805 4805 4713 4713 4803 4803 4748 4748 4803 4803 4728 4728 4801 4801 4748 4748 4801 4801 4702 4702 4803 4803 4801 4801 4748 4748 4727 4727 4805 4805 4799 4799 4805 4805 4728 4728 4803 4803 4799 4799 4803 4803 4713 4713 4805 4805 4803 4803 4799 4799 4701 4701 4747 4747 4743 4743 4747 4747 4713 4713 4749 4749 4743 4743 4749 4749 4711 4711 4747 4747 4749 4749 4743 4743 4713 4713 4748 4748 4750 4750 4748 4748 4702 4702 4745 4745 4750 4750 4745 4745 4712 4712 4748 4748 4745 4745 4750 4750 4711 4711 4746 4746 4742 4742 4746 4746 4712 4712 4744 4744 4742 4742 4744 4744 4700 4700 4746 4746 4744 4744 4742 4742 4713 4713 4750 4750 4749 4749 4750 4750 4712 4712 4746 4746 4749 4749 4746 4746 4711 4711 4750 4750 4746 4746 4749 4749 4701 4701 4743 4743 4763 4763 4743 4743 4711 4711 4765 4765 4763 4763 4765 4765 4718 4718 4743 4743 4765 4765 4763 4763 4711 4711 4742 4742 4762 4762 4742 4742 4700 4700 4760 4760 4762 4762 4760 4760 4717 4717 4742 4742 4760 4760 4762 4762 4718 4718 4766 4766 4764 4764 4766 4766 4717 4717 4761 4761 4764 4764 4761 4761 4704 4704 4766 4766 4761 4761 4764 4764 4711 4711 4762 4762 4765 4765 4762 4762 4717 4717 4766 4766 4765 4765 4766 4766 4718 4718 4762 4762 4766 4766 4765 4765 4701 4701 4763 4763 4779 4779 4763 4763 4718 4718 4781 4781 4779 4779 4781 4781 4723 4723 4763 4763 4781 4781 4779 4779 4718 4718 4764 4764 4784 4784 4764 4764 4704 4704 4782 4782 4784 4784 4782 4782 4724 4724 4764 4764 4782 4782 4784 4784 4723 4723 4786 4786 4780 4780 4786 4786 4724 4724 4783 4783 4780 4780 4783 4783 4706 4706 4786 4786 4783 4783 4780 4780 4718 4718 4784 4784 4781 4781 4784 4784 4724 4724 4786 4786 4781 4781 4786 4786 4723 4723 4784 4784 4786 4786 4781 4781 4701 4701 4779 4779 4797 4797 4779 4779 4723 4723 4800 4800 4797 4797 4800 4800 4727 4727 4779 4779 4800 4800 4797 4797 4723 4723 4780 4780 4815 4815 4780 4780 4706 4706 4812 4812 4815 4815 4812 4812 4730 4730 4780 4780 4812 4812 4815 4815 4727 4727 4817 4817 4798 4798 4817 4817 4730 4730 4813 4813 4798 4798 4813 4813 4707 4707 4817 4817 4813 4813 4798 4798 4723 4723 4815 4815 4800 4800 4815 4815 4730 4730 4817 4817 4800 4800 4817 4817 4727 4727 4815 4815 4817 4817 4800 4800 4702 4702 4801 4801 4758 4758 4801 4801 4728 4728 4804 4804 4758 4758 4804 4804 4716 4716 4801 4801 4804 4804 4758 4758 4728 4728 4802 4802 4811 4811 4802 4802 4707 4707 4807 4807 4811 4811 4807 4807 4729 4729 4802 4802 4807 4807 4811 4811 4716 4716 4809 4809 4759 4759 4809 4809 4729 4729 4806 4806 4759 4759 4806 4806 4703 4703 4809 4809 4806 4806 4759 4759 4728 4728 4811 4811 4804 4804 4811 4811 4729 4729 4809 4809 4804 4804 4809 4809 4716 4716 4811 4811 4809 4809 4804 4804 4700 4700 4744 4744 4839 4839 4744 4744 4712 4712 4841 4841 4839 4839 4841 4841 4736 4736 4744 4744 4841 4841 4839 4839 4712 4712 4745 4745 4845 4845 4745 4745 4702 4702 4843 4843 4845 4845 4843 4843 4737 4737 4745 4745 4843 4843 4845 4845 4736 4736 4847 4847 4840 4840 4847 4847 4737 4737 4844 4844 4840 4840 4844 4844 4709 4709 4847 4847 4844 4844 4840 4840 4712 4712 4845 4845 4841 4841 4845 4845 4737 4737 4847 4847 4841 4841 4847 4847 4736 4736 4845 4845 4847 4847 4841 4841 4704 4704 4761 4761 4824 4824 4761 4761 4717 4717 4826 4826 4824 4824 4826 4826 4733 4733 4761 4761 4826 4826 4824 4824 4717 4717 4760 4760 4823 4823 4760 4760 4700 4700 4821 4821 4823 4823 4821 4821 4732 4732 4760 4760 4821 4821 4823 4823 4733 4733 4828 4828 4825 4825 4828 4828 4732 4732 4822 4822 4825 4825 4822 4822 4708 4708 4828 4828 4822 4822 4825 4825 4717 4717 4823 4823 4826 4826 4823 4823 4732 4732 4828 4828 4826 4826 4828 4828 4733 4733 4823 4823 4828 4828 4826 4826 4706 4706 4783 4783 4788 4788 4783 4783 4724 4724 4792 4792 4788 4788 4792 4792 4725 4725 4783 4783 4792 4792 4788 4788 4724 4724 4782 4782 4785 4785 4782 4782 4704 4704 4774 4774 4785 4785 4774 4774 4721 4721 4782 4782 4774 4774 4785 4785 4725 4725 4790 4790 4787 4787 4790 4790 4721 4721 4775 4775 4787 4787 4775 4775 4705 4705 4790 4790 4775 4775 4787 4787 4724 4724 4785 4785 4792 4792 4785 4785 4721 4721 4790 4790 4792 4792 4790 4790 4725 4725 4785 4785 4790 4790 4792 4792 4707 4707 4813 4813 4794 4794 4813 4813 4730 4730 4816 4816 4794 4794 4816 4816 4726 4726 4813 4813 4816 4816 4794 4794 4730 4730 4812 4812 4814 4814 4812 4812 4706 4706 4777 4777 4814 4814 4777 4777 4722 4722 4812 4812 4777 4777 4814 4814 4726 4726 4796 4796 4793 4793 4796 4796 4722 4722 4776 4776 4793 4793 4776 4776 4699 4699 4796 4796 4776 4776 4793 4793 4730 4730 4814 4814 4816 4816 4814 4814 4722 4722 4796 4796 4816 4816 4796 4796 4726 4726 4814 4814 4796 4796 4816 4816 4860 4860 4997 4997 4913 4913 4997 4997 4897 4897 4999 4999 4913 4913 4999 4999 4876 4876 4997 4997 4999 4999 4913 4913 4897 4897 4998 4998 5014 5014 4998 4998 4871 4871 5011 5011 5014 5014 5011 5011 4900 4900 4998 4998 5011 5011 5014 5014 4876 4876 5012 5012 4914 4914 5012 5012 4900 4900 5010 5010 4914 4914 5010 5010 4865 4865 5012 5012 5010 5010 4914 4914 4897 4897 5014 5014 4999 4999 5014 5014 4900 4900 5012 5012 4999 4999 5012 5012 4876 4876 5014 5014 5012 5012 4999 4999 4860 4860 4913 4913 4902 4902 4913 4913 4876 4876 4915 4915 4902 4902 4915 4915 4872 4872 4913 4913 4915 4915 4902 4902 4876 4876 4914 4914 4919 4919 4914 4914 4865 4865 4917 4917 4919 4919 4917 4917 4877 4877 4914 4914 4917 4917 4919 4919 4872 4872 4918 4918 4903 4903 4918 4918 4877 4877 4916 4916 4903 4903 4916 4916 4861 4861 4918 4918 4916 4916 4903 4903 4876 4876 4919 4919 4915 4915 4919 4919 4877 4877 4918 4918 4915 4915 4918 4918 4872 4872 4919 4919 4918 4918 4915 4915 4860 4860 4902 4902 4929 4929 4902 4902 4872 4872 4931 4931 4929 4929 4931 4931 4881 4881 4902 4902 4931 4931 4929 4929 4872 4872 4903 4903 4934 4934 4903 4903 4861 4861 4932 4932 4934 4934 4932 4932 4882 4882 4903 4903 4932 4932 4934 4934 4881 4881 4935 4935 4930 4930 4935 4935 4882 4882 4933 4933 4930 4930 4933 4933 4867 4867 4935 4935 4933 4933 4930 4930 4872 4872 4934 4934 4931 4931 4934 4934 4882 4882 4935 4935 4931 4931 4935 4935 4881 4881 4934 4934 4935 4935 4931 4931 4860 4860 4929 4929 4980 4980 4929 4929 4881 4881 4982 4982 4980 4980 4982 4982 4893 4893 4929 4929 4982 4982 4980 4980 4881 4881 4930 4930 4993 4993 4930 4930 4867 4867 4991 4991 4993 4993 4991 4991 4896 4896 4930 4930 4991 4991 4993 4993 4893 4893 4995 4995 4981 4981 4995 4995 4896 4896 4992 4992 4981 4981 4992 4992 4870 4870 4995 4995 4992 4992 4981 4981 4881 4881 4993 4993 4982 4982 4993 4993 4896 4896 4995 4995 4982 4982 4995 4995 4893 4893 4993 4993 4995 4995 4982 4982 4860 4860 4980 4980 4997 4997 4980 4980 4893 4893 5000 5000 4997 4997 5000 5000 4897 4897 4980 4980 5000 5000 4997 4997 4893 4893 4981 4981 5018 5018 4981 4981 4870 4870 5016 5016 5018 5018 5016 5016 4901 4901 4981 4981 5016 5016 5018 5018 4897 4897 5020 5020 4998 4998 5020 5020 4901 4901 5017 5017 4998 4998 5017 5017 4871 4871 5020 5020 5017 5017 4998 4998 4893 4893 5018 5018 5000 5000 5018 5018 4901 4901 5020 5020 5000 5000 5020 5020 4897 4897 5018 5018 5020 5020 5000 5000 4861 4861 4916 4916 4955 4955 4916 4916 4877 4877 4957 4957 4955 4955 4957 4957 4888 4888 4916 4916 4957 4957 4955 4955 4877 4877 4917 4917 4970 4970 4917 4917 4865 4865 4968 4968 4970 4970 4968 4968 4891 4891 4917 4917 4968 4968 4970 4970 4888 4888 4972 4972 4956 4956 4972 4972 4891 4891 4969 4969 4956 4956 4969 4969 4869 4869 4972 4972 4969 4969 4956 4956 4877 4877 4970 4970 4957 4957 4970 4970 4891 4891 4972 4972 4957 4957 4972 4972 4888 4888 4970 4970 4972 4972 4957 4957 4865 4865 5010 5010 4921 4921 5010 5010 4900 4900 5013 5013 4921 4921 5013 5013 4878 4878 5010 5010 5013 5013 4921 4921 4900 4900 5011 5011 5015 5015 5011 5011 4871 4871 5006 5006 5015 5015 5006 5006 4899 4899 5011 5011 5006 5006 5015 5015 4878 4878 5008 5008 4920 4920 5008 5008 4899 4899 5005 5005 4920 4920 5005 5005 4864 4864 5008 5008 5005 5005 4920 4920 4900 4900 5015 5015 5013 5013 5015 5015 4899 4899 5008 5008 5013 5013 5008 5008 4878 4878 5015 5015 5008 5008 5013 5013 4871 4871 5017 5017 5002 5002 5017 5017 4901 4901 5021 5021 5002 5002 5021 5021 4898 4898 5017 5017 5021 5021 5002 5002 4901 4901 5016 5016 5019 5019 5016 5016 4870 4870 4984 4984 5019 5019 4984 4984 4894 4894 5016 5016 4984 4984 5019 5019 4898 4898 5004 5004 5001 5001 5004 5004 4894 4894 4983 4983 5001 5001 4983 4983 4862 4862 5004 5004 4983 4983 5001 5001 4901 4901 5019 5019 5021 5021 5019 5019 4894 4894 5004 5004 5021 5021 5004 5004 4898 4898 5019 5019 5004 5004 5021 5021 4870 4870 4992 4992 4987 4987 4992 4992 4896 4896 4996 4996 4987 4987 4996 4996 4895 4895 4992 4992 4996 4996 4987 4987 4896 4896 4991 4991 4994 4994 4991 4991 4867 4867 4937 4937 4994 4994 4937 4937 4883 4883 4991 4991 4937 4937 4994 4994 4895 4895 4989 4989 4986 4986 4989 4989 4883 4883 4936 4936 4986 4986 4936 4936 4866 4866 4989 4989 4936 4936 4986 4986 4896 4896 4994 4994 4996 4996 4994 4994 4883 4883 4989 4989 4996 4996 4989 4989 4895 4895 4994 4994 4989 4989 4996 4996 4867 4867 4933 4933 4949 4949 4933 4933 4882 4882 4951 4951 4949 4949 4951 4951 4887 4887 4933 4933 4951 4951 4949 4949 4882 4882 4932 4932 4940 4940 4932 4932 4861 4861 4938 4938 4940 4940 4938 4938 4884 4884 4932 4932 4938 4938 4940 4940 4887 4887 4953 4953 4950 4950 4953 4953 4884 4884 4939 4939 4950 4950 4939 4939 4868 4868 4953 4953 4939 4939 4950 4950 4882 4882 4940 4940 4951 4951 4940 4940 4884 4884 4953 4953 4951 4951 4953 4953 4887 4887 4940 4940 4953 4953 4951 4951 4863 4863 4959 4959 4909 4909 4959 4959 4889 4889 4961 4961 4909 4909 4961 4961 4875 4875 4959 4959 4961 4961 4909 4909 4889 4889 4960 4960 4967 4967 4960 4960 4869 4869 4964 4964 4967 4967 4964 4964 4890 4890 4960 4960 4964 4964 4967 4967 4875 4875 4965 4965 4910 4910 4965 4965 4890 4890 4963 4963 4910 4910 4963 4963 4864 4864 4965 4965 4963 4963 4910 4910 4889 4889 4967 4967 4961 4961 4967 4967 4890 4890 4965 4965 4961 4961 4965 4965 4875 4875 4967 4967 4965 4965 4961 4961 4863 4863 4909 4909 4905 4905 4909 4909 4875 4875 4911 4911 4905 4905 4911 4911 4873 4873 4909 4909 4911 4911 4905 4905 4875 4875 4910 4910 4912 4912 4910 4910 4864 4864 4907 4907 4912 4912 4907 4907 4874 4874 4910 4910 4907 4907 4912 4912 4873 4873 4908 4908 4904 4904 4908 4908 4874 4874 4906 4906 4904 4904 4906 4906 4862 4862 4908 4908 4906 4906 4904 4904 4875 4875 4912 4912 4911 4911 4912 4912 4874 4874 4908 4908 4911 4911 4908 4908 4873 4873 4912 4912 4908 4908 4911 4911 4863 4863 4905 4905 4925 4925 4905 4905 4873 4873 4927 4927 4925 4925 4927 4927 4880 4880 4905 4905 4927 4927 4925 4925 4873 4873 4904 4904 4924 4924 4904 4904 4862 4862 4922 4922 4924 4924 4922 4922 4879 4879 4904 4904 4922 4922 4924 4924 4880 4880 4928 4928 4926 4926 4928 4928 4879 4879 4923 4923 4926 4926 4923 4923 4866 4866 4928 4928 4923 4923 4926 4926 4873 4873 4924 4924 4927 4927 4924 4924 4879 4879 4928 4928 4927 4927 4928 4928 4880 4880 4924 4924 4928 4928 4927 4927 4863 4863 4925 4925 4941 4941 4925 4925 4880 4880 4943 4943 4941 4941 4943 4943 4885 4885 4925 4925 4943 4943 4941 4941 4880 4880 4926 4926 4946 4946 4926 4926 4866 4866 4944 4944 4946 4946 4944 4944 4886 4886 4926 4926 4944 4944 4946 4946 4885 4885 4948 4948 4942 4942 4948 4948 4886 4886 4945 4945 4942 4942 4945 4945 4868 4868 4948 4948 4945 4945 4942 4942 4880 4880 4946 4946 4943 4943 4946 4946 4886 4886 4948 4948 4943 4943 4948 4948 4885 4885 4946 4946 4948 4948 4943 4943 4863 4863 4941 4941 4959 4959 4941 4941 4885 4885 4962 4962 4959 4959 4962 4962 4889 4889 4941 4941 4962 4962 4959 4959 4885 4885 4942 4942 4977 4977 4942 4942 4868 4868 4974 4974 4977 4977 4974 4974 4892 4892 4942 4942 4974 4974 4977 4977 4889 4889 4979 4979 4960 4960 4979 4979 4892 4892 4975 4975 4960 4960 4975 4975 4869 4869 4979 4979 4975 4975 4960 4960 4885 4885 4977 4977 4962 4962 4977 4977 4892 4892 4979 4979 4962 4962 4979 4979 4889 4889 4977 4977 4979 4979 4962 4962 4864 4864 4963 4963 4920 4920 4963 4963 4890 4890 4966 4966 4920 4920 4966 4966 4878 4878 4963 4963 4966 4966 4920 4920 4890 4890 4964 4964 4973 4973 4964 4964 4869 4869 4969 4969 4973 4973 4969 4969 4891 4891 4964 4964 4969 4969 4973 4973 4878 4878 4971 4971 4921 4921 4971 4971 4891 4891 4968 4968 4921 4921 4968 4968 4865 4865 4971 4971 4968 4968 4921 4921 4890 4890 4973 4973 4966 4966 4973 4973 4891 4891 4971 4971 4966 4966 4971 4971 4878 4878 4973 4973 4971 4971 4966 4966 4862 4862 4906 4906 5001 5001 4906 4906 4874 4874 5003 5003 5001 5001 5003 5003 4898 4898 4906 4906 5003 5003 5001 5001 4874 4874 4907 4907 5007 5007 4907 4907 4864 4864 5005 5005 5007 5007 5005 5005 4899 4899 4907 4907 5005 5005 5007 5007 4898 4898 5009 5009 5002 5002 5009 5009 4899 4899 5006 5006 5002 5002 5006 5006 4871 4871 5009 5009 5006 5006 5002 5002 4874 4874 5007 5007 5003 5003 5007 5007 4899 4899 5009 5009 5003 5003 5009 5009 4898 4898 5007 5007 5009 5009 5003 5003 4866 4866 4923 4923 4986 4986 4923 4923 4879 4879 4988 4988 4986 4986 4988 4988 4895 4895 4923 4923 4988 4988 4986 4986 4879 4879 4922 4922 4985 4985 4922 4922 4862 4862 4983 4983 4985 4985 4983 4983 4894 4894 4922 4922 4983 4983 4985 4985 4895 4895 4990 4990 4987 4987 4990 4990 4894 4894 4984 4984 4987 4987 4984 4984 4870 4870 4990 4990 4984 4984 4987 4987 4879 4879 4985 4985 4988 4988 4985 4985 4894 4894 4990 4990 4988 4988 4990 4990 4895 4895 4985 4985 4990 4990 4988 4988 4868 4868 4945 4945 4950 4950 4945 4945 4886 4886 4954 4954 4950 4950 4954 4954 4887 4887 4945 4945 4954 4954 4950 4950 4886 4886 4944 4944 4947 4947 4944 4944 4866 4866 4936 4936 4947 4947 4936 4936 4883 4883 4944 4944 4936 4936 4947 4947 4887 4887 4952 4952 4949 4949 4952 4952 4883 4883 4937 4937 4949 4949 4937 4937 4867 4867 4952 4952 4937 4937 4949 4949 4886 4886 4947 4947 4954 4954 4947 4947 4883 4883 4952 4952 4954 4954 4952 4952 4887 4887 4947 4947 4952 4952 4954 4954 4869 4869 4975 4975 4956 4956 4975 4975 4892 4892 4978 4978 4956 4956 4978 4978 4888 4888 4975 4975 4978 4978 4956 4956 4892 4892 4974 4974 4976 4976 4974 4974 4868 4868 4939 4939 4976 4976 4939 4939 4884 4884 4974 4974 4939 4939 4976 4976 4888 4888 4958 4958 4955 4955 4958 4958 4884 4884 4938 4938 4955 4955 4938 4938 4861 4861 4958 4958 4938 4938 4955 4955 4892 4892 4976 4976 4978 4978 4976 4976 4884 4884 4958 4958 4978 4978 4958 4958 4888 4888 4976 4976 4958 4958 4978 4978 5022 5022 5159 5159 5075 5075 5159 5159 5059 5059 5161 5161 5075 5075 5161 5161 5038 5038 5159 5159 5161 5161 5075 5075 5059 5059 5160 5160 5176 5176 5160 5160 5033 5033 5173 5173 5176 5176 5173 5173 5062 5062 5160 5160 5173 5173 5176 5176 5038 5038 5174 5174 5076 5076 5174 5174 5062 5062 5172 5172 5076 5076 5172 5172 5027 5027 5174 5174 5172 5172 5076 5076 5059 5059 5176 5176 5161 5161 5176 5176 5062 5062 5174 5174 5161 5161 5174 5174 5038 5038 5176 5176 5174 5174 5161 5161 5022 5022 5075 5075 5064 5064 5075 5075 5038 5038 5077 5077 5064 5064 5077 5077 5034 5034 5075 5075 5077 5077 5064 5064 5038 5038 5076 5076 5081 5081 5076 5076 5027 5027 5079 5079 5081 5081 5079 5079 5039 5039 5076 5076 5079 5079 5081 5081 5034 5034 5080 5080 5065 5065 5080 5080 5039 5039 5078 5078 5065 5065 5078 5078 5023 5023 5080 5080 5078 5078 5065 5065 5038 5038 5081 5081 5077 5077 5081 5081 5039 5039 5080 5080 5077 5077 5080 5080 5034 5034 5081 5081 5080 5080 5077 5077 5022 5022 5064 5064 5091 5091 5064 5064 5034 5034 5093 5093 5091 5091 5093 5093 5043 5043 5064 5064 5093 5093 5091 5091 5034 5034 5065 5065 5096 5096 5065 5065 5023 5023 5094 5094 5096 5096 5094 5094 5044 5044 5065 5065 5094 5094 5096 5096 5043 5043 5097 5097 5092 5092 5097 5097 5044 5044 5095 5095 5092 5092 5095 5095 5029 5029 5097 5097 5095 5095 5092 5092 5034 5034 5096 5096 5093 5093 5096 5096 5044 5044 5097 5097 5093 5093 5097 5097 5043 5043 5096 5096 5097 5097 5093 5093 5022 5022 5091 5091 5142 5142 5091 5091 5043 5043 5144 5144 5142 5142 5144 5144 5055 5055 5091 5091 5144 5144 5142 5142 5043 5043 5092 5092 5155 5155 5092 5092 5029 5029 5153 5153 5155 5155 5153 5153 5058 5058 5092 5092 5153 5153 5155 5155 5055 5055 5157 5157 5143 5143 5157 5157 5058 5058 5154 5154 5143 5143 5154 5154 5032 5032 5157 5157 5154 5154 5143 5143 5043 5043 5155 5155 5144 5144 5155 5155 5058 5058 5157 5157 5144 5144 5157 5157 5055 5055 5155 5155 5157 5157 5144 5144 5022 5022 5142 5142 5159 5159 5142 5142 5055 5055 5162 5162 5159 5159 5162 5162 5059 5059 5142 5142 5162 5162 5159 5159 5055 5055 5143 5143 5180 5180 5143 5143 5032 5032 5178 5178 5180 5180 5178 5178 5063 5063 5143 5143 5178 5178 5180 5180 5059 5059 5182 5182 5160 5160 5182 5182 5063 5063 5179 5179 5160 5160 5179 5179 5033 5033 5182 5182 5179 5179 5160 5160 5055 5055 5180 5180 5162 5162 5180 5180 5063 5063 5182 5182 5162 5162 5182 5182 5059 5059 5180 5180 5182 5182 5162 5162 5023 5023 5078 5078 5117 5117 5078 5078 5039 5039 5119 5119 5117 5117 5119 5119 5050 5050 5078 5078 5119 5119 5117 5117 5039 5039 5079 5079 5132 5132 5079 5079 5027 5027 5130 5130 5132 5132 5130 5130 5053 5053 5079 5079 5130 5130 5132 5132 5050 5050 5134 5134 5118 5118 5134 5134 5053 5053 5131 5131 5118 5118 5131 5131 5031 5031 5134 5134 5131 5131 5118 5118 5039 5039 5132 5132 5119 5119 5132 5132 5053 5053 5134 5134 5119 5119 5134 5134 5050 5050 5132 5132 5134 5134 5119 5119 5027 5027 5172 5172 5083 5083 5172 5172 5062 5062 5175 5175 5083 5083 5175 5175 5040 5040 5172 5172 5175 5175 5083 5083 5062 5062 5173 5173 5177 5177 5173 5173 5033 5033 5168 5168 5177 5177 5168 5168 5061 5061 5173 5173 5168 5168 5177 5177 5040 5040 5170 5170 5082 5082 5170 5170 5061 5061 5167 5167 5082 5082 5167 5167 5026 5026 5170 5170 5167 5167 5082 5082 5062 5062 5177 5177 5175 5175 5177 5177 5061 5061 5170 5170 5175 5175 5170 5170 5040 5040 5177 5177 5170 5170 5175 5175 5033 5033 5179 5179 5164 5164 5179 5179 5063 5063 5183 5183 5164 5164 5183 5183 5060 5060 5179 5179 5183 5183 5164 5164 5063 5063 5178 5178 5181 5181 5178 5178 5032 5032 5146 5146 5181 5181 5146 5146 5056 5056 5178 5178 5146 5146 5181 5181 5060 5060 5166 5166 5163 5163 5166 5166 5056 5056 5145 5145 5163 5163 5145 5145 5024 5024 5166 5166 5145 5145 5163 5163 5063 5063 5181 5181 5183 5183 5181 5181 5056 5056 5166 5166 5183 5183 5166 5166 5060 5060 5181 5181 5166 5166 5183 5183 5032 5032 5154 5154 5149 5149 5154 5154 5058 5058 5158 5158 5149 5149 5158 5158 5057 5057 5154 5154 5158 5158 5149 5149 5058 5058 5153 5153 5156 5156 5153 5153 5029 5029 5099 5099 5156 5156 5099 5099 5045 5045 5153 5153 5099 5099 5156 5156 5057 5057 5151 5151 5148 5148 5151 5151 5045 5045 5098 5098 5148 5148 5098 5098 5028 5028 5151 5151 5098 5098 5148 5148 5058 5058 5156 5156 5158 5158 5156 5156 5045 5045 5151 5151 5158 5158 5151 5151 5057 5057 5156 5156 5151 5151 5158 5158 5029 5029 5095 5095 5111 5111 5095 5095 5044 5044 5113 5113 5111 5111 5113 5113 5049 5049 5095 5095 5113 5113 5111 5111 5044 5044 5094 5094 5102 5102 5094 5094 5023 5023 5100 5100 5102 5102 5100 5100 5046 5046 5094 5094 5100 5100 5102 5102 5049 5049 5115 5115 5112 5112 5115 5115 5046 5046 5101 5101 5112 5112 5101 5101 5030 5030 5115 5115 5101 5101 5112 5112 5044 5044 5102 5102 5113 5113 5102 5102 5046 5046 5115 5115 5113 5113 5115 5115 5049 5049 5102 5102 5115 5115 5113 5113 5025 5025 5121 5121 5071 5071 5121 5121 5051 5051 5123 5123 5071 5071 5123 5123 5037 5037 5121 5121 5123 5123 5071 5071 5051 5051 5122 5122 5129 5129 5122 5122 5031 5031 5126 5126 5129 5129 5126 5126 5052 5052 5122 5122 5126 5126 5129 5129 5037 5037 5127 5127 5072 5072 5127 5127 5052 5052 5125 5125 5072 5072 5125 5125 5026 5026 5127 5127 5125 5125 5072 5072 5051 5051 5129 5129 5123 5123 5129 5129 5052 5052 5127 5127 5123 5123 5127 5127 5037 5037 5129 5129 5127 5127 5123 5123 5025 5025 5071 5071 5067 5067 5071 5071 5037 5037 5073 5073 5067 5067 5073 5073 5035 5035 5071 5071 5073 5073 5067 5067 5037 5037 5072 5072 5074 5074 5072 5072 5026 5026 5069 5069 5074 5074 5069 5069 5036 5036 5072 5072 5069 5069 5074 5074 5035 5035 5070 5070 5066 5066 5070 5070 5036 5036 5068 5068 5066 5066 5068 5068 5024 5024 5070 5070 5068 5068 5066 5066 5037 5037 5074 5074 5073 5073 5074 5074 5036 5036 5070 5070 5073 5073 5070 5070 5035 5035 5074 5074 5070 5070 5073 5073 5025 5025 5067 5067 5087 5087 5067 5067 5035 5035 5089 5089 5087 5087 5089 5089 5042 5042 5067 5067 5089 5089 5087 5087 5035 5035 5066 5066 5086 5086 5066 5066 5024 5024 5084 5084 5086 5086 5084 5084 5041 5041 5066 5066 5084 5084 5086 5086 5042 5042 5090 5090 5088 5088 5090 5090 5041 5041 5085 5085 5088 5088 5085 5085 5028 5028 5090 5090 5085 5085 5088 5088 5035 5035 5086 5086 5089 5089 5086 5086 5041 5041 5090 5090 5089 5089 5090 5090 5042 5042 5086 5086 5090 5090 5089 5089 5025 5025 5087 5087 5103 5103 5087 5087 5042 5042 5105 5105 5103 5103 5105 5105 5047 5047 5087 5087 5105 5105 5103 5103 5042 5042 5088 5088 5108 5108 5088 5088 5028 5028 5106 5106 5108 5108 5106 5106 5048 5048 5088 5088 5106 5106 5108 5108 5047 5047 5110 5110 5104 5104 5110 5110 5048 5048 5107 5107 5104 5104 5107 5107 5030 5030 5110 5110 5107 5107 5104 5104 5042 5042 5108 5108 5105 5105 5108 5108 5048 5048 5110 5110 5105 5105 5110 5110 5047 5047 5108 5108 5110 5110 5105 5105 5025 5025 5103 5103 5121 5121 5103 5103 5047 5047 5124 5124 5121 5121 5124 5124 5051 5051 5103 5103 5124 5124 5121 5121 5047 5047 5104 5104 5139 5139 5104 5104 5030 5030 5136 5136 5139 5139 5136 5136 5054 5054 5104 5104 5136 5136 5139 5139 5051 5051 5141 5141 5122 5122 5141 5141 5054 5054 5137 5137 5122 5122 5137 5137 5031 5031 5141 5141 5137 5137 5122 5122 5047 5047 5139 5139 5124 5124 5139 5139 5054 5054 5141 5141 5124 5124 5141 5141 5051 5051 5139 5139 5141 5141 5124 5124 5026 5026 5125 5125 5082 5082 5125 5125 5052 5052 5128 5128 5082 5082 5128 5128 5040 5040 5125 5125 5128 5128 5082 5082 5052 5052 5126 5126 5135 5135 5126 5126 5031 5031 5131 5131 5135 5135 5131 5131 5053 5053 5126 5126 5131 5131 5135 5135 5040 5040 5133 5133 5083 5083 5133 5133 5053 5053 5130 5130 5083 5083 5130 5130 5027 5027 5133 5133 5130 5130 5083 5083 5052 5052 5135 5135 5128 5128 5135 5135 5053 5053 5133 5133 5128 5128 5133 5133 5040 5040 5135 5135 5133 5133 5128 5128 5024 5024 5068 5068 5163 5163 5068 5068 5036 5036 5165 5165 5163 5163 5165 5165 5060 5060 5068 5068 5165 5165 5163 5163 5036 5036 5069 5069 5169 5169 5069 5069 5026 5026 5167 5167 5169 5169 5167 5167 5061 5061 5069 5069 5167 5167 5169 5169 5060 5060 5171 5171 5164 5164 5171 5171 5061 5061 5168 5168 5164 5164 5168 5168 5033 5033 5171 5171 5168 5168 5164 5164 5036 5036 5169 5169 5165 5165 5169 5169 5061 5061 5171 5171 5165 5165 5171 5171 5060 5060 5169 5169 5171 5171 5165 5165 5028 5028 5085 5085 5148 5148 5085 5085 5041 5041 5150 5150 5148 5148 5150 5150 5057 5057 5085 5085 5150 5150 5148 5148 5041 5041 5084 5084 5147 5147 5084 5084 5024 5024 5145 5145 5147 5147 5145 5145 5056 5056 5084 5084 5145 5145 5147 5147 5057 5057 5152 5152 5149 5149 5152 5152 5056 5056 5146 5146 5149 5149 5146 5146 5032 5032 5152 5152 5146 5146 5149 5149 5041 5041 5147 5147 5150 5150 5147 5147 5056 5056 5152 5152 5150 5150 5152 5152 5057 5057 5147 5147 5152 5152 5150 5150 5030 5030 5107 5107 5112 5112 5107 5107 5048 5048 5116 5116 5112 5112 5116 5116 5049 5049 5107 5107 5116 5116 5112 5112 5048 5048 5106 5106 5109 5109 5106 5106 5028 5028 5098 5098 5109 5109 5098 5098 5045 5045 5106 5106 5098 5098 5109 5109 5049 5049 5114 5114 5111 5111 5114 5114 5045 5045 5099 5099 5111 5111 5099 5099 5029 5029 5114 5114 5099 5099 5111 5111 5048 5048 5109 5109 5116 5116 5109 5109 5045 5045 5114 5114 5116 5116 5114 5114 5049 5049 5109 5109 5114 5114 5116 5116 5031 5031 5137 5137 5118 5118 5137 5137 5054 5054 5140 5140 5118 5118 5140 5140 5050 5050 5137 5137 5140 5140 5118 5118 5054 5054 5136 5136 5138 5138 5136 5136 5030 5030 5101 5101 5138 5138 5101 5101 5046 5046 5136 5136 5101 5101 5138 5138 5050 5050 5120 5120 5117 5117 5120 5120 5046 5046 5100 5100 5117 5117 5100 5100 5023 5023 5120 5120 5100 5100 5117 5117 5054 5054 5138 5138 5140 5140 5138 5138 5046 5046 5120 5120 5140 5140 5120 5120 5050 5050 5138 5138 5120 5120 5140 5140 5184 5184 5321 5321 5237 5237 5321 5321 5221 5221 5323 5323 5237 5237 5323 5323 5200 5200 5321 5321 5323 5323 5237 5237 5221 5221 5322 5322 5338 5338 5322 5322 5195 5195 5335 5335 5338 5338 5335 5335 5224 5224 5322 5322 5335 5335 5338 5338 5200 5200 5336 5336 5238 5238 5336 5336 5224 5224 5334 5334 5238 5238 5334 5334 5189 5189 5336 5336 5334 5334 5238 5238 5221 5221 5338 5338 5323 5323 5338 5338 5224 5224 5336 5336 5323 5323 5336 5336 5200 5200 5338 5338 5336 5336 5323 5323 5184 5184 5237 5237 5226 5226 5237 5237 5200 5200 5239 5239 5226 5226 5239 5239 5196 5196 5237 5237 5239 5239 5226 5226 5200 5200 5238 5238 5243 5243 5238 5238 5189 5189 5241 5241 5243 5243 5241 5241 5201 5201 5238 5238 5241 5241 5243 5243 5196 5196 5242 5242 5227 5227 5242 5242 5201 5201 5240 5240 5227 5227 5240 5240 5185 5185 5242 5242 5240 5240 5227 5227 5200 5200 5243 5243 5239 5239 5243 5243 5201 5201 5242 5242 5239 5239 5242 5242 5196 5196 5243 5243 5242 5242 5239 5239 5184 5184 5226 5226 5253 5253 5226 5226 5196 5196 5255 5255 5253 5253 5255 5255 5205 5205 5226 5226 5255 5255 5253 5253 5196 5196 5227 5227 5258 5258 5227 5227 5185 5185 5256 5256 5258 5258 5256 5256 5206 5206 5227 5227 5256 5256 5258 5258 5205 5205 5259 5259 5254 5254 5259 5259 5206 5206 5257 5257 5254 5254 5257 5257 5191 5191 5259 5259 5257 5257 5254 5254 5196 5196 5258 5258 5255 5255 5258 5258 5206 5206 5259 5259 5255 5255 5259 5259 5205 5205 5258 5258 5259 5259 5255 5255 5184 5184 5253 5253 5304 5304 5253 5253 5205 5205 5306 5306 5304 5304 5306 5306 5217 5217 5253 5253 5306 5306 5304 5304 5205 5205 5254 5254 5317 5317 5254 5254 5191 5191 5315 5315 5317 5317 5315 5315 5220 5220 5254 5254 5315 5315 5317 5317 5217 5217 5319 5319 5305 5305 5319 5319 5220 5220 5316 5316 5305 5305 5316 5316 5194 5194 5319 5319 5316 5316 5305 5305 5205 5205 5317 5317 5306 5306 5317 5317 5220 5220 5319 5319 5306 5306 5319 5319 5217 5217 5317 5317 5319 5319 5306 5306 5184 5184 5304 5304 5321 5321 5304 5304 5217 5217 5324 5324 5321 5321 5324 5324 5221 5221 5304 5304 5324 5324 5321 5321 5217 5217 5305 5305 5342 5342 5305 5305 5194 5194 5340 5340 5342 5342 5340 5340 5225 5225 5305 5305 5340 5340 5342 5342 5221 5221 5344 5344 5322 5322 5344 5344 5225 5225 5341 5341 5322 5322 5341 5341 5195 5195 5344 5344 5341 5341 5322 5322 5217 5217 5342 5342 5324 5324 5342 5342 5225 5225 5344 5344 5324 5324 5344 5344 5221 5221 5342 5342 5344 5344 5324 5324 5185 5185 5240 5240 5279 5279 5240 5240 5201 5201 5281 5281 5279 5279 5281 5281 5212 5212 5240 5240 5281 5281 5279 5279 5201 5201 5241 5241 5294 5294 5241 5241 5189 5189 5292 5292 5294 5294 5292 5292 5215 5215 5241 5241 5292 5292 5294 5294 5212 5212 5296 5296 5280 5280 5296 5296 5215 5215 5293 5293 5280 5280 5293 5293 5193 5193 5296 5296 5293 5293 5280 5280 5201 5201 5294 5294 5281 5281 5294 5294 5215 5215 5296 5296 5281 5281 5296 5296 5212 5212 5294 5294 5296 5296 5281 5281 5189 5189 5334 5334 5245 5245 5334 5334 5224 5224 5337 5337 5245 5245 5337 5337 5202 5202 5334 5334 5337 5337 5245 5245 5224 5224 5335 5335 5339 5339 5335 5335 5195 5195 5330 5330 5339 5339 5330 5330 5223 5223 5335 5335 5330 5330 5339 5339 5202 5202 5332 5332 5244 5244 5332 5332 5223 5223 5329 5329 5244 5244 5329 5329 5188 5188 5332 5332 5329 5329 5244 5244 5224 5224 5339 5339 5337 5337 5339 5339 5223 5223 5332 5332 5337 5337 5332 5332 5202 5202 5339 5339 5332 5332 5337 5337 5195 5195 5341 5341 5326 5326 5341 5341 5225 5225 5345 5345 5326 5326 5345 5345 5222 5222 5341 5341 5345 5345 5326 5326 5225 5225 5340 5340 5343 5343 5340 5340 5194 5194 5308 5308 5343 5343 5308 5308 5218 5218 5340 5340 5308 5308 5343 5343 5222 5222 5328 5328 5325 5325 5328 5328 5218 5218 5307 5307 5325 5325 5307 5307 5186 5186 5328 5328 5307 5307 5325 5325 5225 5225 5343 5343 5345 5345 5343 5343 5218 5218 5328 5328 5345 5345 5328 5328 5222 5222 5343 5343 5328 5328 5345 5345 5194 5194 5316 5316 5311 5311 5316 5316 5220 5220 5320 5320 5311 5311 5320 5320 5219 5219 5316 5316 5320 5320 5311 5311 5220 5220 5315 5315 5318 5318 5315 5315 5191 5191 5261 5261 5318 5318 5261 5261 5207 5207 5315 5315 5261 5261 5318 5318 5219 5219 5313 5313 5310 5310 5313 5313 5207 5207 5260 5260 5310 5310 5260 5260 5190 5190 5313 5313 5260 5260 5310 5310 5220 5220 5318 5318 5320 5320 5318 5318 5207 5207 5313 5313 5320 5320 5313 5313 5219 5219 5318 5318 5313 5313 5320 5320 5191 5191 5257 5257 5273 5273 5257 5257 5206 5206 5275 5275 5273 5273 5275 5275 5211 5211 5257 5257 5275 5275 5273 5273 5206 5206 5256 5256 5264 5264 5256 5256 5185 5185 5262 5262 5264 5264 5262 5262 5208 5208 5256 5256 5262 5262 5264 5264 5211 5211 5277 5277 5274 5274 5277 5277 5208 5208 5263 5263 5274 5274 5263 5263 5192 5192 5277 5277 5263 5263 5274 5274 5206 5206 5264 5264 5275 5275 5264 5264 5208 5208 5277 5277 5275 5275 5277 5277 5211 5211 5264 5264 5277 5277 5275 5275 5187 5187 5283 5283 5233 5233 5283 5283 5213 5213 5285 5285 5233 5233 5285 5285 5199 5199 5283 5283 5285 5285 5233 5233 5213 5213 5284 5284 5291 5291 5284 5284 5193 5193 5288 5288 5291 5291 5288 5288 5214 5214 5284 5284 5288 5288 5291 5291 5199 5199 5289 5289 5234 5234 5289 5289 5214 5214 5287 5287 5234 5234 5287 5287 5188 5188 5289 5289 5287 5287 5234 5234 5213 5213 5291 5291 5285 5285 5291 5291 5214 5214 5289 5289 5285 5285 5289 5289 5199 5199 5291 5291 5289 5289 5285 5285 5187 5187 5233 5233 5229 5229 5233 5233 5199 5199 5235 5235 5229 5229 5235 5235 5197 5197 5233 5233 5235 5235 5229 5229 5199 5199 5234 5234 5236 5236 5234 5234 5188 5188 5231 5231 5236 5236 5231 5231 5198 5198 5234 5234 5231 5231 5236 5236 5197 5197 5232 5232 5228 5228 5232 5232 5198 5198 5230 5230 5228 5228 5230 5230 5186 5186 5232 5232 5230 5230 5228 5228 5199 5199 5236 5236 5235 5235 5236 5236 5198 5198 5232 5232 5235 5235 5232 5232 5197 5197 5236 5236 5232 5232 5235 5235 5187 5187 5229 5229 5249 5249 5229 5229 5197 5197 5251 5251 5249 5249 5251 5251 5204 5204 5229 5229 5251 5251 5249 5249 5197 5197 5228 5228 5248 5248 5228 5228 5186 5186 5246 5246 5248 5248 5246 5246 5203 5203 5228 5228 5246 5246 5248 5248 5204 5204 5252 5252 5250 5250 5252 5252 5203 5203 5247 5247 5250 5250 5247 5247 5190 5190 5252 5252 5247 5247 5250 5250 5197 5197 5248 5248 5251 5251 5248 5248 5203 5203 5252 5252 5251 5251 5252 5252 5204 5204 5248 5248 5252 5252 5251 5251 5187 5187 5249 5249 5265 5265 5249 5249 5204 5204 5267 5267 5265 5265 5267 5267 5209 5209 5249 5249 5267 5267 5265 5265 5204 5204 5250 5250 5270 5270 5250 5250 5190 5190 5268 5268 5270 5270 5268 5268 5210 5210 5250 5250 5268 5268 5270 5270 5209 5209 5272 5272 5266 5266 5272 5272 5210 5210 5269 5269 5266 5266 5269 5269 5192 5192 5272 5272 5269 5269 5266 5266 5204 5204 5270 5270 5267 5267 5270 5270 5210 5210 5272 5272 5267 5267 5272 5272 5209 5209 5270 5270 5272 5272 5267 5267 5187 5187 5265 5265 5283 5283 5265 5265 5209 5209 5286 5286 5283 5283 5286 5286 5213 5213 5265 5265 5286 5286 5283 5283 5209 5209 5266 5266 5301 5301 5266 5266 5192 5192 5298 5298 5301 5301 5298 5298 5216 5216 5266 5266 5298 5298 5301 5301 5213 5213 5303 5303 5284 5284 5303 5303 5216 5216 5299 5299 5284 5284 5299 5299 5193 5193 5303 5303 5299 5299 5284 5284 5209 5209 5301 5301 5286 5286 5301 5301 5216 5216 5303 5303 5286 5286 5303 5303 5213 5213 5301 5301 5303 5303 5286 5286 5188 5188 5287 5287 5244 5244 5287 5287 5214 5214 5290 5290 5244 5244 5290 5290 5202 5202 5287 5287 5290 5290 5244 5244 5214 5214 5288 5288 5297 5297 5288 5288 5193 5193 5293 5293 5297 5297 5293 5293 5215 5215 5288 5288 5293 5293 5297 5297 5202 5202 5295 5295 5245 5245 5295 5295 5215 5215 5292 5292 5245 5245 5292 5292 5189 5189 5295 5295 5292 5292 5245 5245 5214 5214 5297 5297 5290 5290 5297 5297 5215 5215 5295 5295 5290 5290 5295 5295 5202 5202 5297 5297 5295 5295 5290 5290 5186 5186 5230 5230 5325 5325 5230 5230 5198 5198 5327 5327 5325 5325 5327 5327 5222 5222 5230 5230 5327 5327 5325 5325 5198 5198 5231 5231 5331 5331 5231 5231 5188 5188 5329 5329 5331 5331 5329 5329 5223 5223 5231 5231 5329 5329 5331 5331 5222 5222 5333 5333 5326 5326 5333 5333 5223 5223 5330 5330 5326 5326 5330 5330 5195 5195 5333 5333 5330 5330 5326 5326 5198 5198 5331 5331 5327 5327 5331 5331 5223 5223 5333 5333 5327 5327 5333 5333 5222 5222 5331 5331 5333 5333 5327 5327 5190 5190 5247 5247 5310 5310 5247 5247 5203 5203 5312 5312 5310 5310 5312 5312 5219 5219 5247 5247 5312 5312 5310 5310 5203 5203 5246 5246 5309 5309 5246 5246 5186 5186 5307 5307 5309 5309 5307 5307 5218 5218 5246 5246 5307 5307 5309 5309 5219 5219 5314 5314 5311 5311 5314 5314 5218 5218 5308 5308 5311 5311 5308 5308 5194 5194 5314 5314 5308 5308 5311 5311 5203 5203 5309 5309 5312 5312 5309 5309 5218 5218 5314 5314 5312 5312 5314 5314 5219 5219 5309 5309 5314 5314 5312 5312 5192 5192 5269 5269 5274 5274 5269 5269 5210 5210 5278 5278 5274 5274 5278 5278 5211 5211 5269 5269 5278 5278 5274 5274 5210 5210 5268 5268 5271 5271 5268 5268 5190 5190 5260 5260 5271 5271 5260 5260 5207 5207 5268 5268 5260 5260 5271 5271 5211 5211 5276 5276 5273 5273 5276 5276 5207 5207 5261 5261 5273 5273 5261 5261 5191 5191 5276 5276 5261 5261 5273 5273 5210 5210 5271 5271 5278 5278 5271 5271 5207 5207 5276 5276 5278 5278 5276 5276 5211 5211 5271 5271 5276 5276 5278 5278 5193 5193 5299 5299 5280 5280 5299 5299 5216 5216 5302 5302 5280 5280 5302 5302 5212 5212 5299 5299 5302 5302 5280 5280 5216 5216 5298 5298 5300 5300 5298 5298 5192 5192 5263 5263 5300 5300 5263 5263 5208 5208 5298 5298 5263 5263 5300 5300 5212 5212 5282 5282 5279 5279 5282 5282 5208 5208 5262 5262 5279 5279 5262 5262 5185 5185 5282 5282 5262 5262 5279 5279 5216 5216 5300 5300 5302 5302 5300 5300 5208 5208 5282 5282 5302 5302 5282 5282 5212 5212 5300 5300 5282 5282 5302 5302 5346 5346 5483 5483 5399 5399 5483 5483 5383 5383 5485 5485 5399 5399 5485 5485 5362 5362 5483 5483 5485 5485 5399 5399 5383 5383 5484 5484 5500 5500 5484 5484 5357 5357 5497 5497 5500 5500 5497 5497 5386 5386 5484 5484 5497 5497 5500 5500 5362 5362 5498 5498 5400 5400 5498 5498 5386 5386 5496 5496 5400 5400 5496 5496 5351 5351 5498 5498 5496 5496 5400 5400 5383 5383 5500 5500 5485 5485 5500 5500 5386 5386 5498 5498 5485 5485 5498 5498 5362 5362 5500 5500 5498 5498 5485 5485 5346 5346 5399 5399 5388 5388 5399 5399 5362 5362 5401 5401 5388 5388 5401 5401 5358 5358 5399 5399 5401 5401 5388 5388 5362 5362 5400 5400 5405 5405 5400 5400 5351 5351 5403 5403 5405 5405 5403 5403 5363 5363 5400 5400 5403 5403 5405 5405 5358 5358 5404 5404 5389 5389 5404 5404 5363 5363 5402 5402 5389 5389 5402 5402 5347 5347 5404 5404 5402 5402 5389 5389 5362 5362 5405 5405 5401 5401 5405 5405 5363 5363 5404 5404 5401 5401 5404 5404 5358 5358 5405 5405 5404 5404 5401 5401 5346 5346 5388 5388 5415 5415 5388 5388 5358 5358 5417 5417 5415 5415 5417 5417 5367 5367 5388 5388 5417 5417 5415 5415 5358 5358 5389 5389 5420 5420 5389 5389 5347 5347 5418 5418 5420 5420 5418 5418 5368 5368 5389 5389 5418 5418 5420 5420 5367 5367 5421 5421 5416 5416 5421 5421 5368 5368 5419 5419 5416 5416 5419 5419 5353 5353 5421 5421 5419 5419 5416 5416 5358 5358 5420 5420 5417 5417 5420 5420 5368 5368 5421 5421 5417 5417 5421 5421 5367 5367 5420 5420 5421 5421 5417 5417 5346 5346 5415 5415 5466 5466 5415 5415 5367 5367 5468 5468 5466 5466 5468 5468 5379 5379 5415 5415 5468 5468 5466 5466 5367 5367 5416 5416 5479 5479 5416 5416 5353 5353 5477 5477 5479 5479 5477 5477 5382 5382 5416 5416 5477 5477 5479 5479 5379 5379 5481 5481 5467 5467 5481 5481 5382 5382 5478 5478 5467 5467 5478 5478 5356 5356 5481 5481 5478 5478 5467 5467 5367 5367 5479 5479 5468 5468 5479 5479 5382 5382 5481 5481 5468 5468 5481 5481 5379 5379 5479 5479 5481 5481 5468 5468 5346 5346 5466 5466 5483 5483 5466 5466 5379 5379 5486 5486 5483 5483 5486 5486 5383 5383 5466 5466 5486 5486 5483 5483 5379 5379 5467 5467 5504 5504 5467 5467 5356 5356 5502 5502 5504 5504 5502 5502 5387 5387 5467 5467 5502 5502 5504 5504 5383 5383 5506 5506 5484 5484 5506 5506 5387 5387 5503 5503 5484 5484 5503 5503 5357 5357 5506 5506 5503 5503 5484 5484 5379 5379 5504 5504 5486 5486 5504 5504 5387 5387 5506 5506 5486 5486 5506 5506 5383 5383 5504 5504 5506 5506 5486 5486 5347 5347 5402 5402 5441 5441 5402 5402 5363 5363 5443 5443 5441 5441 5443 5443 5374 5374 5402 5402 5443 5443 5441 5441 5363 5363 5403 5403 5456 5456 5403 5403 5351 5351 5454 5454 5456 5456 5454 5454 5377 5377 5403 5403 5454 5454 5456 5456 5374 5374 5458 5458 5442 5442 5458 5458 5377 5377 5455 5455 5442 5442 5455 5455 5355 5355 5458 5458 5455 5455 5442 5442 5363 5363 5456 5456 5443 5443 5456 5456 5377 5377 5458 5458 5443 5443 5458 5458 5374 5374 5456 5456 5458 5458 5443 5443 5351 5351 5496 5496 5407 5407 5496 5496 5386 5386 5499 5499 5407 5407 5499 5499 5364 5364 5496 5496 5499 5499 5407 5407 5386 5386 5497 5497 5501 5501 5497 5497 5357 5357 5492 5492 5501 5501 5492 5492 5385 5385 5497 5497 5492 5492 5501 5501 5364 5364 5494 5494 5406 5406 5494 5494 5385 5385 5491 5491 5406 5406 5491 5491 5350 5350 5494 5494 5491 5491 5406 5406 5386 5386 5501 5501 5499 5499 5501 5501 5385 5385 5494 5494 5499 5499 5494 5494 5364 5364 5501 5501 5494 5494 5499 5499 5357 5357 5503 5503 5488 5488 5503 5503 5387 5387 5507 5507 5488 5488 5507 5507 5384 5384 5503 5503 5507 5507 5488 5488 5387 5387 5502 5502 5505 5505 5502 5502 5356 5356 5470 5470 5505 5505 5470 5470 5380 5380 5502 5502 5470 5470 5505 5505 5384 5384 5490 5490 5487 5487 5490 5490 5380 5380 5469 5469 5487 5487 5469 5469 5348 5348 5490 5490 5469 5469 5487 5487 5387 5387 5505 5505 5507 5507 5505 5505 5380 5380 5490 5490 5507 5507 5490 5490 5384 5384 5505 5505 5490 5490 5507 5507 5356 5356 5478 5478 5473 5473 5478 5478 5382 5382 5482 5482 5473 5473 5482 5482 5381 5381 5478 5478 5482 5482 5473 5473 5382 5382 5477 5477 5480 5480 5477 5477 5353 5353 5423 5423 5480 5480 5423 5423 5369 5369 5477 5477 5423 5423 5480 5480 5381 5381 5475 5475 5472 5472 5475 5475 5369 5369 5422 5422 5472 5472 5422 5422 5352 5352 5475 5475 5422 5422 5472 5472 5382 5382 5480 5480 5482 5482 5480 5480 5369 5369 5475 5475 5482 5482 5475 5475 5381 5381 5480 5480 5475 5475 5482 5482 5353 5353 5419 5419 5435 5435 5419 5419 5368 5368 5437 5437 5435 5435 5437 5437 5373 5373 5419 5419 5437 5437 5435 5435 5368 5368 5418 5418 5426 5426 5418 5418 5347 5347 5424 5424 5426 5426 5424 5424 5370 5370 5418 5418 5424 5424 5426 5426 5373 5373 5439 5439 5436 5436 5439 5439 5370 5370 5425 5425 5436 5436 5425 5425 5354 5354 5439 5439 5425 5425 5436 5436 5368 5368 5426 5426 5437 5437 5426 5426 5370 5370 5439 5439 5437 5437 5439 5439 5373 5373 5426 5426 5439 5439 5437 5437 5349 5349 5445 5445 5395 5395 5445 5445 5375 5375 5447 5447 5395 5395 5447 5447 5361 5361 5445 5445 5447 5447 5395 5395 5375 5375 5446 5446 5453 5453 5446 5446 5355 5355 5450 5450 5453 5453 5450 5450 5376 5376 5446 5446 5450 5450 5453 5453 5361 5361 5451 5451 5396 5396 5451 5451 5376 5376 5449 5449 5396 5396 5449 5449 5350 5350 5451 5451 5449 5449 5396 5396 5375 5375 5453 5453 5447 5447 5453 5453 5376 5376 5451 5451 5447 5447 5451 5451 5361 5361 5453 5453 5451 5451 5447 5447 5349 5349 5395 5395 5391 5391 5395 5395 5361 5361 5397 5397 5391 5391 5397 5397 5359 5359 5395 5395 5397 5397 5391 5391 5361 5361 5396 5396 5398 5398 5396 5396 5350 5350 5393 5393 5398 5398 5393 5393 5360 5360 5396 5396 5393 5393 5398 5398 5359 5359 5394 5394 5390 5390 5394 5394 5360 5360 5392 5392 5390 5390 5392 5392 5348 5348 5394 5394 5392 5392 5390 5390 5361 5361 5398 5398 5397 5397 5398 5398 5360 5360 5394 5394 5397 5397 5394 5394 5359 5359 5398 5398 5394 5394 5397 5397 5349 5349 5391 5391 5411 5411 5391 5391 5359 5359 5413 5413 5411 5411 5413 5413 5366 5366 5391 5391 5413 5413 5411 5411 5359 5359 5390 5390 5410 5410 5390 5390 5348 5348 5408 5408 5410 5410 5408 5408 5365 5365 5390 5390 5408 5408 5410 5410 5366 5366 5414 5414 5412 5412 5414 5414 5365 5365 5409 5409 5412 5412 5409 5409 5352 5352 5414 5414 5409 5409 5412 5412 5359 5359 5410 5410 5413 5413 5410 5410 5365 5365 5414 5414 5413 5413 5414 5414 5366 5366 5410 5410 5414 5414 5413 5413 5349 5349 5411 5411 5427 5427 5411 5411 5366 5366 5429 5429 5427 5427 5429 5429 5371 5371 5411 5411 5429 5429 5427 5427 5366 5366 5412 5412 5432 5432 5412 5412 5352 5352 5430 5430 5432 5432 5430 5430 5372 5372 5412 5412 5430 5430 5432 5432 5371 5371 5434 5434 5428 5428 5434 5434 5372 5372 5431 5431 5428 5428 5431 5431 5354 5354 5434 5434 5431 5431 5428 5428 5366 5366 5432 5432 5429 5429 5432 5432 5372 5372 5434 5434 5429 5429 5434 5434 5371 5371 5432 5432 5434 5434 5429 5429 5349 5349 5427 5427 5445 5445 5427 5427 5371 5371 5448 5448 5445 5445 5448 5448 5375 5375 5427 5427 5448 5448 5445 5445 5371 5371 5428 5428 5463 5463 5428 5428 5354 5354 5460 5460 5463 5463 5460 5460 5378 5378 5428 5428 5460 5460 5463 5463 5375 5375 5465 5465 5446 5446 5465 5465 5378 5378 5461 5461 5446 5446 5461 5461 5355 5355 5465 5465 5461 5461 5446 5446 5371 5371 5463 5463 5448 5448 5463 5463 5378 5378 5465 5465 5448 5448 5465 5465 5375 5375 5463 5463 5465 5465 5448 5448 5350 5350 5449 5449 5406 5406 5449 5449 5376 5376 5452 5452 5406 5406 5452 5452 5364 5364 5449 5449 5452 5452 5406 5406 5376 5376 5450 5450 5459 5459 5450 5450 5355 5355 5455 5455 5459 5459 5455 5455 5377 5377 5450 5450 5455 5455 5459 5459 5364 5364 5457 5457 5407 5407 5457 5457 5377 5377 5454 5454 5407 5407 5454 5454 5351 5351 5457 5457 5454 5454 5407 5407 5376 5376 5459 5459 5452 5452 5459 5459 5377 5377 5457 5457 5452 5452 5457 5457 5364 5364 5459 5459 5457 5457 5452 5452 5348 5348 5392 5392 5487 5487 5392 5392 5360 5360 5489 5489 5487 5487 5489 5489 5384 5384 5392 5392 5489 5489 5487 5487 5360 5360 5393 5393 5493 5493 5393 5393 5350 5350 5491 5491 5493 5493 5491 5491 5385 5385 5393 5393 5491 5491 5493 5493 5384 5384 5495 5495 5488 5488 5495 5495 5385 5385 5492 5492 5488 5488 5492 5492 5357 5357 5495 5495 5492 5492 5488 5488 5360 5360 5493 5493 5489 5489 5493 5493 5385 5385 5495 5495 5489 5489 5495 5495 5384 5384 5493 5493 5495 5495 5489 5489 5352 5352 5409 5409 5472 5472 5409 5409 5365 5365 5474 5474 5472 5472 5474 5474 5381 5381 5409 5409 5474 5474 5472 5472 5365 5365 5408 5408 5471 5471 5408 5408 5348 5348 5469 5469 5471 5471 5469 5469 5380 5380 5408 5408 5469 5469 5471 5471 5381 5381 5476 5476 5473 5473 5476 5476 5380 5380 5470 5470 5473 5473 5470 5470 5356 5356 5476 5476 5470 5470 5473 5473 5365 5365 5471 5471 5474 5474 5471 5471 5380 5380 5476 5476 5474 5474 5476 5476 5381 5381 5471 5471 5476 5476 5474 5474 5354 5354 5431 5431 5436 5436 5431 5431 5372 5372 5440 5440 5436 5436 5440 5440 5373 5373 5431 5431 5440 5440 5436 5436 5372 5372 5430 5430 5433 5433 5430 5430 5352 5352 5422 5422 5433 5433 5422 5422 5369 5369 5430 5430 5422 5422 5433 5433 5373 5373 5438 5438 5435 5435 5438 5438 5369 5369 5423 5423 5435 5435 5423 5423 5353 5353 5438 5438 5423 5423 5435 5435 5372 5372 5433 5433 5440 5440 5433 5433 5369 5369 5438 5438 5440 5440 5438 5438 5373 5373 5433 5433 5438 5438 5440 5440 5355 5355 5461 5461 5442 5442 5461 5461 5378 5378 5464 5464 5442 5442 5464 5464 5374 5374 5461 5461 5464 5464 5442 5442 5378 5378 5460 5460 5462 5462 5460 5460 5354 5354 5425 5425 5462 5462 5425 5425 5370 5370 5460 5460 5425 5425 5462 5462 5374 5374 5444 5444 5441 5441 5444 5444 5370 5370 5424 5424 5441 5441 5424 5424 5347 5347 5444 5444 5424 5424 5441 5441 5378 5378 5462 5462 5464 5464 5462 5462 5370 5370 5444 5444 5464 5464 5444 5444 5374 5374 5462 5462 5444 5444 5464 5464</p>
        </triangles>
      </mesh>
    </geometry>
  </library_geometries>
  <library_materials>
    <material id="0de4826e34cc42f6bae2d10ad81c2cf1" name="defaultmaterial">
      <instance_effect url="#13fb61256b6e4618bade888d97b5f3d9" />
    </material>
  </library_materials>
  <library_visual_scenes>
    <visual_scene id="scene">
      <node id="node0" name="node0">
        <instance_geometry url="#3ece3d21d11c4087b05d3bd5abf6e2fd">
          <bind_material>
            <technique_common>
              <instance_material symbol="material0" target="#0de4826e34cc42f6bae2d10ad81c2cf1" />
            </technique_common>
          </bind_material>
        </instance_geometry>
      </node>
    </visual_scene>
  </library_visual_scenes>
  <scene>
    <instance_visual_scene url="#scene" />
  </scene>
</COLLADA>
